Metric,Value
Number of tests,926
Number correct,688
Accuracy rate,74.30%

row_num,problem_id,image_name,question_idx,question,model_answer,ground_truth,correct
2,1065658,0a70eabf-c272-4d6b-a271-f44470be10dc.jpeg,0,Did students label the number line correctly?,YES,YES,True
2,1065658,0a70eabf-c272-4d6b-a271-f44470be10dc.jpeg,1,Did students use arrows to indicate the direction of movement on the number line?,YES,YES,True
2,1065658,0a70eabf-c272-4d6b-a271-f44470be10dc.jpeg,2,Is the final answer clearly marked on the number line?,YES,YES,True
2,1065658,0a70eabf-c272-4d6b-a271-f44470be10dc.jpeg,3,Did the student label the magnitude of each arrow on the number line diagram?,NO,NO,True
2,1065658,0a70eabf-c272-4d6b-a271-f44470be10dc.jpeg,4,Did the student use straight arrows or curved arrows to represent the sum of the integers on the number line diagram?,STRAIGHT ARROWS,NO,False
4,1065658,2b804ad7-6c17-4ae9-b830-17d3bfc445b2.png,0,Did students label the number line correctly?,YES,YES,True
4,1065658,2b804ad7-6c17-4ae9-b830-17d3bfc445b2.png,1,Did students use arrows to indicate the direction of movement on the number line?,NO,NO,True
4,1065658,2b804ad7-6c17-4ae9-b830-17d3bfc445b2.png,2,Is the final answer clearly marked on the number line?,NO,NO,True
4,1065658,2b804ad7-6c17-4ae9-b830-17d3bfc445b2.png,3,Did the student label the magnitude of each arrow?,NO,NO,True
5,1065658,56005c1c-8182-423a-93cd-db884a59f7b0.png,0,Did students label the number line correctly?,YES,YES,True
5,1065658,56005c1c-8182-423a-93cd-db884a59f7b0.png,1,Did students use arrows to indicate the direction of movement on the number line?,NO,NO,True
5,1065658,56005c1c-8182-423a-93cd-db884a59f7b0.png,2,Is the final answer clearly marked on the number line?,NO,NO,True
5,1065658,56005c1c-8182-423a-93cd-db884a59f7b0.png,3,Did the student label the magnitude of each arrow on the number line?,NO,NO,True
3,1065658,2292f546-86ba-4150-9888-eb4ea29067bf.jpeg,0,Did students label the number line correctly?,YES,YES,True
3,1065658,2292f546-86ba-4150-9888-eb4ea29067bf.jpeg,1,Did students use arrows to indicate the direction of movement on the number line?,YES,YES,True
3,1065658,2292f546-86ba-4150-9888-eb4ea29067bf.jpeg,2,Is the final answer clearly marked on the number line?,NO,NO,True
3,1065658,2292f546-86ba-4150-9888-eb4ea29067bf.jpeg,3,Did the student label the magnitude of each arrow?,NO,NO,True
1,1065658,04255753-0b36-495d-87eb-1e3cd0c97634.jpeg,0,Did students label the number line correctly?,NO,YES,False
1,1065658,04255753-0b36-495d-87eb-1e3cd0c97634.jpeg,1,Did students use arrows to indicate the direction of movement on the number line?,YES,YES,True
1,1065658,04255753-0b36-495d-87eb-1e3cd0c97634.jpeg,2,Is the final answer clearly marked on the number line?,YES,YES,True
1,1065658,04255753-0b36-495d-87eb-1e3cd0c97634.jpeg,3,Does the student label the magnitude of each arrow?,NO,NO,True
6,1065658,80545ef3-0616-4318-8bc3-ce431ef79f9f.jpeg,0,Did students label the number line correctly?,NO,YES,False
6,1065658,80545ef3-0616-4318-8bc3-ce431ef79f9f.jpeg,1,Did students use arrows to indicate the direction of movement on the number line?,NO,NO,True
6,1065658,80545ef3-0616-4318-8bc3-ce431ef79f9f.jpeg,2,Is the final answer clearly marked on the number line?,NO,NO,True
6,1065658,80545ef3-0616-4318-8bc3-ce431ef79f9f.jpeg,3,Does the depiction of each addend start at the end of the depiction of the previous addend?,YES,NO,False
9,1065658,a5c95313-cfb3-4455-8a8c-de8efcfc9847.png,0,Did students label the number line correctly?,NO,NO,True
9,1065658,a5c95313-cfb3-4455-8a8c-de8efcfc9847.png,1,Did students use arrows to indicate the direction of movement on the number line?,NO,YES,False
9,1065658,a5c95313-cfb3-4455-8a8c-de8efcfc9847.png,2,Is the final answer clearly marked on the number line?,NO,NO,True
9,1065658,a5c95313-cfb3-4455-8a8c-de8efcfc9847.png,3,Did the student label each addend on the number line?,NO,NO,True
8,1065658,8ef9d302-d398-405c-990c-b7e5c7cf3be4.png,0,Did students label the number line correctly?,YES,YES,True
8,1065658,8ef9d302-d398-405c-990c-b7e5c7cf3be4.png,1,Did students use arrows to indicate the direction of movement on the number line?,YES,YES,True
8,1065658,8ef9d302-d398-405c-990c-b7e5c7cf3be4.png,2,Is the final answer clearly marked on the number line?,NO,YES,False
11,1065658,d3e07e18-11c1-4f8e-8cfa-32ef8a9a560e.jpeg,0,Did students label the number line correctly?,YES,YES,True
11,1065658,d3e07e18-11c1-4f8e-8cfa-32ef8a9a560e.jpeg,1,Did students use arrows to indicate the direction of movement on the number line?,NO,YES,False
11,1065658,d3e07e18-11c1-4f8e-8cfa-32ef8a9a560e.jpeg,2,Is the final answer clearly marked on the number line?,NO,YES,False
10,1065658,b4214e02-e3fb-41ea-8339-a450fce2c071.png,0,Did students label the number line correctly?,NO,YES,False
10,1065658,b4214e02-e3fb-41ea-8339-a450fce2c071.png,1,Did students use arrows to indicate the direction of movement on the number line?,NO,YES,False
10,1065658,b4214e02-e3fb-41ea-8339-a450fce2c071.png,2,Is the final answer clearly marked on the number line?,NO,YES,False
7,1065658,8cbadb4e-42f0-43eb-abef-6c652c1d0542.jpeg,0,Did students label the number line correctly?,YES,YES,True
7,1065658,8cbadb4e-42f0-43eb-abef-6c652c1d0542.jpeg,1,Did students use arrows to indicate the direction of movement on the number line?,NO,NO,True
7,1065658,8cbadb4e-42f0-43eb-abef-6c652c1d0542.jpeg,2,Is the final answer clearly marked on the number line?,NO,YES,False
7,1065658,8cbadb4e-42f0-43eb-abef-6c652c1d0542.jpeg,3,Did the student label the magnitude of each addend on the number line?,NO,NO,True
12,1065658,e33295ea-2b5c-4952-a53f-1fc2f288f4a7.jpeg,0,Did students label the number line correctly?,YES,YES,True
12,1065658,e33295ea-2b5c-4952-a53f-1fc2f288f4a7.jpeg,1,Did students use arrows to indicate the direction of movement on the number line?,NO,NO,True
12,1065658,e33295ea-2b5c-4952-a53f-1fc2f288f4a7.jpeg,2,Is the final answer clearly marked on the number line?,YES,YES,True
14,1066525,0cbf496f-4429-4a5b-ad41-8737be8dc29c.jpeg,0,Did the student correctly differentiate between the legs and the hypoteneuse?,YES,YES,True
15,1066525,26de330a-1430-4592-bd6f-4511ba1c49f1.png,0,Did the student correctly differentiate between the legs and the hypoteneuse?,YES,YES,True
13,1065658,f0738571-7208-4c44-9083-11f5535cf3b4.jpeg,0,Did students label the number line correctly?,YES,YES,True
13,1065658,f0738571-7208-4c44-9083-11f5535cf3b4.jpeg,1,Did students use arrows to indicate the direction of movement on the number line?,NO,NO,True
13,1065658,f0738571-7208-4c44-9083-11f5535cf3b4.jpeg,2,Is the final answer clearly marked on the number line?,NO,YES,False
17,1066525,312e4a9d-da18-47ac-9bbb-9b51eb8252cb.jpeg,0,Did the student correctly differentiate between the legs and the hypoteneuse?,YES,YES,True
18,1066525,38c71e85-7fea-458d-9ebe-955ded2fd5ce.jpeg,0,Did the student correctly differentiate between the legs and the hypoteneuse?,YES,YES,True
19,1066525,44d4fea0-8cf5-445b-98b3-1b3d62ce617c.jpeg,0,Did the student correctly differentiate between the legs and the hypoteneuse?,YES,YES,True
16,1066525,275ead9b-03d7-4ae7-8764-eb5eceff807e.png,0,Did the student correctly differentiate between the legs and the hypoteneuse?,YES,YES,True
21,1066525,7d69e46a-a244-41bc-9d4b-7c26620d74d5.png,0,Did the student correctly differentiate between the legs and the hypoteneuse?,YES,YES,True
20,1066525,7cced3ee-6560-4c04-8af6-c2885c15fb93.jpeg,0,Did the student correctly differentiate between the legs and the hypoteneuse?,YES,YES,True
24,1066525,b94bc548-da8c-420c-a259-da442e1c417f.jpeg,0,Did the student correctly differentiate between the legs and the hypoteneuse?,YES,YES,True
22,1066525,8ba1e3c4-07dc-421c-bb33-e7cd7c6bc6b1.png,0,Did the student correctly differentiate between the legs and the hypoteneuse?,YES,YES,True
25,1066525,ccef0c51-10f3-4af9-b2cf-b6b10769479d.jpeg,0,Did the student correctly differentiate between the legs and the hypoteneuse?,YES,YES,True
23,1066525,98aa4971-50a1-41ee-9df8-7b1884eeff7d.png,0,Did the student correctly differentiate between the legs and the hypoteneuse?,NO,YES,False
28,1066525,eefba64c-8d9b-4130-bc74-8ea7499fde66.jpeg,0,Did the student correctly differentiate between the legs and the hypoteneuse?,YES,NO,False
27,1066525,e42732e9-3fa4-488e-808a-e4f1b8b7f303.jpeg,0,Did the student correctly differentiate between the legs and the hypoteneuse?,YES,YES,True
26,1066525,dd8d3e19-7538-483d-a977-5324ebdcf1b2.jpeg,0,Did the student correctly differentiate between the legs and the hypoteneuse?,NO,YES,False
30,1066769,11714771-3bae-4b97-96c7-418aba7ae879.jpeg,0,Does the formula the student used match the number line model?,YES,YES,True
29,1066769,0bb9bd09-5694-4a71-893a-4f1e28bf7c28.jpeg,0,Does the formula the student used match the number line model?,NO,NO,True
31,1066769,1d71180e-3fce-4c8e-842c-a141421b72fa.jpeg,0,Does the formula the student used match the number line model?,YES,YES,True
33,1066769,3535abe9-ba97-4d29-af84-6a612ca25539.jpeg,0,Does the formula the student used match the number line model?,YES,YES,True
32,1066769,25d5fdf4-5007-4d7c-b503-bd8ac829e607.jpeg,0,Does the formula the student used match the number line model?,NO,YES,False
34,1066769,55937e96-da9b-443c-8f1e-4b6e1035b29b.jpeg,0,Does the formula the student used match the number line model?,YES,YES,True
37,1066769,b73fb06f-c997-4594-9f88-91a165ee69ca.png,0,Does the formula the student used match the number line model?,NO,NO,True
35,1066769,801d70da-3db7-47ca-a6c9-6571d8be4e73.png,0,Does the formula the student used match the number line model?,NO,YES,False
39,1066769,e91ba2f8-f9df-49a3-9f72-2c5fa2f2d9e0.jpeg,0,Does the formula the student used match the number line model?,NO,NO,True
38,1066769,d45e81b2-2271-49aa-a314-7b2d0d7a072d.jpeg,0,Does the formula the student used match the number line model?,NO,NO,True
40,1066769,edd4f9f0-1e97-46c2-958d-f9c19e3eb0d4.jpeg,0,Does the formula the student used match the number line model?,YES,NO,False
36,1066769,9b548fbb-5bf8-45f9-a24c-a114e01b1eb7.jpeg,0,Does the formula the student used match the number line model?,NO,YES,False
42,1066816,00a97a80-2884-438b-a34d-adacbbf2058f.png,0,Did the student correctly represent the water level using negative numbers?,NO,NO,True
42,1066816,00a97a80-2884-438b-a34d-adacbbf2058f.png,1,Did the student draw a horizontal number line diagram?,NO,YES,False
42,1066816,00a97a80-2884-438b-a34d-adacbbf2058f.png,2,Did the student label 0 as the normal water level on the diagram?,NO,NO,True
41,1066769,ee507113-578f-40c2-a721-f3b7fe6358d0.jpeg,0,Does the formula the student used match the number line model?,YES,NO,False
44,1066816,20d2b8f9-cd36-442a-8e70-045138787f90.jpeg,0,Did the student correctly represent the water level using negative numbers?,YES,NO,False
44,1066816,20d2b8f9-cd36-442a-8e70-045138787f90.jpeg,1,Did the student draw a horizontal number line diagram?,YES,YES,True
44,1066816,20d2b8f9-cd36-442a-8e70-045138787f90.jpeg,2,Did the student label 0 as the normal water level on the diagram?,YES,NO,False
43,1066816,0826de7b-5f90-471d-8951-e5044117341c.png,0,Did the student correctly represent the water level using negative numbers?,NO,NO,True
43,1066816,0826de7b-5f90-471d-8951-e5044117341c.png,1,Did the student draw a horizontal number line diagram?,NO,YES,False
43,1066816,0826de7b-5f90-471d-8951-e5044117341c.png,2,Did the student label 0 as the normal water level on the diagram?,NO,NO,True
45,1066816,67a02367-5fb8-461b-bb60-3fc053cc9ab9.jpeg,0,Did the student correctly represent the water level using negative numbers?,YES,YES,True
45,1066816,67a02367-5fb8-461b-bb60-3fc053cc9ab9.jpeg,1,Did the student draw a horizontal number line diagram?,YES,YES,True
45,1066816,67a02367-5fb8-461b-bb60-3fc053cc9ab9.jpeg,2,Did the student label 0 as the normal water level on the diagram?,NO,NO,True
47,1066816,8b74a953-5262-4e18-8a31-b4039aafa266.jpeg,0,Did the student correctly represent the water level using negative numbers?,NO,NO,True
47,1066816,8b74a953-5262-4e18-8a31-b4039aafa266.jpeg,1,Did the student draw a horizontal number line diagram?,YES,YES,True
47,1066816,8b74a953-5262-4e18-8a31-b4039aafa266.jpeg,2,Did the student label 0 as the normal water level on the diagram?,NO,NO,True
48,1066816,a12e8fec-22b0-4622-8fa5-2b0a6c595383.jpeg,0,Did the student correctly represent the water level using negative numbers?,YES,NO,False
48,1066816,a12e8fec-22b0-4622-8fa5-2b0a6c595383.jpeg,1,Did the student draw a horizontal number line diagram?,YES,YES,True
48,1066816,a12e8fec-22b0-4622-8fa5-2b0a6c595383.jpeg,2,Did the student label 0 as the normal water level on the diagram?,YES,NO,False
46,1066816,80207e6c-ce8f-4779-ae8a-4f0f7cfc936a.jpeg,0,Did the student correctly represent the water level using negative numbers?,YES,NO,False
46,1066816,80207e6c-ce8f-4779-ae8a-4f0f7cfc936a.jpeg,1,Did the student draw a horizontal number line diagram?,YES,YES,True
46,1066816,80207e6c-ce8f-4779-ae8a-4f0f7cfc936a.jpeg,2,Did the student label 0 as the normal water level on the diagram?,NO,NO,True
49,1066816,b91af8c8-4ab3-4807-b3e9-80189d0e3f9a.png,0,Did the student correctly represent the water level using negative numbers?,NO,NO,True
49,1066816,b91af8c8-4ab3-4807-b3e9-80189d0e3f9a.png,1,Did the student draw a horizontal number line diagram?,NO,YES,False
49,1066816,b91af8c8-4ab3-4807-b3e9-80189d0e3f9a.png,2,Did the student label 0 as the normal water level on the diagram?,NO,YES,False
50,1066816,c1e61987-501a-4bcb-9eda-02bcf269c704.png,0,Did the student correctly represent the water level using negative numbers?,NO,NO,True
50,1066816,c1e61987-501a-4bcb-9eda-02bcf269c704.png,1,Did the student draw a vertical number line diagram?,NO,YES,False
50,1066816,c1e61987-501a-4bcb-9eda-02bcf269c704.png,2,Did the student label 0 as the normal water level on the diagram?,NO,NO,True
51,1066816,e45adf34-47d1-4e6d-a8c9-ac58ac0faccb.png,0,Did the student correctly represent the water level using negative numbers?,NO,NO,True
51,1066816,e45adf34-47d1-4e6d-a8c9-ac58ac0faccb.png,1,Did the student draw a horizontal number line diagram?,NO,YES,False
51,1066816,e45adf34-47d1-4e6d-a8c9-ac58ac0faccb.png,2,Did the student label 0 as the normal water level on the diagram?,NO,NO,True
54,1066819,2f42939e-6f26-4954-9ba0-40dda0aeeab6.jpeg,0,Did the student use a vertical number line to model this problem?,YES,YES,True
54,1066819,2f42939e-6f26-4954-9ba0-40dda0aeeab6.jpeg,1,Does the student's answer match the number line diagram?,YES,YES,True
52,1066819,161be5c1-1cb7-4811-9ded-b142b54df59a.jpeg,0,Did the student use a horizontal number line to model this problem?,YES,YES,True
52,1066819,161be5c1-1cb7-4811-9ded-b142b54df59a.jpeg,1,Does the student's answer match the number line diagram?,YES,NO,False
53,1066819,2bd3b27b-c990-45b1-b3e0-7855da385a6b.png,0,Did the student use a horizontal number line to model this problem?,YES,YES,True
53,1066819,2bd3b27b-c990-45b1-b3e0-7855da385a6b.png,1,Does the student's answer match the number line diagram?,NO,NO,True
57,1066819,483bde13-b412-4858-9b9d-ef244c13ca98.png,0,Did the student use a horizontal number line to model this problem?,YES,YES,True
57,1066819,483bde13-b412-4858-9b9d-ef244c13ca98.png,1,Does the student's answer match the number line diagram?,NO,YES,False
56,1066819,3f7125d1-a084-48a6-b606-3edb36837c71.jpeg,0,Did the student use a horizontal number line to model this problem?,YES,YES,True
56,1066819,3f7125d1-a084-48a6-b606-3edb36837c71.jpeg,1,Does the student's answer match the number line diagram?,NO,YES,False
58,1066819,5bf4a6b3-601a-4578-9171-34c3b21c9fcf.jpeg,0,Did the student use a horizontal number line to model this problem?,YES,YES,True
58,1066819,5bf4a6b3-601a-4578-9171-34c3b21c9fcf.jpeg,1,Does the student's answer match the number line diagram?,YES,YES,True
55,1066819,377c0fd4-a0e0-4091-8a14-42f407ac05fb.jpeg,0,Did the student use a horizontal number line to model this problem?,YES,YES,True
55,1066819,377c0fd4-a0e0-4091-8a14-42f407ac05fb.jpeg,1,Does the student's answer match the number line diagram?,YES,NO,False
59,1066819,5f37bea7-209b-49d9-b7cc-06d2abd39124.png,0,Did the student use a horizontal number line to model this problem?,NO,YES,False
59,1066819,5f37bea7-209b-49d9-b7cc-06d2abd39124.png,1,Does the student's answer match the number line diagram?,NO,NO,True
60,1066819,61bccabc-1500-40e2-ab76-c69ded4bcc16.png,0,Did the student use a vertical number line to model this problem?,NO,YES,False
60,1066819,61bccabc-1500-40e2-ab76-c69ded4bcc16.png,1,Does the student's answer match the number line diagram?,NO,YES,False
63,1066819,b4539436-38b4-4dda-87e5-aacc28e40130.jpeg,0,Did the student use a horizontal or vertical number line to model this problem?,THE STUDENT DID NOT USE A NUMBER LINE DIAGRAM.,NO,False
63,1066819,b4539436-38b4-4dda-87e5-aacc28e40130.jpeg,1,Does the student's answer match the number line diagram?,NO,NO,True
64,1066819,deae1247-d706-4178-89f3-1f4e71060359.jpeg,0,Did the student use a vertical number line to model this problem?,YES,YES,True
64,1066819,deae1247-d706-4178-89f3-1f4e71060359.jpeg,1,Does the student's answer match the number line diagram?,YES,YES,True
65,1066820,27f288e8-6b14-4d9f-b4cd-9db39543b882.jpeg,0,Did the student use a horizontal number line to model this problem?,YES,YES,True
66,1066820,2ff9f5b0-db48-46c2-afff-3041e517cfd6.jpeg,0,Did the student use a horizontal number line to model this problem?,YES,YES,True
61,1066819,7438b611-d296-47e6-8507-e898337dce11.jpeg,0,Did the student use a vertical number line to model this problem?,YES,YES,True
61,1066819,7438b611-d296-47e6-8507-e898337dce11.jpeg,1,Does the student's answer match the number line diagram?,YES,YES,True
68,1066820,6dc3dd0c-0460-4539-ad08-528a028afd93.jpeg,0,Did the student use a horizontal number line to model this problem?,YES,YES,True
69,1066820,88402054-bb18-4e68-8f95-ad9f9de33b74.png,0,Did the student use a horizontal number line to model this problem?,YES,YES,True
67,1066820,5568fa07-b294-40d7-9662-2906c21b28cb.jpeg,0,Did the student use a horizontal or vertical number line to model this problem?,NO,NO,True
71,1066820,a0bec6da-7c2d-47b6-98e1-09d6f9ceaae3.png,0,Did the student use a horizontal number line to model this problem?,YES,YES,True
70,1066820,9dbd56d5-c0ac-4119-82d3-5432ca4d73cd.jpeg,0,Did the student use a horizontal or vertical number line to model this problem?,NO,NO,True
72,1066820,a8f69f2b-95df-4720-b0d0-11990b06d2d7.jpeg,0,Did the student use a horizontal number line to model this problem?,YES,YES,True
62,1066819,93a06158-065e-43bc-a572-d889e24417ca.jpeg,0,Did the student use a horizontal number line to model this problem?,YES,YES,True
62,1066819,93a06158-065e-43bc-a572-d889e24417ca.jpeg,1,Does the student's answer match the number line diagram?,NO,NO,True
73,1066820,a9352065-a427-46e3-a043-78c7c8e652fc.jpeg,0,Did the student use a horizontal number line to model this problem?,YES,YES,True
74,1066820,c34286af-81b2-49ea-ae00-52c0d71312b5.jpeg,0,Did the student use a horizontal number line to model this problem?,YES,YES,True
75,1066820,d93ef0ca-ed8a-4438-96cb-ba3fbf57a78a.jpeg,0,Did the student use a horizontal number line to model this problem?,YES,YES,True
76,1130632,10baecbd-c964-428c-9227-d9ac862f6aed.jpeg,0,Did the student correctly draw five dots in each row in their array?,NO,NO,True
76,1130632,10baecbd-c964-428c-9227-d9ac862f6aed.jpeg,1,Did the student correctly draw two rows in their array?,YES,YES,True
76,1130632,10baecbd-c964-428c-9227-d9ac862f6aed.jpeg,2,Did the student draw a rectangular array?,YES,YES,True
78,1130632,3446a6e2-f16f-4b2f-a985-918fb7b9a2c1.jpeg,0,Did the student correctly draw five dots in each row in their array?,NO,NO,True
78,1130632,3446a6e2-f16f-4b2f-a985-918fb7b9a2c1.jpeg,1,Did the student correctly draw two rows in their array?,NO,NO,True
78,1130632,3446a6e2-f16f-4b2f-a985-918fb7b9a2c1.jpeg,2,Did the student draw a rectangular array?,YES,YES,True
79,1130632,388cb3b7-4b2d-4aad-80ad-218bb83a4946.jpeg,0,Did the student correctly draw five dots in each row in their array?,YES,NO,False
79,1130632,388cb3b7-4b2d-4aad-80ad-218bb83a4946.jpeg,1,Did the student correctly draw two rows in their array?,YES,NO,False
79,1130632,388cb3b7-4b2d-4aad-80ad-218bb83a4946.jpeg,2,Did the student draw a rectangular array?,YES,NO,False
77,1130632,2b358d81-ef56-4a91-a29d-7ec593fe5c3f.jpeg,0,Did the student correctly draw five dots in each row in their array?,YES,NO,False
77,1130632,2b358d81-ef56-4a91-a29d-7ec593fe5c3f.jpeg,1,Did the student correctly draw two rows in their array?,YES,NO,False
77,1130632,2b358d81-ef56-4a91-a29d-7ec593fe5c3f.jpeg,2,Did the student draw a rectangular array?,YES,NO,False
81,1130632,3d491565-f8c8-48bf-91cd-10c0c737f514.jpeg,0,Did the student correctly draw five dots in each row in their array?,YES,YES,True
81,1130632,3d491565-f8c8-48bf-91cd-10c0c737f514.jpeg,1,Did the student correctly draw two rows in their array?,YES,YES,True
81,1130632,3d491565-f8c8-48bf-91cd-10c0c737f514.jpeg,2,Did the student draw a rectangular array?,YES,YES,True
82,1130632,3e7c051f-ae26-4de3-9f1a-78c02bd9f503.jpeg,0,Did the student correctly draw five dots in each row in their array?,NO,NO,True
82,1130632,3e7c051f-ae26-4de3-9f1a-78c02bd9f503.jpeg,1,Did the student correctly draw two rows in their array?,YES,YES,True
82,1130632,3e7c051f-ae26-4de3-9f1a-78c02bd9f503.jpeg,2,Did the student draw a rectangular array?,YES,YES,True
80,1130632,3a95f227-c270-4ad6-8417-f2ec392b7005.jpeg,0,Did the student correctly draw five dots in each row in their array?,YES,YES,True
80,1130632,3a95f227-c270-4ad6-8417-f2ec392b7005.jpeg,1,Did the student correctly draw two rows in their array?,YES,YES,True
80,1130632,3a95f227-c270-4ad6-8417-f2ec392b7005.jpeg,2,Did the student draw a rectangular array?,YES,YES,True
83,1130632,99c36717-4145-4c85-a496-609e3a106bfb.jpeg,0,Did the student correctly draw five dots in each row in their array?,NO,NO,True
83,1130632,99c36717-4145-4c85-a496-609e3a106bfb.jpeg,1,Did the student correctly draw two rows in their array?,YES,YES,True
83,1130632,99c36717-4145-4c85-a496-609e3a106bfb.jpeg,2,Did the student draw a rectangular array?,NO,YES,False
85,1130632,cd32ba0e-92b0-4206-8886-2fef8f956ed3.jpeg,0,Did the student correctly draw five dots in each row in their array?,YES,NO,False
85,1130632,cd32ba0e-92b0-4206-8886-2fef8f956ed3.jpeg,1,Did the student correctly draw two rows in their array?,YES,NO,False
85,1130632,cd32ba0e-92b0-4206-8886-2fef8f956ed3.jpeg,2,Did the student draw a rectangular array?,YES,NO,False
84,1130632,a25d30d1-e9ac-4f95-8df8-44fc223797eb.jpeg,0,Did the student correctly draw five dots in each row in their array?,YES,NO,False
84,1130632,a25d30d1-e9ac-4f95-8df8-44fc223797eb.jpeg,1,Did the student correctly draw two rows in their array?,YES,NO,False
84,1130632,a25d30d1-e9ac-4f95-8df8-44fc223797eb.jpeg,2,Did the student draw a rectangular array?,NO,NO,True
86,1130632,d1fc81ea-fb41-4a15-b82b-9e28f731c0f0.jpeg,0,Did the student correctly draw five dots in each row in their array?,NO,NO,True
86,1130632,d1fc81ea-fb41-4a15-b82b-9e28f731c0f0.jpeg,1,Did the student correctly draw two rows in their array?,NO,NO,True
86,1130632,d1fc81ea-fb41-4a15-b82b-9e28f731c0f0.jpeg,2,Did the student draw a rectangular array?,YES,YES,True
87,1130632,dff7d4b6-02ef-40bf-8c91-290da61e8e42.jpeg,0,Did the student correctly draw five dots in each row in their array?,YES,YES,True
87,1130632,dff7d4b6-02ef-40bf-8c91-290da61e8e42.jpeg,1,Did the student correctly draw two rows in their array?,YES,YES,True
87,1130632,dff7d4b6-02ef-40bf-8c91-290da61e8e42.jpeg,2,Did the student draw a rectangular array?,YES,YES,True
89,1130648,3761f796-9c7d-431b-86e8-436e363384df.jpeg,0,Did the student correctly write 3x6=18 to describe the array?,YES,YES,True
91,1130648,4d876298-454e-44e0-9267-5bce7c9e411f.jpeg,0,Did the student correctly write 3x6=18 to describe the array?,NO,YES,False
90,1130648,3f268b62-59f8-447f-a5ac-4ff508210a2b.jpeg,0,Did the student correctly write 3x6=18 to describe the array?,NO,NO,True
92,1130648,52698222-a0bc-4b2a-8cdb-5168ba5e2570.jpeg,0,Did the student correctly write 3x6=18 to describe the array?,NO,YES,False
93,1130648,67abc859-7b32-4f97-ac16-cf49ae734668.jpeg,0,Did the student correctly write 3x6=18 to describe the array?,NO,NO,True
88,1130632,f69ba77c-306d-41fc-9365-58424748b7bf.jpeg,0,Did the student correctly draw five dots in each row in their array?,NO,NO,True
88,1130632,f69ba77c-306d-41fc-9365-58424748b7bf.jpeg,1,Did the student correctly draw two rows in their array?,NO,NO,True
88,1130632,f69ba77c-306d-41fc-9365-58424748b7bf.jpeg,2,Did the student draw a rectangular array?,NO,NO,True
94,1130648,74f20c66-26eb-4445-ab67-20d999f95ffa.jpeg,0,Did the student correctly write 3x6=18 to describe the array?,NO,NO,True
97,1130648,c7b27dff-4d26-4853-9d16-ea6452df3dde.jpeg,0,Did the student correctly write 3x6=18 to describe the array?,NO,YES,False
98,1130648,c7d6b338-e151-430b-ba3b-120db2b479bc.jpeg,0,Did the student correctly write 3x6=18 to describe the array?,YES,YES,True
95,1130648,98382d6c-efcf-4631-afca-00927d043323.jpeg,0,Did the student correctly write 3x6=18 to describe the array?,NO,NO,True
96,1130648,a318e406-88da-4ff7-87e0-d192cff29d61.jpeg,0,Did the student correctly write 3x6=18 to describe the array?,NO,NO,True
101,1130648,f79044ce-3ed1-43d3-8e83-66e20e07020b.jpeg,0,Did the student correctly write 3x6=18 to describe the array?,YES,YES,True
99,1130648,cad91cf3-538c-4b0b-a5ea-f74a7c22bb41.jpeg,0,Did the student correctly write 3x6=18 to describe the array?,YES,YES,True
100,1130648,d114b635-a5dc-4f95-a1e6-36f5311f3f75.jpeg,0,Did the student correctly write 3x6=18 to describe the array?,NO,NO,True
103,1139245,3b9529d0-3045-4bde-8569-99f967020b26.jpeg,0,Did the student correctly create 5 groups of 3 balls?,YES,YES,True
104,1139245,441847f9-84fe-4623-afcf-36737f39af01.jpeg,0,Did the student correctly create 5 groups of 3 balls?,NO,NO,True
102,1139245,3a109f71-11cb-4817-872f-bb23bfeca1c4.jpeg,0,Did the student correctly create 5 groups of 3 balls?,NO,YES,False
107,1139245,8b911a43-3a35-4f24-b066-3dd37af6d8be.jpeg,0,Did the student correctly create 5 groups of 3 balls?,YES,YES,True
106,1139245,84d4691c-d988-4822-a812-3da5de297c0a.jpeg,0,Did the student correctly create 5 groups of 3 balls?,NO,YES,False
105,1139245,46865308-df50-4224-a933-2eaadf890ee5.jpeg,0,Did the student correctly create 5 groups of 3 balls?,YES,YES,True
108,1139245,8c9dbd3b-1c26-4a89-80a8-be8387d95e4c.jpeg,0,Did the student correctly create 5 groups of 3 balls?,NO,YES,False
109,1139245,c0efe915-8189-4a0f-b022-e189e280e8e2.jpeg,0,Did the student correctly create 5 groups of 3 balls?,YES,YES,True
110,1139245,df2c4b0a-b490-4a29-9234-47422683239b.jpeg,0,Did the student correctly create 5 groups of 3 balls?,YES,YES,True
112,1139245,e5f55e28-66c7-4146-b712-a3f441ea564b.jpeg,0,Did the student correctly create 5 groups of 3 balls?,NO,YES,False
114,1139245,fa40168e-7784-431a-97ba-bb0f52712233.jpeg,0,Did the student correctly create 5 groups of 3 balls?,YES,YES,True
113,1139245,f147039e-b4f8-4a08-ad77-c1188159bf9f.jpeg,0,Did the student correctly create 5 groups of 3 balls?,NO,YES,False
111,1139245,e4f23e92-7543-4257-9ee0-6b89e76a7a1f.jpeg,0,Did the student correctly create 5 groups of 3 balls?,NO,YES,False
130,1139607,398c9957-63c6-485b-aeb4-1113450158e9.jpeg,0,Are the note cards arranged into two rows of six?,YES,YES,True
130,1139607,398c9957-63c6-485b-aeb4-1113450158e9.jpeg,1,Are the note cards arranged into two rows?,YES,YES,True
130,1139607,398c9957-63c6-485b-aeb4-1113450158e9.jpeg,2,Did the student use an array to represent this problem?,YES,YES,True
129,1139607,255d8258-ea32-4fe0-b564-7908b88367ab.jpeg,0,Are the note cards arranged into two rows of six?,NO,NO,True
129,1139607,255d8258-ea32-4fe0-b564-7908b88367ab.jpeg,1,Are the note cards arranged into two rows?,NO,NO,True
129,1139607,255d8258-ea32-4fe0-b564-7908b88367ab.jpeg,2,Did the student use an array to represent this problem?,NO,NO,True
131,1139607,47864fcb-d4d0-4d4b-afb0-1465015db89f.jpeg,0,Are the note cards arranged into two rows of six?,NO,NO,True
131,1139607,47864fcb-d4d0-4d4b-afb0-1465015db89f.jpeg,1,Are the note cards arranged into two rows?,NO,NO,True
131,1139607,47864fcb-d4d0-4d4b-afb0-1465015db89f.jpeg,2,Did the student use an array to represent this problem?,NO,NO,True
133,1139607,56b985d8-6a92-4c9b-b118-57c034884437.jpeg,0,Are the note cards arranged into two rows of six?,YES,YES,True
133,1139607,56b985d8-6a92-4c9b-b118-57c034884437.jpeg,1,Are the note cards arranged into two rows?,YES,YES,True
133,1139607,56b985d8-6a92-4c9b-b118-57c034884437.jpeg,2,Did the student use an array to represent this problem?,YES,YES,True
134,1139607,5efe51d5-f2bb-407d-bf60-33d191a24138.jpeg,0,Are the note cards arranged into two rows of six?,NO,YES,False
134,1139607,5efe51d5-f2bb-407d-bf60-33d191a24138.jpeg,1,Are the note cards arranged into two rows?,YES,YES,True
134,1139607,5efe51d5-f2bb-407d-bf60-33d191a24138.jpeg,2,Did the student use an array to represent this problem?,YES,YES,True
135,1139607,6b91b152-5831-4185-a8f7-c8b626f62728.jpeg,0,Are the note cards arranged into two rows of six?,YES,YES,True
135,1139607,6b91b152-5831-4185-a8f7-c8b626f62728.jpeg,1,Are the note cards arranged into two rows?,YES,YES,True
135,1139607,6b91b152-5831-4185-a8f7-c8b626f62728.jpeg,2,Did the student use an array to represent this problem?,YES,YES,True
132,1139607,4e034c74-7774-4a40-a0ab-ef5c4e0224d7.jpeg,0,Are the note cards arranged into two rows of six?,NO,YES,False
132,1139607,4e034c74-7774-4a40-a0ab-ef5c4e0224d7.jpeg,1,Are the note cards arranged into two rows?,NO,YES,False
132,1139607,4e034c74-7774-4a40-a0ab-ef5c4e0224d7.jpeg,2,Did the student use an array to represent this problem?,YES,YES,True
136,1139607,8ad4487c-bb0d-4c47-8056-f8177e1c2d9d.jpeg,0,Are the note cards arranged into two rows of six?,NO,NO,True
136,1139607,8ad4487c-bb0d-4c47-8056-f8177e1c2d9d.jpeg,1,Are the note cards arranged into two rows?,NO,NO,True
136,1139607,8ad4487c-bb0d-4c47-8056-f8177e1c2d9d.jpeg,2,Did the student use an array to represent this problem?,YES,NO,False
137,1139607,95cf3a9d-f5c7-4df5-b364-db71870f7c93.jpeg,0,Are the note cards arranged into two rows of six?,YES,YES,True
137,1139607,95cf3a9d-f5c7-4df5-b364-db71870f7c93.jpeg,1,Are the note cards arranged into two rows?,YES,YES,True
137,1139607,95cf3a9d-f5c7-4df5-b364-db71870f7c93.jpeg,2,Did the student use an array to represent this problem?,YES,YES,True
139,1139607,a124776f-a038-45a5-9179-7ab1613c88d5.jpeg,0,Are the note cards arranged into two rows of six?,YES,YES,True
139,1139607,a124776f-a038-45a5-9179-7ab1613c88d5.jpeg,1,Are the note cards arranged into two rows?,YES,YES,True
139,1139607,a124776f-a038-45a5-9179-7ab1613c88d5.jpeg,2,Did the student use an array to represent this problem?,YES,YES,True
138,1139607,a018a0ec-d578-485f-9696-9d22d7af21cb.jpeg,0,Are the note cards arranged into two rows of six?,NO,YES,False
138,1139607,a018a0ec-d578-485f-9696-9d22d7af21cb.jpeg,1,Are the note cards arranged into two rows?,YES,YES,True
138,1139607,a018a0ec-d578-485f-9696-9d22d7af21cb.jpeg,2,Did the student use an array to represent this problem?,YES,YES,True
140,1139607,b2a898d6-4cf9-4873-8b64-e7c872ffcb03.jpeg,0,Are the note cards arranged into two rows of six?,NO,NO,True
140,1139607,b2a898d6-4cf9-4873-8b64-e7c872ffcb03.jpeg,1,Are the note cards arranged into two rows?,NO,NO,True
140,1139607,b2a898d6-4cf9-4873-8b64-e7c872ffcb03.jpeg,2,Did the student use an array to represent this problem?,NO,NO,True
143,1188942,069d8ca8-8961-4bc3-8fe2-13887d3f58e1.jpeg,0,Did the student identify that 26 is closer to 30 than to 20?,YES,NO,False
141,1139607,dbb57fc4-37da-420a-a19e-f8c874596e28.jpeg,0,Are the note cards arranged into two rows of six?,NO,NO,True
141,1139607,dbb57fc4-37da-420a-a19e-f8c874596e28.jpeg,1,Are the note cards arranged into two rows?,NO,NO,True
141,1139607,dbb57fc4-37da-420a-a19e-f8c874596e28.jpeg,2,Did the student use an array to represent this problem?,YES,YES,True
144,1188942,0b3110d3-754e-466e-9a44-ecf39dda7fe5.jpeg,0,Did the student identify that 26 is closer to 30 than to 20?,YES,NO,False
142,1139607,f0895da3-189b-4fc0-87db-7cf6d8d1286f.jpeg,0,Are the note cards arranged into two rows of six?,NO,NO,True
142,1139607,f0895da3-189b-4fc0-87db-7cf6d8d1286f.jpeg,1,Are the note cards arranged into two rows?,NO,NO,True
142,1139607,f0895da3-189b-4fc0-87db-7cf6d8d1286f.jpeg,2,Did the student use an array to represent this problem?,YES,YES,True
145,1188942,2487c6c5-912d-4551-b6f2-bc1c2213fa0d.jpeg,0,Did the student identify that 26 is closer to 30 than to 20?,NO,NO,True
146,1188942,4e74b7c2-21ed-46fa-a161-fbc0e8b90d8f.jpeg,0,Did the student identify that 26 is closer to 30 than to 20?,YES,NO,False
147,1188942,5a7d6ee0-ea2c-4039-80c8-9181cc4bb657.jpeg,0,Did the student identify that 26 is closer to 30 than to 20?,NO,NO,True
149,1188942,8ab53a2f-d7d7-4dfb-856d-51d4bb7a13b5.jpeg,0,Did the student identify that 26 is closer to 30 than to 20?,YES,NO,False
148,1188942,7895d8f2-c4c2-484d-bfb9-7c6f4d0f3bc5.jpeg,0,Did the student identify that 26 is closer to 30 than to 20?,YES,YES,True
150,1188942,a1111ddf-3ff5-4579-86ec-a9f2de5b1282.jpeg,0,Did the student identify that 26 is closer to 30 than to 20?,YES,YES,True
152,1188942,baa3d46c-37bc-40ff-8219-ea1bd785d857.jpeg,0,Did the student identify that 26 is closer to 30 than to 20?,YES,NO,False
151,1188942,ade30a9b-0cf2-4eda-8254-ee53a60562b5.jpeg,0,Did the student identify that 26 is closer to 30 than to 20?,YES,NO,False
153,1188942,c8312640-e247-4e99-ae0b-72b333feb2db.jpeg,0,Did the student identify that 26 is closer to 30 than to 20?,YES,YES,True
155,1188942,fd7de4fd-07f7-4169-995e-88f08dc4413f.jpeg,0,Did the student identify that 26 is closer to 30 than to 20?,YES,NO,False
154,1188942,eb37e23a-6a05-4cc7-aa25-7d77bfd29fba.jpeg,0,Did the student identify that 26 is closer to 30 than to 20?,NO,NO,True
156,1189490,12038948-c2bb-4a15-b112-0408c0084b02.jpeg,0,Do the array and the tape diagram both show 18 divided by 2 equals 9?,NO,NO,True
157,1189490,1ef093cd-b981-4db0-a87e-713243d525c1.jpeg,0,Do the array and the tape diagram both show 18 divided by 2 equals 9?,NO,NO,True
161,1189490,53020be1-4ef0-41aa-935d-27e89ea51efe.jpeg,0,Do the array and the tape diagram both show 18 divided by 2 equals 9?,YES,NO,False
160,1189490,505bad11-2bbd-4df4-ab25-a87b4132d01a.jpeg,0,Do the array and the tape diagram both show 18 divided by 2 equals 9?,NO,YES,False
158,1189490,3677d93f-ba81-4d9e-8feb-aadc141a2790.jpeg,0,Do the array and the tape diagram both show 18 divided by 2 equals 9?,NO,NO,True
158,1189490,3677d93f-ba81-4d9e-8feb-aadc141a2790.jpeg,1,Does the student's tape diagram accurately represent the total number of stickers in the problem?,NO,YES,False
159,1189490,49a179ea-ade3-4c9a-875c-5f2385194e36.jpeg,0,Do the array and the tape diagram both show 18 divided by 2 equals 9?,YES,YES,True
164,1189490,768c9dca-9b70-4a39-936f-0248a231ec60.png,0,Do the array and the tape diagram both show 18 divided by 2 equals 9?,YES,NO,False
162,1189490,60e59716-c691-4b05-8c3f-202b5e137147.jpeg,0,Do the array and the tape diagram both show 18 divided by 2 equals 9?,NO,YES,False
163,1189490,6f401d4f-27cb-4493-a94a-a0fbfc65e5c2.jpeg,0,Do the array and the tape diagram both show 18 divided by 2 equals 9?,NO,YES,False
167,1189490,c5418524-3c6a-48b3-a495-1b52a62ea262.jpeg,0,Do the array and the tape diagram both show 18 divided by 2 equals 9?,YES,YES,True
166,1189490,adf797fd-0c8c-433a-9f29-8d6f5e437c8b.jpeg,0,Do the array and the tape diagram both show 18 divided by 2 equals 9?,NO,YES,False
166,1189490,adf797fd-0c8c-433a-9f29-8d6f5e437c8b.jpeg,1,Is there a written response to this question?,NO,NO,True
168,1189490,c9a28a68-1f2f-48ea-acfe-98adbcb98759.jpeg,0,Do the array and the tape diagram both show 18 divided by 2 equals 9?,YES,YES,True
165,1189490,76be28ca-9ab4-4a95-920a-d890254b6268.jpeg,0,Do the array and the tape diagram both show 18 divided by 2 equals 9?,YES,YES,True
171,1212590,13070a73-d63f-4e46-b0df-8b6348347388.jpeg,0,"Did the student correctly box 0/6, 6/6, and 12/6?",NO,YES,False
169,1189490,ecb41d39-7e45-45c4-b7ef-5ce0bd304a83.jpeg,0,Do the array and the tape diagram both show 18 divided by 2 equals 9?,YES,YES,True
172,1212590,14bc5766-113a-4135-88f7-b1f188086d29.jpeg,0,"Did the student correctly box 0/6, 6/6, and 12/6?",NO,YES,False
170,1212590,05f2c44f-ea50-4990-bcf7-b187efcd95a1.jpeg,0,"Did the student correctly box 0/6, 6/6, and 12/6?",YES,YES,True
174,1212590,76afe2af-38bd-476f-9f3d-83f498c23ac2.jpeg,0,"Did the student correctly box 0/6, 6/6, and 12/6?",NO,NO,True
173,1212590,74e8cf54-7bd0-4dc9-a7eb-e08279db38a3.jpeg,0,"Did the student correctly box 0/6, 6/6, and 12/6?",YES,YES,True
175,1212590,7e6e645f-113c-4115-87a8-52116eef8d28.jpeg,0,"Did the student correctly box 0/6, 6/6, and 12/6?",NO,YES,False
176,1212590,b2f91059-7ab5-4b7f-a1d5-4f2b5f238989.jpeg,0,"Did the student correctly box 0/6, 6/6, and 12/6?",YES,NO,False
178,1212590,c5528640-81e2-43f1-b7dd-af600d0796ad.jpeg,0,"Did the student correctly box 0/6, 6/6, and 12/6?",NO,YES,False
177,1212590,c23efa95-ba27-40b4-9376-631cf500e18e.jpeg,0,"Did the student correctly box 0/6, 6/6, and 12/6?",NO,NO,True
179,1212590,ea392b84-56e3-4522-933a-89908577cfa5.jpeg,0,"Did the student correctly box 0/6, 6/6, and 12/6?",NO,YES,False
180,1212590,ec7ce70d-da87-465e-a1b5-adef3c33dcda.jpeg,0,"Did the student correctly box 0/6, 6/6, and 12/6?",YES,YES,True
181,1212590,f623a51f-dd3a-495c-8521-b4fd0bf8e29e.jpeg,0,"Did the student correctly box 0/6, 6/6, and 12/6?",NO,NO,True
182,1212638,00ce6679-7738-4bda-9654-514675db20ba.png,0,Did the student correctly parition each whole into fourths?,YES,YES,True
182,1212638,00ce6679-7738-4bda-9654-514675db20ba.png,1,"Did the student correctly write the wholes 1, 2, and 3 as fractions?",NO,NO,True
184,1212638,0ab024fa-71c6-4342-b5fa-926b25541a71.jpeg,0,Did the student correctly parition each whole into fourths?,NO,NO,True
184,1212638,0ab024fa-71c6-4342-b5fa-926b25541a71.jpeg,1,"Did the student correctly write the wholes 1, 2, and 3 as fractions?",YES,NO,False
185,1212638,1093f036-64e4-453f-a0c5-75d51693372f.jpeg,0,Did the student correctly parition each whole into fourths?,YES,YES,True
185,1212638,1093f036-64e4-453f-a0c5-75d51693372f.jpeg,1,"Did the student correctly write the wholes 1, 2, and 3 as fractions?",NO,NO,True
183,1212638,05b1fbfc-b36b-42cf-8c07-9382a50f70ed.jpeg,0,Did the student correctly parition each whole into fourths?,YES,YES,True
183,1212638,05b1fbfc-b36b-42cf-8c07-9382a50f70ed.jpeg,1,"Did the student correctly write the wholes 1, 2, and 3 as fractions?",YES,YES,True
189,1212638,94e9ff58-574b-4468-a30c-e32cd3dd2425.jpeg,0,Did the student correctly parition each whole into fourths?,NO,NO,True
189,1212638,94e9ff58-574b-4468-a30c-e32cd3dd2425.jpeg,1,"Did the student correctly write the wholes 1, 2, and 3 as fractions?",NO,NO,True
186,1212638,155ce6f2-55f2-442f-863b-d8b77645edcc.jpeg,0,Did the student correctly parition each whole into fourths?,YES,NO,False
186,1212638,155ce6f2-55f2-442f-863b-d8b77645edcc.jpeg,1,"Did the student correctly write the wholes 1, 2, and 3 as fractions?",NO,NO,True
187,1212638,66a62ca4-53d0-4c79-8439-34a1c3f71fba.jpeg,0,Did the student correctly parition each whole into fourths?,YES,YES,True
187,1212638,66a62ca4-53d0-4c79-8439-34a1c3f71fba.jpeg,1,"Did the student correctly write the wholes 1, 2, and 3 as fractions?",NO,NO,True
188,1212638,72a49c64-67e3-41c0-b35e-931a43462abe.jpeg,0,Did the student correctly parition each whole into fourths?,NO,NO,True
188,1212638,72a49c64-67e3-41c0-b35e-931a43462abe.jpeg,1,"Did the student correctly write the wholes 1, 2, and 3 as fractions?",NO,NO,True
192,1212638,bef3e5af-94fa-4d58-822d-88e7d9641106.jpeg,0,Did the student correctly parition each whole into fourths?,YES,YES,True
192,1212638,bef3e5af-94fa-4d58-822d-88e7d9641106.jpeg,1,"Did the student correctly write the wholes 1, 2, and 3 as fractions?",YES,YES,True
190,1212638,98f584a3-9845-47d7-99f3-3500537d95bf.jpeg,0,Did the student correctly parition each whole into fourths?,YES,YES,True
190,1212638,98f584a3-9845-47d7-99f3-3500537d95bf.jpeg,1,"Did the student correctly write the wholes 1, 2, and 3 as fractions?",NO,NO,True
193,1212638,e7d1786f-2e07-4829-ac84-7705c1387ff0.jpeg,0,Did the student correctly parition each whole into fourths?,YES,YES,True
193,1212638,e7d1786f-2e07-4829-ac84-7705c1387ff0.jpeg,1,"Did the student correctly write the wholes 1, 2, and 3 as fractions?",NO,NO,True
191,1212638,a5bec076-f4d4-43e0-aae3-5d859543d9b3.jpeg,0,Did the student correctly parition each whole into fourths?,YES,YES,True
191,1212638,a5bec076-f4d4-43e0-aae3-5d859543d9b3.jpeg,1,"Did the student correctly write the wholes 1, 2, and 3 as fractions?",NO,NO,True
194,1212638,eb1b6b9e-0e30-4a9d-b517-1176be2b82b5.jpeg,0,Did the student correctly parition each whole into fourths?,YES,NO,False
194,1212638,eb1b6b9e-0e30-4a9d-b517-1176be2b82b5.jpeg,1,"Did the student correctly write the wholes 1, 2, and 3 as fractions?",NO,NO,True
197,1212658,1336ae8e-671c-4cc0-8846-9ae80fb07e48.jpeg,0,"Did the student correctly show that 1, 2/2, and 6/6 are all at the same place on the number line?",NO,NO,True
195,1212638,f9e79038-b64f-47a3-a79b-e1146e235194.jpeg,0,Did the student correctly parition each whole into fourths?,NO,NO,True
195,1212638,f9e79038-b64f-47a3-a79b-e1146e235194.jpeg,1,"Did the student correctly write the wholes 1, 2, and 3 as fractions?",NO,NO,True
196,1212658,013230c8-b16a-47b7-a1a3-a465d185a201.jpeg,0,"Did the student correctly show that 1, 2/2, and 6/6 are all at the same place on the number line?",YES,YES,True
198,1212658,1864bdaf-7662-48a7-995c-86cadc247289.jpeg,0,"Did the student correctly show that 1, 2/2, and 6/6 are all at the same place on the number line?",YES,YES,True
199,1212658,28254e01-52cc-4cb7-b553-bb6f3694f5c9.jpeg,0,"Did the student correctly show that 1, 2/2, and 6/6 are all at the same place on the number line?",YES,YES,True
200,1212658,42c47990-6cff-4e4b-893e-2101cac83b10.jpeg,0,"Did the student correctly show that 1, 2/2, and 6/6 are all at the same place on the number line?",YES,YES,True
201,1212658,44e01132-c056-4daf-9515-8fb135484085.jpeg,0,"Did the student correctly show that 1, 2/2, and 6/6 are all at the same place on the number line?",YES,YES,True
202,1212658,72c3e47f-92be-4b7a-a16a-bc31243de3a9.jpeg,0,"Did the student correctly show that 1, 2/2, and 6/6 are all at the same place on the number line?",NO,NO,True
203,1212658,8ca3eeff-7958-4a9d-8483-29968081aa7b.jpeg,0,"Did the student correctly show that 1, 2/2, and 6/6 are all at the same place on the number line?",NO,NO,True
205,1212658,d1f1427d-90da-443d-b1a9-9b73a7a9e20b.jpeg,0,"Did the student correctly show that 1, 2/2, and 6/6 are all at the same place on the number line?",NO,YES,False
204,1212658,cb3a8cce-6b5e-4a70-844f-aa61aecbdaca.jpeg,0,"Did the student correctly show that 1, 2/2, and 6/6 are all at the same place on the number line?",YES,YES,True
204,1212658,cb3a8cce-6b5e-4a70-844f-aa61aecbdaca.jpeg,1,Does this diagram demonstrate 3/6 is equivilent to 1/2?,YES,NO,False
206,1212658,d99cd3f6-15ae-40a3-85d6-cc9f72780fea.jpeg,0,"Did the student correctly show that 1, 2/2, and 6/6 are all at the same place on the number line?",YES,NO,False
207,1212658,dc20426f-702c-46d6-bda8-e6a71491d2bb.jpeg,0,"Did the student correctly show that 1, 2/2, and 6/6 are all at the same place on the number line?",YES,YES,True
208,1212658,e527addd-1027-4f80-a09b-706a234b05b0.jpeg,0,"Did the student correctly show that 1, 2/2, and 6/6 are all at the same place on the number line?",NO,NO,True
209,1213327,0de3e3e7-bcd3-437f-a82b-e3b2f1fbdec9.jpeg,0,Did the student correctly represent that 2 hundreds are equivalent to 20 tens?,YES,YES,True
210,1213327,402ce961-881c-4203-847a-6401af023bf5.jpeg,0,Did the student correctly represent that 2 hundreds are equivalent to 20 tens?,NO,NO,True
211,1213327,4914f7f0-4105-460f-9d7b-93ecb22adc72.jpeg,0,Did the student correctly represent that 2 hundreds are equivalent to 20 tens?,YES,NO,False
213,1213327,532be0e6-7f5d-49f6-93a6-2cf12ac05372.jpeg,0,Did the student correctly represent that 2 hundreds are equivalent to 20 tens?,YES,YES,True
214,1213327,75e2dbde-a983-4bf1-939f-5492a39d136c.jpeg,0,Did the student correctly represent that 2 hundreds are equivalent to 20 tens?,NO,YES,False
217,1213327,d07bd749-3ca1-441a-8655-000b06450ce7.jpeg,0,Did the student correctly represent that 2 hundreds are equivalent to 20 tens?,NO,YES,False
215,1213327,799228a7-d598-4934-86bf-cc3bc863d78e.jpeg,0,Did the student correctly represent that 2 hundreds are equivalent to 20 tens?,NO,NO,True
212,1213327,4aee2a7e-8159-406c-8e7b-2efc0727911a.jpeg,0,Did the student correctly represent that 2 hundreds are equivalent to 20 tens?,YES,NO,False
216,1213327,99a4f942-95ec-46c6-a79c-99a11cb1d576.jpeg,0,Did the student correctly represent that 2 hundreds are equivalent to 20 tens?,YES,NO,False
218,1213327,db348988-a377-4f38-a81b-14a8725a94fc.jpeg,0,Did the student correctly represent that 2 hundreds are equivalent to 20 tens?,YES,YES,True
219,1213327,df7cb580-d3cb-4e1a-bb90-18ef02a3b86c.jpeg,0,Did the student correctly represent that 2 hundreds are equivalent to 20 tens?,YES,NO,False
220,1213327,ebaef314-df98-4186-9ac4-ead6de54b86b.jpeg,0,Did the student correctly represent that 2 hundreds are equivalent to 20 tens?,NO,NO,True
222,1213640,548e414e-0054-4386-b4b3-3fde5933b36c.jpeg,0,Did the student correctly identify that 2/3 is equivalent to 4/6 in their explanation?,YES,NO,False
222,1213640,548e414e-0054-4386-b4b3-3fde5933b36c.jpeg,1,Did the student correctly label the value 4/6 on the number line?,YES,YES,True
222,1213640,548e414e-0054-4386-b4b3-3fde5933b36c.jpeg,2,Did the student place 2/3 and 4/6 at the same place on the number line?,YES,YES,True
221,1213640,04a96d9a-07f4-432a-b06b-8d8289dd4a3c.jpeg,0,Did the student correctly identify that 2/3 is equivalent to 4/6 in their explanation?,YES,YES,True
221,1213640,04a96d9a-07f4-432a-b06b-8d8289dd4a3c.jpeg,1,Did the student correctly label the value 4/6 on the number line?,NO,NO,True
221,1213640,04a96d9a-07f4-432a-b06b-8d8289dd4a3c.jpeg,2,Did the student place 2/3 and 4/6 at the same place on the number line?,NO,NO,True
224,1213640,9c48b8a6-ded3-47d7-ab3c-524e80b101f0.jpeg,0,Did the student correctly identify that 2/3 is equivalent to 4/6 in their explanation?,YES,YES,True
224,1213640,9c48b8a6-ded3-47d7-ab3c-524e80b101f0.jpeg,1,Did the student correctly label the value 4/6 on the number line?,YES,NO,False
224,1213640,9c48b8a6-ded3-47d7-ab3c-524e80b101f0.jpeg,2,Did the student place 2/3 and 4/6 at the same place on the number line?,YES,NO,False
225,1213640,af3c3547-3d5e-4f9d-8525-f1280b809abb.jpeg,0,Did the student correctly identify that 2/3 is equivalent to 4/6 in their explanation?,YES,YES,True
225,1213640,af3c3547-3d5e-4f9d-8525-f1280b809abb.jpeg,1,Did the student correctly label the value 4/6 on the number line?,YES,YES,True
225,1213640,af3c3547-3d5e-4f9d-8525-f1280b809abb.jpeg,2,Did the student place 2/3 and 4/6 at the same place on the number line?,YES,YES,True
223,1213640,992c6bcf-166f-4503-be0a-c3c4a837346e.jpeg,0,Did the student correctly identify that 2/3 is equivalent to 4/6 in their explanation?,NO,NO,True
223,1213640,992c6bcf-166f-4503-be0a-c3c4a837346e.jpeg,1,Did the student correctly label the value 4/6 on the number line?,NO,NO,True
223,1213640,992c6bcf-166f-4503-be0a-c3c4a837346e.jpeg,2,Did the student place 2/3 and 4/6 at the same place on the number line?,NO,NO,True
226,1213640,bac47510-7de1-4f9d-b9dc-995f9d5c5589.jpeg,0,Did the student correctly identify that 2/3 is equivalent to 4/6 in their explanation?,YES,YES,True
226,1213640,bac47510-7de1-4f9d-b9dc-995f9d5c5589.jpeg,1,Did the student correctly label the value 4/6 on the number line?,YES,YES,True
226,1213640,bac47510-7de1-4f9d-b9dc-995f9d5c5589.jpeg,2,Did the student place 2/3 and 4/6 at the same place on the number line?,YES,YES,True
229,1213640,e85507a3-5eaa-472e-b53c-42b8f45b8f68.jpeg,0,Did the student correctly identify that 2/3 is equivalent to 4/6 in their explanation?,YES,YES,True
229,1213640,e85507a3-5eaa-472e-b53c-42b8f45b8f68.jpeg,1,Did the student correctly label the value 4/6 on the number line?,YES,YES,True
229,1213640,e85507a3-5eaa-472e-b53c-42b8f45b8f68.jpeg,2,Did the student place 2/3 and 4/6 at the same place on the number line?,YES,YES,True
228,1213640,e0bd2e3b-85c6-4b98-ae70-660d6a529592.jpeg,0,Did the student correctly identify that 2/3 is equivalent to 4/6 in their explanation?,NO,NO,True
228,1213640,e0bd2e3b-85c6-4b98-ae70-660d6a529592.jpeg,1,Did the student correctly label the value 4/6 on the number line?,NO,NO,True
228,1213640,e0bd2e3b-85c6-4b98-ae70-660d6a529592.jpeg,2,Did the student place 2/3 and 4/6 at the same place on the number line?,NO,NO,True
230,1213640,e8727fac-bff7-405d-99a8-5fc3a5f2552d.jpeg,0,Did the student correctly identify that 2/3 is equivalent to 4/6 in their explanation?,YES,YES,True
230,1213640,e8727fac-bff7-405d-99a8-5fc3a5f2552d.jpeg,1,Did the student correctly label the value 4/6 on the number line?,YES,YES,True
230,1213640,e8727fac-bff7-405d-99a8-5fc3a5f2552d.jpeg,2,Did the student place 2/3 and 4/6 at the same place on the number line?,YES,YES,True
232,1213643,09148984-0814-4f08-bc6a-aeecfcc90403.jpeg,0,Did the student correctly state that there are four copies of 1/4 in one whole?,YES,YES,True
231,1213640,f8717f8a-7358-43f8-a65a-98f634b78a7b.jpeg,0,Did the student correctly identify that 2/3 is equivalent to 4/6 in their explanation?,YES,YES,True
231,1213640,f8717f8a-7358-43f8-a65a-98f634b78a7b.jpeg,1,Did the student correctly label the value 4/6 on the number line?,YES,YES,True
231,1213640,f8717f8a-7358-43f8-a65a-98f634b78a7b.jpeg,2,Did the student place 2/3 and 4/6 at the same place on the number line?,YES,YES,True
227,1213640,cbea8053-e587-4cfd-988d-e2652cef7ebd.jpeg,0,Did the student correctly identify that 2/3 is equivalent to 4/6 in their explanation?,NO,NO,True
227,1213640,cbea8053-e587-4cfd-988d-e2652cef7ebd.jpeg,1,Did the student correctly label the value 4/6 on the number line?,NO,NO,True
227,1213640,cbea8053-e587-4cfd-988d-e2652cef7ebd.jpeg,2,Did the student place 2/3 and 4/6 at the same place on the number line?,NO,NO,True
233,1213643,11e40909-0483-45d7-b084-f922e164d925.jpeg,0,Did the student correctly state that there are four copies of 1/4 in one whole?,YES,YES,True
236,1213643,5bb0f529-4ce7-4ba9-b726-5e8650051e2b.jpeg,0,Did the student correctly state that there are four copies of 1/4 in one whole?,YES,YES,True
235,1213643,432805bc-761b-4b5b-9954-8e3e6fc9d002.jpeg,0,Did the student correctly state that there are four copies of 1/4 in one whole?,NO,NO,True
237,1213643,735946ad-34e8-4f06-a897-11e4d7d2fc97.jpeg,0,Did the student correctly state that there are four copies of 1/4 in one whole?,YES,YES,True
239,1213643,76dc3154-e3ef-40ad-94b1-7a1faae1cc51.jpeg,0,Did the student correctly state that there are four copies of 1/4 in one whole?,YES,YES,True
234,1213643,340ce907-eec8-4f60-a3c4-c1717feaf895.jpeg,0,Did the student correctly state that there are four copies of 1/4 in one whole?,NO,NO,True
238,1213643,74c2e022-6240-4715-ac67-f3f6e20251ca.jpeg,0,Did the student correctly state that there are four copies of 1/4 in one whole?,YES,YES,True
240,1213643,7e2198cd-5540-4a4c-96be-73a01d4aca87.jpeg,0,Did the student correctly state that there are four copies of 1/4 in one whole?,YES,YES,True
242,1213643,9fb2e22b-d8cc-4705-b047-0d812bf16dc7.jpeg,0,Did the student correctly state that there are four copies of 1/4 in one whole?,YES,YES,True
243,1213643,b2bee459-0880-46c5-948a-4df2a7ef8dc8.jpeg,0,Did the student correctly state that there are four copies of 1/4 in one whole?,YES,YES,True
241,1213643,9142071f-567e-4484-8f34-2a2bf6a73e5d.jpeg,0,Did the student correctly state that there are four copies of 1/4 in one whole?,YES,YES,True
244,1213643,dbacd54f-553f-4349-a55c-14285a4587b4.jpeg,0,Did the student correctly state that there are four copies of 1/4 in one whole?,YES,YES,True
246,1220849,17d95adb-d1df-4da2-8320-3e4f451bef63.jpeg,0,Did the student correctly place -2 1/2 to the right of -3 on the number line?,YES,YES,True
246,1220849,17d95adb-d1df-4da2-8320-3e4f451bef63.jpeg,1,"Did the student state that because -2 1/2 is to the right of -3 on the number line, -2 1/2 is the greater value?",NO,NO,True
245,1213643,e8744139-d393-47fd-9763-69dbe485a055.jpeg,0,Did the student correctly state that there are four copies of 1/4 in one whole?,YES,YES,True
247,1220849,7e7a5a00-0ee7-4c8c-992b-1644d4dcbbc3.jpeg,0,Did the student correctly place -2 1/2 to the right of -3 on the number line?,YES,YES,True
247,1220849,7e7a5a00-0ee7-4c8c-992b-1644d4dcbbc3.jpeg,1,"Did the student state that because -2 1/2 is to the right of -3 on the number line, -2 1/2 is the greater value?",NO,NO,True
250,1220849,d40b4063-9837-4d19-bebb-7a854edb99d4.jpeg,0,Did the student correctly place -2 1/2 to the right of -3 on the number line?,YES,YES,True
250,1220849,d40b4063-9837-4d19-bebb-7a854edb99d4.jpeg,1,"Did the student state that because -2 1/2 is to the right of -3 on the number line, -2 1/2 is the greater value?",NO,NO,True
249,1220849,bd431df1-5f54-4297-8ac6-9c2595844101.png,0,Did the student correctly place -2 1/2 to the right of -3 on the number line?,NO,YES,False
249,1220849,bd431df1-5f54-4297-8ac6-9c2595844101.png,1,"Did the student state that because -2 1/2 is to the right of -3 on the number line, -2 1/2 is the greater value?",NO,NO,True
248,1220849,9907b993-3f7a-4fd0-bbb9-e92e28bce19a.jpeg,0,Did the student correctly place -2 1/2 to the right of -3 on the number line?,YES,YES,True
248,1220849,9907b993-3f7a-4fd0-bbb9-e92e28bce19a.jpeg,1,"Did the student state that because -2 1/2 is to the right of -3 on the number line, -2 1/2 is the greater value?",NO,YES,False
251,1220849,df6dab81-d0fd-40d9-823d-4728b86defde.png,0,Did the student correctly place -2 1/2 to the right of -3 on the number line?,NO,YES,False
251,1220849,df6dab81-d0fd-40d9-823d-4728b86defde.png,1,"Did the student state that because -2 1/2 is to the right of -3 on the number line, -2 1/2 is the greater value?",NO,NO,True
253,1220849,f8c187c0-9840-4838-9f3c-e76a46c82a06.jpeg,0,Did the student correctly place -2 1/2 to the right of -3 on the number line?,YES,YES,True
253,1220849,f8c187c0-9840-4838-9f3c-e76a46c82a06.jpeg,1,"Did the student state that because -2 1/2 is to the right of -3 on the number line, -2 1/2 is the greater value?",NO,NO,True
252,1220849,e85104bc-f1d3-4c90-8b2b-d2c4f621d502.jpeg,0,Did the student correctly place -2 1/2 to the right of -3 on the number line?,YES,YES,True
252,1220849,e85104bc-f1d3-4c90-8b2b-d2c4f621d502.jpeg,1,"Did the student state that because -2 1/2 is to the right of -3 on the number line, -2 1/2 is the greater value?",NO,NO,True
256,1221395,31f093f0-70e7-420c-bcfd-d3cdeace48af.png,0,Are the numbers plotted correctly given the scale?,NO,YES,False
254,1221395,21602f72-9a79-4aaa-896c-f34f9d846131.jpeg,0,Are the numbers plotted correctly given the scale?,NO,NO,True
255,1221395,2b564f4b-7a18-422a-a4f8-7a9acc5a2414.jpeg,0,Are the numbers plotted correctly given the scale?,NO,YES,False
257,1221395,34461f7f-6e36-46d3-9292-7b9ed27e30d6.jpeg,0,Are the numbers plotted correctly given the scale?,YES,NO,False
260,1221395,8cf498bb-0ccf-46d9-b2b6-dc96e8648ae9.jpeg,0,Are the numbers plotted correctly given the scale?,NO,YES,False
259,1221395,7f81b63c-1879-4a0b-96a7-73f51df533f4.jpeg,0,Are the numbers plotted correctly given the scale?,NO,NO,True
261,1221395,95058d9e-8062-4eeb-86ac-9524dbfc34d1.jpeg,0,Are the numbers plotted correctly given the scale?,YES,YES,True
258,1221395,5125456f-eb82-43f0-9077-63e74727bf8b.jpeg,0,Are the numbers plotted correctly given the scale?,NO,NO,True
263,1222298,0c9cc50f-fb86-4cc9-8649-9ae80c078b10.jpeg,0,Did the student correctly represent the picnic area as 0?,YES,YES,True
264,1222298,61c27dd6-e665-4b2b-a8f2-f5cb13659743.jpeg,0,Did the student correctly represent the picnic area as 0?,YES,YES,True
267,1222298,bbcb69c8-96db-49bc-911b-29011e3992e8.jpeg,0,Did the student correctly represent the picnic area as 0?,NO,YES,False
266,1222298,8c39b75f-c6fa-4b80-a53c-cb8c995c4c2e.jpeg,0,Did the student correctly represent the picnic area as 0?,YES,YES,True
262,1221395,ed3397a3-c8a3-4422-bef0-6647ded6ef8f.jpeg,0,Are the numbers plotted correctly given the scale?,NO,YES,False
265,1222298,74d63c25-f46b-4155-bb08-d6f3f332fadf.jpeg,0,Did the student correctly represent the picnic area as 0?,NO,YES,False
268,1222298,d5fff899-4efa-4eb9-88ae-22f3cf557bd6.jpeg,0,Did the student correctly represent the picnic area as 0?,YES,YES,True
269,1222298,d74df408-b767-4742-a893-16e81aa90852.jpeg,0,Did the student correctly represent the picnic area as 0?,YES,YES,True
271,1222298,e92b2601-6d07-4df3-bd44-60c96323480b.jpeg,0,Did the student correctly represent the picnic area as 0?,YES,YES,True
270,1222298,e151bd4b-51b1-4b10-b820-9f89d5885f79.jpeg,0,Did the student correctly represent the picnic area as 0?,NO,YES,False
273,1222537,3dce09a8-c171-4cec-be41-549a505e41dd.jpeg,0,"Did the student correctly estiamte the product as 1,200?",NO,NO,True
273,1222537,3dce09a8-c171-4cec-be41-549a505e41dd.jpeg,1,Did the student correctly round 283 to 300 and 416 to 400?,YES,YES,True
273,1222537,3dce09a8-c171-4cec-be41-549a505e41dd.jpeg,2,Is the student's estimate of the product reasonable?,NO,NO,True
274,1222537,3ecd77aa-cd03-4ca2-bf87-f555b7c3bc78.jpeg,0,"Did the student correctly estiamte the product as 1,200?",NO,YES,False
274,1222537,3ecd77aa-cd03-4ca2-bf87-f555b7c3bc78.jpeg,1,Did the student correctly round 283 to 300 and 416 to 400?,YES,YES,True
274,1222537,3ecd77aa-cd03-4ca2-bf87-f555b7c3bc78.jpeg,2,Is the student's estimate of the product reasonable?,YES,NO,False
272,1222537,380b0a62-cd36-423f-b6b4-f2c54d27e8a0.jpeg,0,Did the student correctly round 283 to 300 and 416 to 400?,NO,NO,True
272,1222537,380b0a62-cd36-423f-b6b4-f2c54d27e8a0.jpeg,1,Is the student's estimate of the product reasonable?,YES,NO,False
275,1222537,57e28287-bc17-4798-937d-a12fdd358efa.jpeg,0,"Did the student correctly estiamte the product as 1,200?",NO,YES,False
275,1222537,57e28287-bc17-4798-937d-a12fdd358efa.jpeg,1,Did the student correctly round 283 to 300 and 416 to 400?,YES,YES,True
275,1222537,57e28287-bc17-4798-937d-a12fdd358efa.jpeg,2,Is the student's estimate of the product reasonable?,YES,YES,True
277,1222537,7d9ea07e-42eb-4e2e-9eb9-9b3bc4a6189d.jpeg,0,"Did the student correctly estiamte the product as 1,200?",NO,YES,False
277,1222537,7d9ea07e-42eb-4e2e-9eb9-9b3bc4a6189d.jpeg,1,Did the student correctly round 283 to 300 and 416 to 400?,YES,YES,True
277,1222537,7d9ea07e-42eb-4e2e-9eb9-9b3bc4a6189d.jpeg,2,Is the student's estimate of the product reasonable?,YES,YES,True
278,1222537,8a0f02a5-dd55-49b6-96c1-eaeed45682c0.jpeg,0,"Did the student correctly estiamte the product as 1,200?",NO,YES,False
278,1222537,8a0f02a5-dd55-49b6-96c1-eaeed45682c0.jpeg,1,Did the student correctly round 283 to 300 and 416 to 400?,YES,YES,True
278,1222537,8a0f02a5-dd55-49b6-96c1-eaeed45682c0.jpeg,2,Is the student's estimate of the product reasonable?,YES,YES,True
280,1222537,98c58ee6-215d-44b9-aaa8-e763451b5624.jpeg,0,"Did the student correctly estiamte the product as 1,200?",NO,NO,True
280,1222537,98c58ee6-215d-44b9-aaa8-e763451b5624.jpeg,1,Did the student correctly round 283 to 300 and 416 to 400?,YES,YES,True
280,1222537,98c58ee6-215d-44b9-aaa8-e763451b5624.jpeg,2,Is the student's estimate of the product reasonable?,NO,NO,True
281,1222537,ab62544b-82c1-45af-a3dc-bf6a4ae37104.jpeg,0,"Did the student correctly estiamte the product as 1,200?",NO,YES,False
281,1222537,ab62544b-82c1-45af-a3dc-bf6a4ae37104.jpeg,1,Did the student correctly round 283 to 300 and 416 to 400?,YES,YES,True
281,1222537,ab62544b-82c1-45af-a3dc-bf6a4ae37104.jpeg,2,Is the student's estimate of the product reasonable?,YES,YES,True
276,1222537,5cdf44ab-4fc1-4889-8f05-536a403ea59a.jpeg,0,"Did the student correctly estiamte the product as 1,200?",NO,YES,False
276,1222537,5cdf44ab-4fc1-4889-8f05-536a403ea59a.jpeg,1,Did the student correctly round 283 to 300 and 416 to 400?,NO,YES,False
276,1222537,5cdf44ab-4fc1-4889-8f05-536a403ea59a.jpeg,2,Is the student's estimate of the product reasonable?,NO,YES,False
282,1222537,c8e4c6fc-3d9d-472b-a3f0-5bfffac73683.jpeg,0,"Did the student correctly estiamte the product as 1,200?",NO,YES,False
282,1222537,c8e4c6fc-3d9d-472b-a3f0-5bfffac73683.jpeg,1,Did the student correctly round 283 to 300 and 416 to 400?,YES,YES,True
282,1222537,c8e4c6fc-3d9d-472b-a3f0-5bfffac73683.jpeg,2,Is the student's estimate of the product reasonable?,YES,YES,True
279,1222537,93ee2d1e-c233-4ef9-8c96-7efb92f34c13.jpeg,0,"Did the student correctly estiamte the product as 1,200?",NO,NO,True
279,1222537,93ee2d1e-c233-4ef9-8c96-7efb92f34c13.jpeg,1,Did the student correctly round 283 to 300 and 416 to 400?,YES,YES,True
279,1222537,93ee2d1e-c233-4ef9-8c96-7efb92f34c13.jpeg,2,Is the student's estimate of the product reasonable?,NO,NO,True
284,1222537,f80406ad-2229-4cec-b015-9efeadfeda27.jpeg,0,"Did the student correctly estiamte the product as 1,200?",NO,YES,False
284,1222537,f80406ad-2229-4cec-b015-9efeadfeda27.jpeg,1,Did the student correctly round 283 to 300 and 416 to 400?,YES,YES,True
284,1222537,f80406ad-2229-4cec-b015-9efeadfeda27.jpeg,2,Is the student's estimate of the product reasonable?,YES,YES,True
286,1222625,1eabc7a8-0f42-4ade-b057-00eb926ae3a8.jpeg,0,Did the student estimate the product within reason?,YES,NO,False
286,1222625,1eabc7a8-0f42-4ade-b057-00eb926ae3a8.jpeg,1,Did the student remember to include the decimal in the correct location in their final answer?,YES,YES,True
286,1222625,1eabc7a8-0f42-4ade-b057-00eb926ae3a8.jpeg,2,Did the student solve using an area model?,YES,NO,False
286,1222625,1eabc7a8-0f42-4ade-b057-00eb926ae3a8.jpeg,3,Did the student solve using the standard algorithm?,YES,NO,False
286,1222625,1eabc7a8-0f42-4ade-b057-00eb926ae3a8.jpeg,4,Is the product expressed in standard form?,YES,YES,True
286,1222625,1eabc7a8-0f42-4ade-b057-00eb926ae3a8.jpeg,5,Is the student's answer reasoanble?,YES,YES,True
283,1222537,f678392b-38ef-4b40-9818-3d37691d1c5a.jpeg,0,"Did the student correctly estiamte the product as 1,200?",NO,NO,True
283,1222537,f678392b-38ef-4b40-9818-3d37691d1c5a.jpeg,1,Did the student correctly round 283 to 300 and 416 to 400?,YES,YES,True
283,1222537,f678392b-38ef-4b40-9818-3d37691d1c5a.jpeg,2,Is the student's estimate of the product reasonable?,YES,YES,True
287,1222625,31f5bea0-ad01-432f-a0e7-dcc9fcaddfe9.jpeg,0,Did the student estimate the product within reason?,NO,NO,True
287,1222625,31f5bea0-ad01-432f-a0e7-dcc9fcaddfe9.jpeg,1,Did the student remember to include the decimal in the correct location in their final answer?,YES,YES,True
287,1222625,31f5bea0-ad01-432f-a0e7-dcc9fcaddfe9.jpeg,2,Did the student solve using an area model?,NO,NO,True
287,1222625,31f5bea0-ad01-432f-a0e7-dcc9fcaddfe9.jpeg,3,Did the student solve using the standard algorithm?,YES,YES,True
287,1222625,31f5bea0-ad01-432f-a0e7-dcc9fcaddfe9.jpeg,4,Is the product expressed in standard form?,YES,YES,True
287,1222625,31f5bea0-ad01-432f-a0e7-dcc9fcaddfe9.jpeg,5,Is the student's answer reasoanble?,YES,NO,False
288,1222625,4cf5dbf1-1ffc-4a70-bbd8-6f240b15acfb.jpeg,0,Did the student estimate the product within reason?,YES,NO,False
288,1222625,4cf5dbf1-1ffc-4a70-bbd8-6f240b15acfb.jpeg,1,Did the student remember to include the decimal in the correct location in their final answer?,YES,YES,True
288,1222625,4cf5dbf1-1ffc-4a70-bbd8-6f240b15acfb.jpeg,2,Did the student solve using an area model?,NO,NO,True
288,1222625,4cf5dbf1-1ffc-4a70-bbd8-6f240b15acfb.jpeg,3,Did the student solve using the standard algorithm?,YES,YES,True
288,1222625,4cf5dbf1-1ffc-4a70-bbd8-6f240b15acfb.jpeg,4,Is the product expressed in standard form?,YES,YES,True
288,1222625,4cf5dbf1-1ffc-4a70-bbd8-6f240b15acfb.jpeg,5,Is the student's answer reasoanble?,YES,YES,True
289,1222625,50a06820-4a2d-4ede-8159-8e8046dbbf6f.jpeg,0,Did the student estimate the product within reason?,YES,NO,False
289,1222625,50a06820-4a2d-4ede-8159-8e8046dbbf6f.jpeg,1,Did the student remember to include the decimal in the correct location in their final answer?,NO,NO,True
289,1222625,50a06820-4a2d-4ede-8159-8e8046dbbf6f.jpeg,2,Did the student solve using an area model?,NO,NO,True
289,1222625,50a06820-4a2d-4ede-8159-8e8046dbbf6f.jpeg,3,Did the student solve using the standard algorithm?,YES,YES,True
289,1222625,50a06820-4a2d-4ede-8159-8e8046dbbf6f.jpeg,4,Is the product expressed in standard form?,YES,NO,False
289,1222625,50a06820-4a2d-4ede-8159-8e8046dbbf6f.jpeg,5,Is the student's answer reasoanble?,NO,NO,True
290,1222625,766717e5-6ecf-4c77-9775-84a81d302400.jpeg,0,Did the student estimate the product within reason?,NO,NO,True
290,1222625,766717e5-6ecf-4c77-9775-84a81d302400.jpeg,1,Did the student remember to include the decimal in the correct location in their final answer?,NO,NO,True
290,1222625,766717e5-6ecf-4c77-9775-84a81d302400.jpeg,2,Did the student solve using an area model?,NO,NO,True
290,1222625,766717e5-6ecf-4c77-9775-84a81d302400.jpeg,3,Did the student solve using the standard algorithm?,YES,YES,True
290,1222625,766717e5-6ecf-4c77-9775-84a81d302400.jpeg,4,Is the product expressed in standard form?,YES,NO,False
290,1222625,766717e5-6ecf-4c77-9775-84a81d302400.jpeg,5,Is the student's answer reasoanble?,NO,NO,True
285,1222625,035d602d-5f4e-47cc-9d29-0807d9d5f6aa.jpeg,0,Did the student estimate the product within reason?,NO,NO,True
285,1222625,035d602d-5f4e-47cc-9d29-0807d9d5f6aa.jpeg,1,Did the student remember to include the decimal in the correct location in their final answer?,YES,YES,True
285,1222625,035d602d-5f4e-47cc-9d29-0807d9d5f6aa.jpeg,2,Did the student solve using an area model?,YES,YES,True
285,1222625,035d602d-5f4e-47cc-9d29-0807d9d5f6aa.jpeg,3,Did the student solve using the standard algorithm?,NO,NO,True
285,1222625,035d602d-5f4e-47cc-9d29-0807d9d5f6aa.jpeg,4,Is the product expressed in standard form?,YES,YES,True
285,1222625,035d602d-5f4e-47cc-9d29-0807d9d5f6aa.jpeg,5,Is the student's answer reasoanble?,YES,NO,False
291,1222625,94acabec-4e37-49c5-b7d8-163da67820c1.jpeg,0,Did the student estimate the product within reason?,NO,NO,True
291,1222625,94acabec-4e37-49c5-b7d8-163da67820c1.jpeg,1,Did the student remember to include the decimal in the correct location in their final answer?,NO,NO,True
291,1222625,94acabec-4e37-49c5-b7d8-163da67820c1.jpeg,2,Did the student solve using an area model?,NO,NO,True
291,1222625,94acabec-4e37-49c5-b7d8-163da67820c1.jpeg,3,Did the student solve using the standard algorithm?,NO,NO,True
291,1222625,94acabec-4e37-49c5-b7d8-163da67820c1.jpeg,4,Is the product expressed in standard form?,NO,NO,True
291,1222625,94acabec-4e37-49c5-b7d8-163da67820c1.jpeg,5,Is the student's answer reasoanble?,NO,NO,True
292,1222625,bd51703b-8745-425d-aade-77bf407f58a0.jpeg,0,Did the student estimate the product within reason?,YES,YES,True
292,1222625,bd51703b-8745-425d-aade-77bf407f58a0.jpeg,1,Did the student remember to include the decimal in the correct location in their final answer?,YES,YES,True
292,1222625,bd51703b-8745-425d-aade-77bf407f58a0.jpeg,2,Did the student solve using an area model?,YES,YES,True
292,1222625,bd51703b-8745-425d-aade-77bf407f58a0.jpeg,3,Did the student solve using the standard algorithm?,YES,YES,True
292,1222625,bd51703b-8745-425d-aade-77bf407f58a0.jpeg,4,Is the product expressed in standard form?,YES,YES,True
292,1222625,bd51703b-8745-425d-aade-77bf407f58a0.jpeg,5,Is the student's answer reasoanble?,YES,YES,True
296,1222625,d9505dc7-dd60-49ca-9c57-0827d463e4f3.jpeg,0,Did the student estimate the product within reason?,YES,YES,True
296,1222625,d9505dc7-dd60-49ca-9c57-0827d463e4f3.jpeg,1,Did the student remember to include the decimal in the correct location in their final answer?,NO,NO,True
296,1222625,d9505dc7-dd60-49ca-9c57-0827d463e4f3.jpeg,2,Did the student solve using an area model?,YES,YES,True
296,1222625,d9505dc7-dd60-49ca-9c57-0827d463e4f3.jpeg,3,Did the student solve using the standard algorithm?,NO,YES,False
296,1222625,d9505dc7-dd60-49ca-9c57-0827d463e4f3.jpeg,4,Is the product expressed in standard form?,YES,YES,True
296,1222625,d9505dc7-dd60-49ca-9c57-0827d463e4f3.jpeg,5,Is the student's answer reasoanble?,YES,YES,True
295,1222625,d8ddf62d-c6a5-40c5-bcc2-64e7e2f17178.jpeg,0,Did the student estimate the product within reason?,NO,NO,True
295,1222625,d8ddf62d-c6a5-40c5-bcc2-64e7e2f17178.jpeg,1,Did the student remember to include the decimal in the correct location in their final answer?,YES,NO,False
295,1222625,d8ddf62d-c6a5-40c5-bcc2-64e7e2f17178.jpeg,2,Did the student solve using an area model?,YES,YES,True
295,1222625,d8ddf62d-c6a5-40c5-bcc2-64e7e2f17178.jpeg,3,Did the student solve using the standard algorithm?,NO,NO,True
295,1222625,d8ddf62d-c6a5-40c5-bcc2-64e7e2f17178.jpeg,4,Is the product expressed in standard form?,YES,YES,True
295,1222625,d8ddf62d-c6a5-40c5-bcc2-64e7e2f17178.jpeg,5,Is the student's answer reasoanble?,YES,NO,False
293,1222625,c1532f85-f18c-4410-a7b4-707a73b2c9e8.jpeg,0,Did the student estimate the product within reason?,NO,YES,False
293,1222625,c1532f85-f18c-4410-a7b4-707a73b2c9e8.jpeg,1,Did the student remember to include the decimal in the correct location in their final answer?,YES,NO,False
293,1222625,c1532f85-f18c-4410-a7b4-707a73b2c9e8.jpeg,2,Did the student solve using an area model?,NO,NO,True
293,1222625,c1532f85-f18c-4410-a7b4-707a73b2c9e8.jpeg,3,Did the student solve using the standard algorithm?,YES,YES,True
293,1222625,c1532f85-f18c-4410-a7b4-707a73b2c9e8.jpeg,4,Is the product expressed in standard form?,YES,YES,True
293,1222625,c1532f85-f18c-4410-a7b4-707a73b2c9e8.jpeg,5,Is the student's answer reasoanble?,YES,YES,True
299,1222676,1ed99274-09f7-4fd5-81a4-09ed232e2649.jpeg,0,Did the student correctly estimate 3.03 as 3?,YES,YES,True
299,1222676,1ed99274-09f7-4fd5-81a4-09ed232e2649.jpeg,1,Did the student correctly estimate 402 as 400?,YES,YES,True
299,1222676,1ed99274-09f7-4fd5-81a4-09ed232e2649.jpeg,2,"Did the student correctly estimate the product as 1,200?",YES,YES,True
297,1222625,eb7ae36c-debe-4c28-a386-210bc697a123.jpeg,0,Did the student estimate the product within reason?,NO,YES,False
297,1222625,eb7ae36c-debe-4c28-a386-210bc697a123.jpeg,1,Did the student remember to include the decimal in the correct location in their final answer?,YES,NO,False
297,1222625,eb7ae36c-debe-4c28-a386-210bc697a123.jpeg,2,Did the student solve using an area model?,NO,YES,False
297,1222625,eb7ae36c-debe-4c28-a386-210bc697a123.jpeg,3,Did the student solve using the standard algorithm?,YES,NO,False
297,1222625,eb7ae36c-debe-4c28-a386-210bc697a123.jpeg,4,Is the product expressed in standard form?,YES,NO,False
297,1222625,eb7ae36c-debe-4c28-a386-210bc697a123.jpeg,5,Is the student's answer reasoanble?,YES,NO,False
298,1222676,0a53c170-eed6-460c-be13-e191a8954503.jpeg,0,Did the student correctly estimate 3.03 as 3?,NO,NO,True
298,1222676,0a53c170-eed6-460c-be13-e191a8954503.jpeg,1,Did the student correctly estimate 402 as 400?,YES,NO,False
298,1222676,0a53c170-eed6-460c-be13-e191a8954503.jpeg,2,"Did the student correctly estimate the product as 1,200?",NO,NO,True
300,1222676,1fb55ef5-b915-4aae-89d1-071f97110514.jpeg,0,Did the student correctly estimate 3.03 as 3?,YES,YES,True
300,1222676,1fb55ef5-b915-4aae-89d1-071f97110514.jpeg,1,Did the student correctly estimate 402 as 400?,YES,YES,True
300,1222676,1fb55ef5-b915-4aae-89d1-071f97110514.jpeg,2,"Did the student correctly estimate the product as 1,200?",YES,YES,True
294,1222625,d15322f0-ab59-4ba0-b0cb-67f3fef287d4.jpeg,0,Did the student estimate the product within reason?,YES,YES,True
294,1222625,d15322f0-ab59-4ba0-b0cb-67f3fef287d4.jpeg,1,Did the student remember to include the decimal in the correct location in their final answer?,NO,NO,True
294,1222625,d15322f0-ab59-4ba0-b0cb-67f3fef287d4.jpeg,2,Did the student solve using an area model?,NO,NO,True
294,1222625,d15322f0-ab59-4ba0-b0cb-67f3fef287d4.jpeg,3,Did the student solve using the standard algorithm?,NO,NO,True
294,1222625,d15322f0-ab59-4ba0-b0cb-67f3fef287d4.jpeg,4,Is the product expressed in standard form?,YES,NO,False
294,1222625,d15322f0-ab59-4ba0-b0cb-67f3fef287d4.jpeg,5,Is the student's answer reasoanble?,NO,YES,False
301,1222676,38372f52-fafb-4e1c-a379-7cf6be85e528.jpeg,0,Did the student correctly estimate 3.03 as 3?,YES,YES,True
301,1222676,38372f52-fafb-4e1c-a379-7cf6be85e528.jpeg,1,Did the student correctly estimate 402 as 400?,YES,YES,True
301,1222676,38372f52-fafb-4e1c-a379-7cf6be85e528.jpeg,2,"Did the student correctly estimate the product as 1,200?",YES,YES,True
303,1222676,597b9e1a-4870-4012-b564-639abc3aa4b3.jpeg,0,Did the student correctly estimate 3.03 as 3?,YES,YES,True
303,1222676,597b9e1a-4870-4012-b564-639abc3aa4b3.jpeg,1,Did the student correctly estimate 402 as 400?,YES,YES,True
303,1222676,597b9e1a-4870-4012-b564-639abc3aa4b3.jpeg,2,"Did the student correctly estimate the product as 1,200?",YES,YES,True
302,1222676,3c71d776-716e-485f-ab6b-45e8111c2f04.jpeg,0,Did the student correctly estimate 3.03 as 3?,YES,YES,True
302,1222676,3c71d776-716e-485f-ab6b-45e8111c2f04.jpeg,1,Did the student correctly estimate 402 as 400?,YES,YES,True
302,1222676,3c71d776-716e-485f-ab6b-45e8111c2f04.jpeg,2,"Did the student correctly estimate the product as 1,200?",YES,YES,True
305,1222676,82342606-de60-4ff1-b2aa-6ef5826ebcc2.jpeg,0,Did the student correctly estimate 3.03 as 3?,YES,YES,True
305,1222676,82342606-de60-4ff1-b2aa-6ef5826ebcc2.jpeg,1,Did the student correctly estimate 402 as 400?,YES,YES,True
305,1222676,82342606-de60-4ff1-b2aa-6ef5826ebcc2.jpeg,2,"Did the student correctly estimate the product as 1,200?",YES,YES,True
306,1222676,9ada022d-9406-4e05-af69-1c0bd1426021.png,0,Did the student correctly estimate 3.03 as 3?,NO,YES,False
306,1222676,9ada022d-9406-4e05-af69-1c0bd1426021.png,1,Did the student correctly estimate 402 as 400?,NO,NO,True
306,1222676,9ada022d-9406-4e05-af69-1c0bd1426021.png,2,"Did the student correctly estimate the product as 1,200?",NO,NO,True
308,1222676,d3909705-8320-4702-9ad8-50b09cf77f1f.jpeg,0,Did the student correctly estimate 3.03 as 3?,YES,YES,True
308,1222676,d3909705-8320-4702-9ad8-50b09cf77f1f.jpeg,1,Did the student correctly estimate 402 as 400?,YES,YES,True
308,1222676,d3909705-8320-4702-9ad8-50b09cf77f1f.jpeg,2,"Did the student correctly estimate the product as 1,200?",YES,YES,True
309,1222676,e5abfcdc-d9cf-4689-a0b1-4f4cfcffa966.jpeg,0,Did the student correctly estimate 3.03 as 3?,YES,YES,True
309,1222676,e5abfcdc-d9cf-4689-a0b1-4f4cfcffa966.jpeg,1,Did the student correctly estimate 402 as 400?,YES,YES,True
309,1222676,e5abfcdc-d9cf-4689-a0b1-4f4cfcffa966.jpeg,2,"Did the student correctly estimate the product as 1,200?",NO,NO,True
310,1228874,0c81a2e9-e74c-4dc2-8b01-365f8931054d.jpeg,0,Did the student correctly state that the product is 1/9?,YES,YES,True
310,1228874,0c81a2e9-e74c-4dc2-8b01-365f8931054d.jpeg,1,Did the student split up their rectanguar model into three rows and three columns?,NO,YES,False
311,1228874,0f2f70ea-61e9-4029-8916-e8b9918787df.jpeg,0,Did the student correctly state that the product is 1/9?,NO,NO,True
311,1228874,0f2f70ea-61e9-4029-8916-e8b9918787df.jpeg,1,Did the student split up their rectanguar model into three rows and three columns?,NO,NO,True
307,1222676,bfc02239-526c-45ea-b0e2-5f4a18bd41d9.jpeg,0,Did the student correctly estimate 3.03 as 3?,NO,NO,True
307,1222676,bfc02239-526c-45ea-b0e2-5f4a18bd41d9.jpeg,1,Did the student correctly estimate 402 as 400?,NO,NO,True
307,1222676,bfc02239-526c-45ea-b0e2-5f4a18bd41d9.jpeg,2,"Did the student correctly estimate the product as 1,200?",NO,NO,True
304,1222676,7f0bc3c8-226d-405a-bf6b-dc858cdb708a.jpeg,0,Did the student correctly estimate 3.03 as 3?,YES,YES,True
304,1222676,7f0bc3c8-226d-405a-bf6b-dc858cdb708a.jpeg,1,Did the student correctly estimate 402 as 400?,NO,YES,False
304,1222676,7f0bc3c8-226d-405a-bf6b-dc858cdb708a.jpeg,2,"Did the student correctly estimate the product as 1,200?",NO,YES,False
312,1228874,25d5bfa0-e7df-49b1-a596-20f0e035a9aa.jpeg,0,Did the student correctly state that the product is 1/9?,NO,NO,True
312,1228874,25d5bfa0-e7df-49b1-a596-20f0e035a9aa.jpeg,1,Did the student split up their rectanguar model into three rows and three columns?,YES,YES,True
314,1228874,3efad145-1903-48c2-99c8-1a2e9c3a1f7b.jpeg,0,Did the student correctly state that the product is 1/9?,YES,YES,True
314,1228874,3efad145-1903-48c2-99c8-1a2e9c3a1f7b.jpeg,1,Did the student split up their rectanguar model into three rows and three columns?,NO,NO,True
315,1228874,4d1a2faf-4557-494c-96a3-e398f29fce28.jpeg,0,Did the student correctly state that the product is 1/9?,YES,YES,True
315,1228874,4d1a2faf-4557-494c-96a3-e398f29fce28.jpeg,1,Did the student split up their rectanguar model into three rows and three columns?,YES,YES,True
316,1228874,50d89880-3468-46b2-839e-5c605c6efbc0.jpeg,0,Did the student correctly state that the product is 1/9?,YES,YES,True
316,1228874,50d89880-3468-46b2-839e-5c605c6efbc0.jpeg,1,Did the student split up their rectanguar model into three rows and three columns?,YES,YES,True
313,1228874,28e320c7-f656-4351-9af0-bd677c6939a9.jpeg,0,Did the student correctly state that the product is 1/9?,NO,YES,False
313,1228874,28e320c7-f656-4351-9af0-bd677c6939a9.jpeg,1,Did the student split up their rectanguar model into three rows and three columns?,YES,NO,False
320,1228874,a347adb2-3338-422a-ae13-3f5b43e9a7ce.jpeg,0,Did the student correctly state that the product is 1/9?,YES,YES,True
320,1228874,a347adb2-3338-422a-ae13-3f5b43e9a7ce.jpeg,1,Did the student split up their rectanguar model into three rows and three columns?,NO,NO,True
319,1228874,8fc24d49-55ce-4873-993e-cfca0abcc8af.jpeg,0,Did the student correctly state that the product is 1/9?,NO,NO,True
319,1228874,8fc24d49-55ce-4873-993e-cfca0abcc8af.jpeg,1,Did the student split up their rectanguar model into three rows and three columns?,NO,YES,False
317,1228874,5899c36d-562f-48ba-aa58-7d82a0d6e6be.jpeg,0,Did the student correctly state that the product is 1/9?,YES,YES,True
317,1228874,5899c36d-562f-48ba-aa58-7d82a0d6e6be.jpeg,1,Did the student split up their rectanguar model into three rows and three columns?,NO,YES,False
318,1228874,82257c75-bcef-4696-bb2e-fb49b43e7657.jpeg,0,Did the student correctly state that the product is 1/9?,NO,NO,True
318,1228874,82257c75-bcef-4696-bb2e-fb49b43e7657.jpeg,1,Did the student split up their rectanguar model into three rows and three columns?,NO,NO,True
322,1228874,b65ab935-22c0-413a-89ff-85040b4a8bd9.jpeg,0,Did the student correctly state that the product is 1/9?,YES,YES,True
322,1228874,b65ab935-22c0-413a-89ff-85040b4a8bd9.jpeg,1,Did the student split up their rectanguar model into three rows and three columns?,YES,YES,True
323,1228874,e0d2c606-8d11-454c-a59f-fbf0fe8b2e98.jpeg,0,Did the student correctly state that the product is 1/9?,YES,YES,True
323,1228874,e0d2c606-8d11-454c-a59f-fbf0fe8b2e98.jpeg,1,Did the student split up their rectanguar model into three rows and three columns?,YES,YES,True
321,1228874,ab5ed89e-5b09-4856-87bf-a7863b0a5023.jpeg,0,Did the student correctly state that the product is 1/9?,NO,YES,False
321,1228874,ab5ed89e-5b09-4856-87bf-a7863b0a5023.jpeg,1,Did the student split up their rectanguar model into three rows and three columns?,YES,YES,True
326,1228891,a02c4e08-33d5-4b0b-9916-66ffb86c34d5.png,0,Did the student correctly state the answer of 3/21?,NO,NO,True
326,1228891,a02c4e08-33d5-4b0b-9916-66ffb86c34d5.png,1,Does the student's model match the number sentence 1/3 times 3/7 = 3/21?,NO,NO,True
325,1228891,85282674-5fbd-4e9c-a7a1-684df07ab0fa.jpeg,0,Did the student correctly state the answer of 3/21?,YES,YES,True
325,1228891,85282674-5fbd-4e9c-a7a1-684df07ab0fa.jpeg,1,Does the student's model match the number sentence 1/3 times 3/7 = 3/21?,NO,YES,False
324,1228891,1b20734e-ec36-477e-87a9-23566d92e253.jpeg,0,Did the student correctly state the answer of 3/21?,NO,YES,False
324,1228891,1b20734e-ec36-477e-87a9-23566d92e253.jpeg,1,Does the student's model match the number sentence 1/3 times 3/7 = 3/21?,YES,YES,True
330,1228891,dae6ebbe-48d4-47b1-a40d-b8146a1b588a.png,0,Did the student correctly state the answer of 3/21?,NO,NO,True
330,1228891,dae6ebbe-48d4-47b1-a40d-b8146a1b588a.png,1,Does the student's model match the number sentence 1/3 times 3/7 = 3/21?,NO,NO,True
329,1228891,b561ba05-44ec-47db-8cb4-fbbfff16432c.jpeg,0,Did the student correctly state the answer of 3/21?,NO,YES,False
329,1228891,b561ba05-44ec-47db-8cb4-fbbfff16432c.jpeg,1,Does the student's model match the number sentence 1/3 times 3/7 = 3/21?,YES,NO,False
327,1228891,ac53cf79-5a66-4d18-845d-f2466feaf7c6.jpeg,0,Did the student correctly state the answer of 3/21?,YES,YES,True
327,1228891,ac53cf79-5a66-4d18-845d-f2466feaf7c6.jpeg,1,Does the student's model match the number sentence 1/3 times 3/7 = 3/21?,NO,NO,True
328,1228891,b42279a6-e8e1-4280-882c-2ae53b6c167b.jpeg,0,Did the student correctly state the answer of 3/21?,NO,NO,True
328,1228891,b42279a6-e8e1-4280-882c-2ae53b6c167b.jpeg,1,Does the student's model match the number sentence 1/3 times 3/7 = 3/21?,NO,NO,True
332,1228891,e0dedc98-144f-4966-9ba7-ed694dae15a5.jpeg,0,Did the student correctly state the answer of 3/21?,NO,NO,True
332,1228891,e0dedc98-144f-4966-9ba7-ed694dae15a5.jpeg,1,Does the student's model match the number sentence 1/3 times 3/7 = 3/21?,YES,NO,False
333,1228891,e2f2737b-3528-412a-89c8-a5996cfd58da.jpeg,0,Did the student correctly state the answer of 3/21?,NO,NO,True
333,1228891,e2f2737b-3528-412a-89c8-a5996cfd58da.jpeg,1,Does the student's model match the number sentence 1/3 times 3/7 = 3/21?,YES,YES,True
331,1228891,e0d53b46-f047-4d2a-984e-4db4d458d78f.jpeg,0,Did the student correctly state the answer of 3/21?,YES,YES,True
331,1228891,e0d53b46-f047-4d2a-984e-4db4d458d78f.jpeg,1,Does the student's model match the number sentence 1/3 times 3/7 = 3/21?,NO,YES,False
334,1228891,f3e8f285-8dd5-4081-bedc-29b9758aa743.jpeg,0,Did the student correctly state the answer of 3/21?,NO,YES,False
334,1228891,f3e8f285-8dd5-4081-bedc-29b9758aa743.jpeg,1,Does the student's model match the number sentence 1/3 times 3/7 = 3/21?,NO,NO,True
337,1228910,11417b6a-468b-4c8c-bec1-a388b81364bc.jpeg,0,"Did the student correctly find a product of 6/15, or equivalent?",NO,NO,True
337,1228910,11417b6a-468b-4c8c-bec1-a388b81364bc.jpeg,1,Did they draw a rectangular fraction model?,YES,YES,True
337,1228910,11417b6a-468b-4c8c-bec1-a388b81364bc.jpeg,2,Did they group 3 out of the 5 sections to show 3/5?,NO,NO,True
337,1228910,11417b6a-468b-4c8c-bec1-a388b81364bc.jpeg,3,Did they label 2 out of the 3 shaded sections as 2/5?,NO,NO,True
337,1228910,11417b6a-468b-4c8c-bec1-a388b81364bc.jpeg,4,Did they label each section of the fraction model with 1/5?,NO,NO,True
337,1228910,11417b6a-468b-4c8c-bec1-a388b81364bc.jpeg,5,Did they write a multiplication sentence?,NO,NO,True
338,1228910,1ee1bbce-cb7e-4eeb-97d2-c5ce73b493eb.jpeg,0,"Did the student correctly find a product of 6/15, or equivalent?",NO,NO,True
338,1228910,1ee1bbce-cb7e-4eeb-97d2-c5ce73b493eb.jpeg,1,Did they draw a rectangular fraction model?,YES,YES,True
338,1228910,1ee1bbce-cb7e-4eeb-97d2-c5ce73b493eb.jpeg,2,Did they group 3 out of the 5 sections to show 3/5?,NO,YES,False
338,1228910,1ee1bbce-cb7e-4eeb-97d2-c5ce73b493eb.jpeg,3,Did they label 2 out of the 3 shaded sections as 2/5?,NO,NO,True
338,1228910,1ee1bbce-cb7e-4eeb-97d2-c5ce73b493eb.jpeg,4,Did they label each section of the fraction model with 1/5?,NO,NO,True
338,1228910,1ee1bbce-cb7e-4eeb-97d2-c5ce73b493eb.jpeg,5,Did they write a multiplication sentence?,NO,NO,True
336,1228891,fb8c3c47-10e9-4f53-9240-af628856b71c.jpeg,0,Did the student correctly state the answer of 3/21?,NO,NO,True
336,1228891,fb8c3c47-10e9-4f53-9240-af628856b71c.jpeg,1,Does the student's model match the number sentence 1/3 times 3/7 = 3/21?,NO,NO,True
335,1228891,f7174a02-a115-4328-a86a-819657f71cfe.jpeg,0,Did the student correctly state the answer of 3/21?,YES,NO,False
335,1228891,f7174a02-a115-4328-a86a-819657f71cfe.jpeg,1,Does the student's model match the number sentence 1/3 times 3/7 = 3/21?,YES,YES,True
340,1228910,42564d9f-a4cb-49a1-9aa2-88d7f968495b.jpeg,0,"Did the student correctly find a product of 6/15, or equivalent?",NO,NO,True
340,1228910,42564d9f-a4cb-49a1-9aa2-88d7f968495b.jpeg,1,Did they draw a rectangular fraction model?,YES,YES,True
340,1228910,42564d9f-a4cb-49a1-9aa2-88d7f968495b.jpeg,2,Did they group 3 out of the 5 sections to show 3/5?,YES,YES,True
340,1228910,42564d9f-a4cb-49a1-9aa2-88d7f968495b.jpeg,3,Did they label 2 out of the 3 shaded sections as 2/5?,NO,NO,True
340,1228910,42564d9f-a4cb-49a1-9aa2-88d7f968495b.jpeg,4,Did they label each section of the fraction model with 1/5?,NO,NO,True
340,1228910,42564d9f-a4cb-49a1-9aa2-88d7f968495b.jpeg,5,Did they write a multiplication sentence?,YES,NO,False
339,1228910,3ed97c74-f661-47e2-b184-416025e7836a.jpeg,0,"Did the student correctly find a product of 6/15, or equivalent?",NO,NO,True
339,1228910,3ed97c74-f661-47e2-b184-416025e7836a.jpeg,1,Did they draw a rectangular fraction model?,YES,NO,False
339,1228910,3ed97c74-f661-47e2-b184-416025e7836a.jpeg,2,Did they group 3 out of the 5 sections to show 3/5?,NO,NO,True
339,1228910,3ed97c74-f661-47e2-b184-416025e7836a.jpeg,3,Did they label 2 out of the 3 shaded sections as 2/5?,NO,NO,True
339,1228910,3ed97c74-f661-47e2-b184-416025e7836a.jpeg,4,Did they label each section of the fraction model with 1/5?,NO,NO,True
339,1228910,3ed97c74-f661-47e2-b184-416025e7836a.jpeg,5,Did they write a multiplication sentence?,NO,NO,True
342,1228910,b67679de-6431-46c5-9380-5f5fc79df859.jpeg,0,"Did the student correctly find a product of 6/15, or equivalent?",YES,YES,True
342,1228910,b67679de-6431-46c5-9380-5f5fc79df859.jpeg,1,Did they draw a rectangular fraction model?,YES,YES,True
342,1228910,b67679de-6431-46c5-9380-5f5fc79df859.jpeg,2,Did they group 3 out of the 5 sections to show 3/5?,YES,YES,True
342,1228910,b67679de-6431-46c5-9380-5f5fc79df859.jpeg,3,Did they label 2 out of the 3 shaded sections as 2/5?,NO,NO,True
342,1228910,b67679de-6431-46c5-9380-5f5fc79df859.jpeg,4,Did they label each section of the fraction model with 1/5?,NO,YES,False
342,1228910,b67679de-6431-46c5-9380-5f5fc79df859.jpeg,5,Did they write a multiplication sentence?,YES,YES,True
341,1228910,5cf1edad-1788-456e-a635-d15fbcdcadc5.jpeg,0,"Did the student correctly find a product of 6/15, or equivalent?",NO,NO,True
341,1228910,5cf1edad-1788-456e-a635-d15fbcdcadc5.jpeg,1,Did they draw a rectangular fraction model?,YES,YES,True
341,1228910,5cf1edad-1788-456e-a635-d15fbcdcadc5.jpeg,2,Did they group 3 out of the 5 sections to show 3/5?,YES,YES,True
341,1228910,5cf1edad-1788-456e-a635-d15fbcdcadc5.jpeg,3,Did they label 2 out of the 3 shaded sections as 2/5?,NO,YES,False
341,1228910,5cf1edad-1788-456e-a635-d15fbcdcadc5.jpeg,4,Did they label each section of the fraction model with 1/5?,NO,NO,True
341,1228910,5cf1edad-1788-456e-a635-d15fbcdcadc5.jpeg,5,Did they write a multiplication sentence?,YES,NO,False
343,1228910,be60d7cf-342f-4c3c-a6b4-b0c968c09c5f.jpeg,0,"Did the student correctly find a product of 6/15, or equivalent?",YES,NO,False
343,1228910,be60d7cf-342f-4c3c-a6b4-b0c968c09c5f.jpeg,1,Did they draw a rectangular fraction model?,YES,YES,True
343,1228910,be60d7cf-342f-4c3c-a6b4-b0c968c09c5f.jpeg,2,Did they group 3 out of the 5 sections to show 3/5?,YES,YES,True
343,1228910,be60d7cf-342f-4c3c-a6b4-b0c968c09c5f.jpeg,3,Did they label 2 out of the 3 shaded sections as 2/5?,NO,YES,False
343,1228910,be60d7cf-342f-4c3c-a6b4-b0c968c09c5f.jpeg,4,Did they label each section of the fraction model with 1/5?,NO,YES,False
343,1228910,be60d7cf-342f-4c3c-a6b4-b0c968c09c5f.jpeg,5,Did they write a multiplication sentence?,NO,NO,True
344,1228910,daec0d73-946b-48ad-b4c8-ff29015ffe70.jpeg,0,"Did the student correctly find a product of 6/15, or equivalent?",YES,YES,True
344,1228910,daec0d73-946b-48ad-b4c8-ff29015ffe70.jpeg,1,Did they draw a rectangular fraction model?,YES,YES,True
344,1228910,daec0d73-946b-48ad-b4c8-ff29015ffe70.jpeg,2,Did they group 3 out of the 5 sections to show 3/5?,YES,YES,True
344,1228910,daec0d73-946b-48ad-b4c8-ff29015ffe70.jpeg,3,Did they label 2 out of the 3 shaded sections as 2/5?,NO,NO,True
344,1228910,daec0d73-946b-48ad-b4c8-ff29015ffe70.jpeg,4,Did they label each section of the fraction model with 1/5?,NO,NO,True
344,1228910,daec0d73-946b-48ad-b4c8-ff29015ffe70.jpeg,5,Did they write a multiplication sentence?,YES,YES,True
346,1228910,df9baea9-8710-4db3-bdb7-0ca8cec268f5.jpeg,0,"Did the student correctly find a product of 6/15, or equivalent?",YES,YES,True
346,1228910,df9baea9-8710-4db3-bdb7-0ca8cec268f5.jpeg,1,Did they draw a rectangular fraction model?,YES,YES,True
346,1228910,df9baea9-8710-4db3-bdb7-0ca8cec268f5.jpeg,2,Did they group 3 out of the 5 sections to show 3/5?,YES,NO,False
346,1228910,df9baea9-8710-4db3-bdb7-0ca8cec268f5.jpeg,3,Did they label 2 out of the 3 shaded sections as 2/5?,NO,NO,True
346,1228910,df9baea9-8710-4db3-bdb7-0ca8cec268f5.jpeg,4,Did they label each section of the fraction model with 1/5?,NO,NO,True
346,1228910,df9baea9-8710-4db3-bdb7-0ca8cec268f5.jpeg,5,Did they write a multiplication sentence?,YES,YES,True
347,1228910,e34c8b99-04fa-464a-8d5c-365d94dfab8a.jpeg,0,"Did the student correctly find a product of 6/15, or equivalent?",YES,YES,True
347,1228910,e34c8b99-04fa-464a-8d5c-365d94dfab8a.jpeg,1,Did they draw a rectangular fraction model?,YES,YES,True
347,1228910,e34c8b99-04fa-464a-8d5c-365d94dfab8a.jpeg,2,Did they group 3 out of the 5 sections to show 3/5?,YES,YES,True
347,1228910,e34c8b99-04fa-464a-8d5c-365d94dfab8a.jpeg,3,Did they label 2 out of the 3 shaded sections as 2/5?,NO,NO,True
347,1228910,e34c8b99-04fa-464a-8d5c-365d94dfab8a.jpeg,4,Did they label each section of the fraction model with 1/5?,NO,NO,True
347,1228910,e34c8b99-04fa-464a-8d5c-365d94dfab8a.jpeg,5,Did they write a multiplication sentence?,YES,YES,True
345,1228910,dd3836f0-cecb-4a31-90b5-62a44cd054dc.jpeg,0,"Did the student correctly find a product of 6/15, or equivalent?",YES,YES,True
345,1228910,dd3836f0-cecb-4a31-90b5-62a44cd054dc.jpeg,1,Did they draw a rectangular fraction model?,YES,YES,True
345,1228910,dd3836f0-cecb-4a31-90b5-62a44cd054dc.jpeg,2,Did they group 3 out of the 5 sections to show 3/5?,YES,YES,True
345,1228910,dd3836f0-cecb-4a31-90b5-62a44cd054dc.jpeg,3,Did they label 2 out of the 3 shaded sections as 2/5?,NO,NO,True
345,1228910,dd3836f0-cecb-4a31-90b5-62a44cd054dc.jpeg,4,Did they label each section of the fraction model with 1/5?,NO,NO,True
345,1228910,dd3836f0-cecb-4a31-90b5-62a44cd054dc.jpeg,5,Did they write a multiplication sentence?,NO,NO,True
363,1287671,061b5696-1fb4-493a-8bbf-20265ee2e6c1.jpeg,0,Did the student correctly represent that the value of each digit increases by two place values?,YES,YES,True
363,1287671,061b5696-1fb4-493a-8bbf-20265ee2e6c1.jpeg,1,Did the student correctly state that the product was 345.2?,YES,YES,True
364,1287671,13a25894-8c1d-4e7e-9f5f-2a937dbfebce.jpeg,0,Did the student correctly represent that the value of each digit increases by two place values?,YES,YES,True
364,1287671,13a25894-8c1d-4e7e-9f5f-2a937dbfebce.jpeg,1,Did the student correctly state that the product was 345.2?,YES,YES,True
349,1228910,ffa27498-336f-43d1-b598-be01d8371310.jpeg,0,"Did the student correctly find a product of 6/15, or equivalent?",NO,YES,False
349,1228910,ffa27498-336f-43d1-b598-be01d8371310.jpeg,1,Did they draw a rectangular fraction model?,YES,YES,True
349,1228910,ffa27498-336f-43d1-b598-be01d8371310.jpeg,2,Did they group 3 out of the 5 sections to show 3/5?,YES,YES,True
349,1228910,ffa27498-336f-43d1-b598-be01d8371310.jpeg,3,Did they label 2 out of the 3 shaded sections as 2/5?,NO,NO,True
349,1228910,ffa27498-336f-43d1-b598-be01d8371310.jpeg,4,Did they label each section of the fraction model with 1/5?,NO,NO,True
349,1228910,ffa27498-336f-43d1-b598-be01d8371310.jpeg,5,Did they write a multiplication sentence?,NO,NO,True
367,1287671,35a5a317-578c-4779-8fee-df3a12c5c5d3.jpeg,0,Did the student correctly represent that the value of each digit increases by two place values?,YES,NO,False
367,1287671,35a5a317-578c-4779-8fee-df3a12c5c5d3.jpeg,1,Did the student correctly state that the product was 345.2?,YES,YES,True
365,1287671,275f3f7a-c03b-445c-99f4-c072e4700574.jpeg,0,Did the student correctly represent that the value of each digit increases by two place values?,YES,NO,False
365,1287671,275f3f7a-c03b-445c-99f4-c072e4700574.jpeg,1,Did the student correctly state that the product was 345.2?,YES,YES,True
366,1287671,33a04e50-e993-4807-ac2e-1198343b7783.jpeg,0,Did the student correctly represent that the value of each digit increases by two place values?,YES,NO,False
366,1287671,33a04e50-e993-4807-ac2e-1198343b7783.jpeg,1,Did the student correctly state that the product was 345.2?,NO,NO,True
348,1228910,edaf68a3-a81c-4a82-b3a5-04f889735a1d.jpeg,0,"Did the student correctly find a product of 6/15, or equivalent?",YES,YES,True
348,1228910,edaf68a3-a81c-4a82-b3a5-04f889735a1d.jpeg,1,Did they draw a rectangular fraction model?,YES,YES,True
348,1228910,edaf68a3-a81c-4a82-b3a5-04f889735a1d.jpeg,2,Did they group 3 out of the 5 sections to show 3/5?,YES,YES,True
348,1228910,edaf68a3-a81c-4a82-b3a5-04f889735a1d.jpeg,3,Did they label 2 out of the 3 shaded sections as 2/5?,NO,YES,False
348,1228910,edaf68a3-a81c-4a82-b3a5-04f889735a1d.jpeg,4,Did they label each section of the fraction model with 1/5?,NO,NO,True
348,1228910,edaf68a3-a81c-4a82-b3a5-04f889735a1d.jpeg,5,Did they write a multiplication sentence?,NO,NO,True
369,1287671,78ddb27b-d0a8-4e3d-b793-789646beaf4a.jpeg,0,Did the student correctly represent that the value of each digit increases by two place values?,NO,YES,False
369,1287671,78ddb27b-d0a8-4e3d-b793-789646beaf4a.jpeg,1,Did the student correctly state that the product was 345.2?,NO,YES,False
370,1287671,97860ae0-6cf7-4d98-a9ad-e84c03db3ec5.jpeg,0,Did the student correctly represent that the value of each digit increases by two place values?,YES,YES,True
370,1287671,97860ae0-6cf7-4d98-a9ad-e84c03db3ec5.jpeg,1,Did the student correctly state that the product was 345.2?,YES,YES,True
368,1287671,459d01da-0ddd-466d-be20-abeda5acd101.jpeg,0,Did the student correctly represent that the value of each digit increases by two place values?,YES,NO,False
368,1287671,459d01da-0ddd-466d-be20-abeda5acd101.jpeg,1,Did the student correctly state that the product was 345.2?,NO,NO,True
371,1287671,a969e495-c958-4cb8-893b-e21cb1904898.jpeg,0,Did the student correctly represent that the value of each digit increases by two place values?,YES,YES,True
371,1287671,a969e495-c958-4cb8-893b-e21cb1904898.jpeg,1,Did the student correctly state that the product was 345.2?,YES,YES,True
372,1287671,be5ae751-c26f-4cd3-8bbb-dbb3840cd5f7.jpeg,0,Did the student correctly represent that the value of each digit increases by two place values?,YES,YES,True
372,1287671,be5ae751-c26f-4cd3-8bbb-dbb3840cd5f7.jpeg,1,Did the student correctly state that the product was 345.2?,YES,YES,True
374,1287671,f62c8669-1156-4702-8917-66729979836e.jpeg,0,Did the student correctly represent that the value of each digit increases by two place values?,YES,YES,True
374,1287671,f62c8669-1156-4702-8917-66729979836e.jpeg,1,Did the student correctly state that the product was 345.2?,YES,YES,True
375,1287672,3dcea030-04e0-48e7-a065-28491c9719a4.jpeg,0,Did the student correctly identify that dividing by 100 shifts the digits two place values to the right?,YES,NO,False
375,1287672,3dcea030-04e0-48e7-a065-28491c9719a4.jpeg,1,Did the student identify the correct quotient of 3.45?,NO,NO,True
377,1287672,63f5077f-d829-42f0-be19-50bedd91845c.jpeg,0,Did the student correctly identify that dividing by 100 shifts the digits two place values to the right?,YES,YES,True
377,1287672,63f5077f-d829-42f0-be19-50bedd91845c.jpeg,1,Did the student identify the correct quotient of 3.45?,YES,YES,True
376,1287672,5fc02617-3987-47f4-99b5-1557cf2ff1ea.jpeg,0,Did the student correctly identify that dividing by 100 shifts the digits two place values to the right?,NO,NO,True
376,1287672,5fc02617-3987-47f4-99b5-1557cf2ff1ea.jpeg,1,Did the student identify the correct quotient of 3.45?,NO,NO,True
379,1287672,759e66c9-d21b-4ceb-8739-61e1cd51de64.jpeg,0,Did the student correctly identify that dividing by 100 shifts the digits two place values to the right?,YES,YES,True
379,1287672,759e66c9-d21b-4ceb-8739-61e1cd51de64.jpeg,1,Did the student identify the correct quotient of 3.45?,YES,YES,True
373,1287671,c9cdabc1-7feb-41b6-8214-0fb8f035e39c.jpeg,0,Did the student correctly represent that the value of each digit increases by two place values?,NO,YES,False
373,1287671,c9cdabc1-7feb-41b6-8214-0fb8f035e39c.jpeg,1,Did the student correctly state that the product was 345.2?,NO,NO,True
378,1287672,75753237-57f7-4a42-8211-0405c64e77b7.jpeg,0,Did the student correctly identify that dividing by 100 shifts the digits two place values to the right?,NO,NO,True
378,1287672,75753237-57f7-4a42-8211-0405c64e77b7.jpeg,1,Did the student identify the correct quotient of 3.45?,NO,NO,True
380,1287672,9036e1e1-ec3b-4fae-af56-9a5caf4451c9.jpeg,0,Did the student correctly identify that dividing by 100 shifts the digits two place values to the right?,YES,YES,True
380,1287672,9036e1e1-ec3b-4fae-af56-9a5caf4451c9.jpeg,1,Did the student identify the correct quotient of 3.45?,NO,YES,False
383,1287672,b2c2c39d-b36c-4afb-a259-87737863883f.jpeg,0,Did the student correctly identify that dividing by 100 shifts the digits two place values to the right?,YES,YES,True
383,1287672,b2c2c39d-b36c-4afb-a259-87737863883f.jpeg,1,Did the student identify the correct quotient of 3.45?,YES,YES,True
384,1287672,cc6af163-b437-4d84-8e1e-d937b7acb38d.jpeg,0,Did the student correctly identify that dividing by 100 shifts the digits two place values to the right?,YES,YES,True
384,1287672,cc6af163-b437-4d84-8e1e-d937b7acb38d.jpeg,1,Did the student identify the correct quotient of 3.45?,YES,YES,True
381,1287672,a2afdc87-1df5-437b-aa61-0a9eaa0ed5c9.jpeg,0,Did the student correctly identify that dividing by 100 shifts the digits two place values to the right?,YES,NO,False
381,1287672,a2afdc87-1df5-437b-aa61-0a9eaa0ed5c9.jpeg,1,Did the student identify the correct quotient of 3.45?,YES,YES,True
382,1287672,aa409bf8-c779-4083-a899-e58aebbce2ca.jpeg,0,Did the student correctly identify that dividing by 100 shifts the digits two place values to the right?,NO,NO,True
382,1287672,aa409bf8-c779-4083-a899-e58aebbce2ca.jpeg,1,Did the student identify the correct quotient of 3.45?,NO,NO,True
385,1287672,ddef0be2-a077-49d7-8882-cafbf103adf5.jpeg,0,Did the student correctly identify that dividing by 100 shifts the digits two place values to the right?,YES,YES,True
385,1287672,ddef0be2-a077-49d7-8882-cafbf103adf5.jpeg,1,Did the student identify the correct quotient of 3.45?,YES,YES,True
386,1287672,ef9d8e36-2162-4798-b396-7f8ce789c222.jpeg,0,Did the student correctly identify that dividing by 100 shifts the digits two place values to the right?,YES,NO,False
386,1287672,ef9d8e36-2162-4798-b396-7f8ce789c222.jpeg,1,Did the student identify the correct quotient of 3.45?,YES,NO,False
387,1287672,efb3633b-d107-4d1a-a330-1e3cb97ad0e5.jpeg,0,Did the student correctly identify that dividing by 100 shifts the digits two place values to the right?,YES,YES,True
387,1287672,efb3633b-d107-4d1a-a330-1e3cb97ad0e5.jpeg,1,Did the student identify the correct quotient of 3.45?,YES,YES,True
388,1287672,f8069aed-b3ca-4289-8dfe-1dc16d486809.jpeg,0,Did the student correctly identify that dividing by 100 shifts the digits two place values to the right?,YES,NO,False
388,1287672,f8069aed-b3ca-4289-8dfe-1dc16d486809.jpeg,1,Did the student identify the correct quotient of 3.45?,NO,NO,True
389,1287672,fac41e96-d966-4709-868d-52d53ac4ce2b.jpeg,0,Did the student correctly identify that dividing by 100 shifts the digits two place values to the right?,YES,YES,True
389,1287672,fac41e96-d966-4709-868d-52d53ac4ce2b.jpeg,1,Did the student identify the correct quotient of 3.45?,YES,YES,True
390,1295292,086f5c88-d5f3-4b51-b0d4-0f5cdb499290.jpeg,0,Did the student use hundredths number disks to represent 7/100?,YES,YES,True
390,1295292,086f5c88-d5f3-4b51-b0d4-0f5cdb499290.jpeg,1,Did the student use tenths number disks to represent 7/100?,NO,NO,True
392,1295292,3450cc5e-58a5-4183-a973-8feba436237c.jpeg,0,Did the student use hundredths number disks to represent 7/100?,YES,YES,True
392,1295292,3450cc5e-58a5-4183-a973-8feba436237c.jpeg,1,Did the student use tenths number disks to represent 7/100?,NO,NO,True
391,1295292,16f58012-5f65-44e2-82a4-fb92814e5155.jpeg,0,Did the student use hundredths number disks to represent 7/100?,NO,NO,True
391,1295292,16f58012-5f65-44e2-82a4-fb92814e5155.jpeg,1,Did the student use tenths number disks to represent 7/100?,NO,YES,False
393,1295292,3a94f87c-6243-4b3a-a703-ddf691f2aa96.jpeg,0,Did the student use hundredths number disks to represent 7/100?,NO,NO,True
393,1295292,3a94f87c-6243-4b3a-a703-ddf691f2aa96.jpeg,1,Did the student use tenths number disks to represent 7/100?,YES,YES,True
395,1295292,516536e6-d0df-4567-9dac-5178814ee1fc.jpeg,0,Did the student use hundredths number disks to represent 7/100?,YES,YES,True
395,1295292,516536e6-d0df-4567-9dac-5178814ee1fc.jpeg,1,Did the student use tenths number disks to represent 7/100?,NO,NO,True
396,1295292,520e108b-885a-47e5-b34a-802ab7bb5b87.jpeg,0,Did the student use hundredths number disks to represent 7/100?,YES,NO,False
396,1295292,520e108b-885a-47e5-b34a-802ab7bb5b87.jpeg,1,Did the student use tenths number disks to represent 7/100?,NO,YES,False
394,1295292,3cf68ce6-cd4d-47b9-9f99-440981c3c27a.jpeg,0,Did the student use hundredths number disks to represent 7/100?,YES,YES,True
394,1295292,3cf68ce6-cd4d-47b9-9f99-440981c3c27a.jpeg,1,Did the student use tenths number disks to represent 7/100?,NO,NO,True
397,1295292,53108b43-7e5c-45b9-b0de-612ca3f3fe15.jpeg,0,Did the student use hundredths number disks to represent 7/100?,NO,YES,False
397,1295292,53108b43-7e5c-45b9-b0de-612ca3f3fe15.jpeg,1,Did the student use tenths number disks to represent 7/100?,NO,NO,True
400,1295292,b8146b21-a4ae-44a5-a85e-19ed2111a002.jpeg,0,Did the student use hundredths number disks to represent 7/100?,YES,YES,True
400,1295292,b8146b21-a4ae-44a5-a85e-19ed2111a002.jpeg,1,Did the student use tenths number disks to represent 7/100?,NO,NO,True
398,1295292,873c97b9-85a8-4082-a39f-596da394b39c.jpeg,0,Did the student use hundredths number disks to represent 7/100?,NO,NO,True
398,1295292,873c97b9-85a8-4082-a39f-596da394b39c.jpeg,1,Did the student use tenths number disks to represent 7/100?,YES,YES,True
399,1295292,9c3d164d-851b-416e-a576-d0ce9d3a9b3f.jpeg,0,Did the student use hundredths number disks to represent 7/100?,NO,YES,False
399,1295292,9c3d164d-851b-416e-a576-d0ce9d3a9b3f.jpeg,1,Did the student use tenths number disks to represent 7/100?,NO,YES,False
404,1295301,493de345-6e12-43c5-b565-fcd1fd9b17e2.jpeg,0,Did the student correctly identify that each tick marks represents one tenth or ten hundredths?,YES,NO,False
402,1295292,f4124fe4-eca2-44a4-b32f-7ae157222e97.jpeg,0,Did the student use hundredths number disks to represent 7/100?,NO,YES,False
402,1295292,f4124fe4-eca2-44a4-b32f-7ae157222e97.jpeg,1,Did the student use tenths number disks to represent 7/100?,NO,YES,False
405,1295301,988cf7fa-cba8-4ea5-843c-ed96c0b94b41.jpeg,0,Did the student correctly identify that each tick marks represents one tenth or ten hundredths?,YES,NO,False
401,1295292,efee0301-97f6-4201-9727-b1dcb367e528.jpeg,0,Did the student use hundredths number disks to represent 7/100?,YES,NO,False
401,1295292,efee0301-97f6-4201-9727-b1dcb367e528.jpeg,1,Did the student use tenths number disks to represent 7/100?,YES,NO,False
406,1295301,9b6dab34-9654-4e13-8595-02cfcd586aec.jpeg,0,Did the student correctly identify that each tick marks represents one tenth or ten hundredths?,YES,NO,False
407,1295301,aa59c3ca-5cf7-4e55-956c-30a85ed38745.jpeg,0,Did the student correctly identify that each tick marks represents one tenth or ten hundredths?,YES,NO,False
408,1295301,ac6984d7-624b-4b6d-b24f-c33134cd1e84.jpeg,0,Did the student correctly identify that each tick marks represents one tenth or ten hundredths?,YES,NO,False
411,1295301,bceec425-e158-4286-b5c9-6523009a5a09.jpeg,0,Did the student correctly identify that each tick marks represents one tenth or ten hundredths?,YES,NO,False
412,1295301,bf53cc1e-85df-4b54-8004-0717c579afca.jpeg,0,Did the student correctly identify that each tick marks represents one tenth or ten hundredths?,YES,NO,False
410,1295301,b80fe3e0-0af0-403f-8911-0dc5f70a36c2.jpeg,0,Did the student correctly identify that each tick marks represents one tenth or ten hundredths?,NO,NO,True
416,1295301,fac6c241-9056-42f6-b91d-e39f324fff93.jpeg,0,Did the student correctly identify that each tick marks represents one tenth or ten hundredths?,YES,NO,False
417,1295366,1d3de175-7315-45d0-b380-2d00b40d6694.jpeg,0,Did the student find the correct value of 30?,NO,NO,True
419,1295366,5002a32f-e248-4fa8-8934-14fdefe9080b.jpeg,0,Did the student find the correct value of 30?,NO,NO,True
418,1295366,27ea8971-deea-4cb3-9a04-faeb4a619130.jpeg,0,Did the student find the correct value of 30?,NO,NO,True
420,1295366,7a492cf4-88a0-4a02-845e-720f87ba055a.jpeg,0,Did the student find the correct value of 30?,YES,YES,True
421,1295366,7e2b4d1c-9aa0-4d41-b88a-508dfedd01e7.jpeg,0,Did the student find the correct value of 30?,YES,YES,True
424,1295366,ab523c00-adfc-4e97-94c1-24a7f24c5e91.jpeg,0,Did the student find the correct value of 30?,YES,YES,True
423,1295366,9cafdf63-999c-465b-aeb0-54afbd7e6465.jpeg,0,Did the student find the correct value of 30?,NO,NO,True
422,1295366,825256f5-eee0-4a87-835c-141f0312f390.jpeg,0,Did the student find the correct value of 30?,NO,NO,True
427,1295366,fcc2033c-0ca8-48c9-bbc5-5e97642f99d1.jpeg,0,Did the student find the correct value of 30?,NO,NO,True
425,1295366,bb9c0d5b-727d-4b8d-83a4-6284caf2dca7.jpeg,0,Did the student find the correct value of 30?,NO,NO,True
426,1295366,f803dbb5-23c5-4e62-8c6d-858a4313fa0a.jpeg,0,Did the student find the correct value of 30?,YES,YES,True
450,1394545,0deaface-1975-472d-bb47-f944df2a43a9.png,0,Did the student correctly place 11/20 and 55/100 as equivalent on the tape diagram?,NO,YES,False
450,1394545,0deaface-1975-472d-bb47-f944df2a43a9.png,1,Did the student correctly state the percent form of 11/20 is 55%?,NO,YES,False
450,1394545,0deaface-1975-472d-bb47-f944df2a43a9.png,2,Is the tape diagram split into 20ths on one side and hundredths on the other?,NO,YES,False
451,1394545,17631426-c25b-4444-beb9-f38bda2d3063.jpeg,0,Did the student correctly place 11/20 and 55/100 as equivalent on the tape diagram?,YES,YES,True
451,1394545,17631426-c25b-4444-beb9-f38bda2d3063.jpeg,1,Did the student correctly state the percent form of 11/20 is 55%?,YES,YES,True
451,1394545,17631426-c25b-4444-beb9-f38bda2d3063.jpeg,2,Is the tape diagram split into 20ths on one side and hundredths on the other?,YES,YES,True
454,1394545,2c9ae801-076d-40c3-99d3-be296a874e4b.jpeg,0,Did the student correctly place 11/20 and 55/100 as equivalent on the tape diagram?,NO,NO,True
454,1394545,2c9ae801-076d-40c3-99d3-be296a874e4b.jpeg,1,Did the student correctly state the percent form of 11/20 is 55%?,NO,NO,True
454,1394545,2c9ae801-076d-40c3-99d3-be296a874e4b.jpeg,2,Is the tape diagram split into 20ths on one side and hundredths on the other?,NO,NO,True
452,1394545,22399312-c44b-4ccb-a62f-48ad9f1f3e15.jpeg,0,Did the student correctly place 11/20 and 55/100 as equivalent on the tape diagram?,YES,NO,False
452,1394545,22399312-c44b-4ccb-a62f-48ad9f1f3e15.jpeg,1,Did the student correctly state the percent form of 11/20 is 55%?,YES,NO,False
452,1394545,22399312-c44b-4ccb-a62f-48ad9f1f3e15.jpeg,2,Is the tape diagram split into 20ths on one side and hundredths on the other?,NO,NO,True
456,1394545,48b4b519-a8b5-407f-840c-1dd76bb788f9.jpeg,0,Did the student correctly place 11/20 and 55/100 as equivalent on the tape diagram?,YES,YES,True
456,1394545,48b4b519-a8b5-407f-840c-1dd76bb788f9.jpeg,1,Did the student correctly state the percent form of 11/20 is 55%?,YES,YES,True
456,1394545,48b4b519-a8b5-407f-840c-1dd76bb788f9.jpeg,2,Is the tape diagram split into 20ths on one side and hundredths on the other?,YES,YES,True
455,1394545,3b4b7ea5-92d0-44f2-b70c-5c82c9e0667c.jpeg,0,Did the student correctly place 11/20 and 55/100 as equivalent on the tape diagram?,YES,NO,False
455,1394545,3b4b7ea5-92d0-44f2-b70c-5c82c9e0667c.jpeg,1,Did the student correctly state the percent form of 11/20 is 55%?,NO,NO,True
455,1394545,3b4b7ea5-92d0-44f2-b70c-5c82c9e0667c.jpeg,2,Is the tape diagram split into 20ths on one side and hundredths on the other?,NO,NO,True
453,1394545,26783f2c-717e-4211-9ff5-05ef5977da09.jpeg,0,Did the student correctly place 11/20 and 55/100 as equivalent on the tape diagram?,YES,NO,False
453,1394545,26783f2c-717e-4211-9ff5-05ef5977da09.jpeg,1,Did the student correctly state the percent form of 11/20 is 55%?,NO,NO,True
453,1394545,26783f2c-717e-4211-9ff5-05ef5977da09.jpeg,2,Is the tape diagram split into 20ths on one side and hundredths on the other?,NO,NO,True
457,1394545,6c47dfce-91a8-4533-a03f-5e588c1966db.jpeg,0,Did the student correctly place 11/20 and 55/100 as equivalent on the tape diagram?,NO,NO,True
457,1394545,6c47dfce-91a8-4533-a03f-5e588c1966db.jpeg,1,Did the student correctly state the percent form of 11/20 is 55%?,NO,NO,True
457,1394545,6c47dfce-91a8-4533-a03f-5e588c1966db.jpeg,2,Is the tape diagram split into 20ths on one side and hundredths on the other?,NO,NO,True
458,1394545,7977424a-07e1-4e8a-af3d-67c5589d384b.jpeg,0,Did the student correctly place 11/20 and 55/100 as equivalent on the tape diagram?,NO,NO,True
458,1394545,7977424a-07e1-4e8a-af3d-67c5589d384b.jpeg,1,Did the student correctly state the percent form of 11/20 is 55%?,YES,NO,False
458,1394545,7977424a-07e1-4e8a-af3d-67c5589d384b.jpeg,2,Is the tape diagram split into 20ths on one side and hundredths on the other?,NO,NO,True
459,1394545,8d183092-d7d4-4c11-905f-bcc746bda25a.jpeg,0,Did the student correctly place 11/20 and 55/100 as equivalent on the tape diagram?,YES,YES,True
459,1394545,8d183092-d7d4-4c11-905f-bcc746bda25a.jpeg,1,Did the student correctly state the percent form of 11/20 is 55%?,YES,YES,True
459,1394545,8d183092-d7d4-4c11-905f-bcc746bda25a.jpeg,2,Is the tape diagram split into 20ths on one side and hundredths on the other?,NO,YES,False
460,1394545,b7c19ddc-69d1-4d63-b33d-4e51b105bde7.jpeg,0,Did the student correctly place 11/20 and 55/100 as equivalent on the tape diagram?,YES,YES,True
460,1394545,b7c19ddc-69d1-4d63-b33d-4e51b105bde7.jpeg,1,Did the student correctly state the percent form of 11/20 is 55%?,NO,YES,False
460,1394545,b7c19ddc-69d1-4d63-b33d-4e51b105bde7.jpeg,2,Is the tape diagram split into 20ths on one side and hundredths on the other?,YES,YES,True
461,1394545,b7d66391-fdf2-42f3-afa2-123830c829b1.jpeg,0,Did the student correctly place 11/20 and 55/100 as equivalent on the tape diagram?,NO,NO,True
461,1394545,b7d66391-fdf2-42f3-afa2-123830c829b1.jpeg,1,Did the student correctly state the percent form of 11/20 is 55%?,NO,YES,False
461,1394545,b7d66391-fdf2-42f3-afa2-123830c829b1.jpeg,2,Is the tape diagram split into 20ths on one side and hundredths on the other?,NO,NO,True
462,1394545,baf9b0ab-410f-4ba1-b8d3-ca1b51c3bdd9.jpeg,0,Did the student correctly place 11/20 and 55/100 as equivalent on the tape diagram?,YES,NO,False
462,1394545,baf9b0ab-410f-4ba1-b8d3-ca1b51c3bdd9.jpeg,1,Did the student correctly state the percent form of 11/20 is 55%?,YES,NO,False
462,1394545,baf9b0ab-410f-4ba1-b8d3-ca1b51c3bdd9.jpeg,2,Is the tape diagram split into 20ths on one side and hundredths on the other?,YES,NO,False
465,1425492,16cc496f-878d-42ba-a0f2-74c3c7631ce9.jpeg,0,Did the student correctly idenitfy the quotient as 4?,YES,YES,True
465,1425492,16cc496f-878d-42ba-a0f2-74c3c7631ce9.jpeg,1,Did the student correctly show that there are four copies of 1/5 in 4/5?,YES,YES,True
463,1394545,dc4f8b22-ab5e-4f30-bbcc-561a84c0e09f.jpeg,0,Did the student correctly place 11/20 and 55/100 as equivalent on the tape diagram?,NO,NO,True
463,1394545,dc4f8b22-ab5e-4f30-bbcc-561a84c0e09f.jpeg,1,Did the student correctly state the percent form of 11/20 is 55%?,YES,YES,True
463,1394545,dc4f8b22-ab5e-4f30-bbcc-561a84c0e09f.jpeg,2,Is the tape diagram split into 20ths on one side and hundredths on the other?,NO,NO,True
466,1425492,1b6dc27b-7a8f-49c4-a80a-7f5a43a55bad.jpeg,0,Did the student correctly idenitfy the quotient as 4?,YES,YES,True
466,1425492,1b6dc27b-7a8f-49c4-a80a-7f5a43a55bad.jpeg,1,Did the student correctly show that there are four copies of 1/5 in 4/5?,NO,NO,True
464,1394545,e5d59a95-4097-4d1a-b235-e9b001dba8dc.jpeg,0,Did the student correctly place 11/20 and 55/100 as equivalent on the tape diagram?,YES,NO,False
464,1394545,e5d59a95-4097-4d1a-b235-e9b001dba8dc.jpeg,1,Did the student correctly state the percent form of 11/20 is 55%?,NO,NO,True
464,1394545,e5d59a95-4097-4d1a-b235-e9b001dba8dc.jpeg,2,Is the tape diagram split into 20ths on one side and hundredths on the other?,YES,NO,False
469,1425492,6446ad15-f74d-4b01-88c2-8cbf6d5eb784.jpeg,0,Did the student correctly idenitfy the quotient as 4?,YES,NO,False
469,1425492,6446ad15-f74d-4b01-88c2-8cbf6d5eb784.jpeg,1,Did the student correctly show that there are four copies of 1/5 in 4/5?,YES,NO,False
467,1425492,2fa89458-8057-4403-956d-5f70284c7f9d.jpeg,0,Did the student correctly idenitfy the quotient as 4?,YES,NO,False
467,1425492,2fa89458-8057-4403-956d-5f70284c7f9d.jpeg,1,Did the student correctly show that there are four copies of 1/5 in 4/5?,NO,NO,True
468,1425492,3593dac2-c5c5-4d9d-98d0-ced3192494f2.jpeg,0,Did the student correctly idenitfy the quotient as 4?,YES,YES,True
468,1425492,3593dac2-c5c5-4d9d-98d0-ced3192494f2.jpeg,1,Did the student correctly show that there are four copies of 1/5 in 4/5?,NO,NO,True
470,1425492,9700a08b-c429-4204-9d30-58c938a0b0db.jpeg,0,Did the student correctly idenitfy the quotient as 4?,YES,YES,True
470,1425492,9700a08b-c429-4204-9d30-58c938a0b0db.jpeg,1,Did the student correctly show that there are four copies of 1/5 in 4/5?,NO,NO,True
471,1425492,a6b2bf44-c2d3-4237-958b-c1ff4bc800a6.jpeg,0,Did the student correctly idenitfy the quotient as 4?,YES,YES,True
471,1425492,a6b2bf44-c2d3-4237-958b-c1ff4bc800a6.jpeg,1,Did the student correctly show that there are four copies of 1/5 in 4/5?,YES,YES,True
473,1425492,b66a1a91-f0b2-41f4-a991-a39338d5dd35.jpeg,0,Did the student correctly idenitfy the quotient as 4?,YES,YES,True
473,1425492,b66a1a91-f0b2-41f4-a991-a39338d5dd35.jpeg,1,Did the student correctly show that there are four copies of 1/5 in 4/5?,YES,YES,True
474,1425492,cc3525ab-c264-4b3a-b919-d36f0743c0fd.jpeg,0,Did the student correctly idenitfy the quotient as 4?,YES,YES,True
472,1425492,b359b18a-91ff-4be8-a75c-18669cfaa043.jpeg,0,Did the student correctly idenitfy the quotient as 4?,YES,YES,True
472,1425492,b359b18a-91ff-4be8-a75c-18669cfaa043.jpeg,1,Did the student correctly show that there are four copies of 1/5 in 4/5?,YES,NO,False
475,1425492,ce155339-1437-4881-ac36-8dcfeb1f3449.jpeg,0,Did the student correctly idenitfy the quotient as 4?,YES,YES,True
475,1425492,ce155339-1437-4881-ac36-8dcfeb1f3449.jpeg,1,Did the student correctly show that there are four copies of 1/5 in 4/5?,NO,NO,True
476,1425492,dc06a66c-fca5-4ee3-a3e2-97c153db5f5a.jpeg,0,Did the student correctly idenitfy the quotient as 4?,YES,YES,True
476,1425492,dc06a66c-fca5-4ee3-a3e2-97c153db5f5a.jpeg,1,Did the student correctly show that there are four copies of 1/5 in 4/5?,YES,YES,True
477,1425504,0a3dbc72-f09e-4436-b28b-dd59d8a73668.png,0,Did the student correctly show that there are 2 copies of 4/9 in 8/9?,NO,YES,False
477,1425504,0a3dbc72-f09e-4436-b28b-dd59d8a73668.png,1,Did the student correctly state that the quotient is 2?,NO,NO,True
478,1425504,28e956fe-c7b5-43c8-b3d3-f95c5cf51add.jpeg,0,Did the student correctly show that there are 2 copies of 4/9 in 8/9?,YES,YES,True
478,1425504,28e956fe-c7b5-43c8-b3d3-f95c5cf51add.jpeg,1,Did the student correctly state that the quotient is 2?,YES,YES,True
479,1425504,3149a5bb-5dcf-472a-9ad6-a3f2b7abb3f2.jpeg,0,Did the student correctly show that there are 2 copies of 4/9 in 8/9?,YES,YES,True
479,1425504,3149a5bb-5dcf-472a-9ad6-a3f2b7abb3f2.jpeg,1,Did the student correctly state that the quotient is 2?,YES,YES,True
480,1425504,3417db4d-d68a-4fca-90ca-1ab5eee89f64.jpeg,0,Did the student correctly show that there are 2 copies of 4/9 in 8/9?,YES,NO,False
480,1425504,3417db4d-d68a-4fca-90ca-1ab5eee89f64.jpeg,1,Did the student correctly state that the quotient is 2?,YES,NO,False
483,1425504,47c36ef9-695b-4b1a-9ae5-b9c88a682ca1.jpeg,0,Did the student correctly show that there are 2 copies of 4/9 in 8/9?,YES,YES,True
483,1425504,47c36ef9-695b-4b1a-9ae5-b9c88a682ca1.jpeg,1,Did the student correctly state that the quotient is 2?,YES,YES,True
481,1425504,346ff603-a000-422a-be0d-92d912bdf598.jpeg,0,Did the student correctly show that there are 2 copies of 4/9 in 8/9?,NO,YES,False
481,1425504,346ff603-a000-422a-be0d-92d912bdf598.jpeg,1,Did the student correctly state that the quotient is 2?,YES,YES,True
484,1425504,5998646a-388e-4577-9499-c59a22b5756e.jpeg,0,Did the student correctly show that there are 2 copies of 4/9 in 8/9?,YES,YES,True
484,1425504,5998646a-388e-4577-9499-c59a22b5756e.jpeg,1,Did the student correctly state that the quotient is 2?,YES,YES,True
482,1425504,40a15545-ccdb-42cd-b385-a03d5e9a81ae.jpeg,0,Did the student correctly show that there are 2 copies of 4/9 in 8/9?,YES,YES,True
482,1425504,40a15545-ccdb-42cd-b385-a03d5e9a81ae.jpeg,1,Did the student correctly state that the quotient is 2?,NO,NO,True
485,1425504,6d093706-6c4f-4ac1-840f-569d10b5d6f6.jpeg,0,Did the student correctly show that there are 2 copies of 4/9 in 8/9?,YES,NO,False
485,1425504,6d093706-6c4f-4ac1-840f-569d10b5d6f6.jpeg,1,Did the student correctly state that the quotient is 2?,YES,YES,True
489,1425504,a1d75a83-638c-4216-abbc-dd56e000ada6.jpeg,0,Did the student correctly show that there are 2 copies of 4/9 in 8/9?,YES,YES,True
489,1425504,a1d75a83-638c-4216-abbc-dd56e000ada6.jpeg,1,Did the student correctly state that the quotient is 2?,YES,YES,True
487,1425504,925d3d15-a7a6-456d-93bf-a008a14574dd.jpeg,0,Did the student correctly show that there are 2 copies of 4/9 in 8/9?,YES,YES,True
487,1425504,925d3d15-a7a6-456d-93bf-a008a14574dd.jpeg,1,Did the student correctly state that the quotient is 2?,YES,YES,True
486,1425504,74c6ca7c-ba43-44a5-9376-35494dce3765.jpeg,0,Did the student correctly show that there are 2 copies of 4/9 in 8/9?,YES,YES,True
486,1425504,74c6ca7c-ba43-44a5-9376-35494dce3765.jpeg,1,Did the student correctly state that the quotient is 2?,NO,NO,True
491,1425504,f82a333b-312c-4b2f-8738-a59af93068b0.png,0,Did the student correctly show that there are 2 copies of 4/9 in 8/9?,NO,YES,False
491,1425504,f82a333b-312c-4b2f-8738-a59af93068b0.png,1,Did the student correctly state that the quotient is 2?,NO,NO,True
488,1425504,a0b14cf0-45a4-4362-98c7-41bd763dcbc8.jpeg,0,Did the student correctly show that there are 2 copies of 4/9 in 8/9?,NO,NO,True
488,1425504,a0b14cf0-45a4-4362-98c7-41bd763dcbc8.jpeg,1,Did the student correctly state that the quotient is 2?,YES,YES,True
490,1425504,f4618f09-5e26-444f-92cd-e8743fbfdd34.jpeg,0,Did the student correctly show that there are 2 copies of 4/9 in 8/9?,NO,YES,False
490,1425504,f4618f09-5e26-444f-92cd-e8743fbfdd34.jpeg,1,Did the student correctly state that the quotient is 2?,NO,NO,True
492,1425516,1ac7d70e-d7e4-4d69-b041-b1156f83357d.jpeg,0,Did the student correctly show that there are 5 copies of 3/4 in 15/4?,YES,YES,True
492,1425516,1ac7d70e-d7e4-4d69-b041-b1156f83357d.jpeg,1,Did the student correctly state the quotient is 5?,YES,YES,True
495,1425516,5a1c795e-ee9b-4acd-8c94-96891f03b325.jpeg,0,Did the student correctly show that there are 5 copies of 3/4 in 15/4?,YES,NO,False
495,1425516,5a1c795e-ee9b-4acd-8c94-96891f03b325.jpeg,1,Did the student correctly state the quotient is 5?,YES,YES,True
493,1425516,1e8ae4fa-7d24-4460-9962-41f85ba440c8.jpeg,0,Did the student correctly show that there are 5 copies of 3/4 in 15/4?,YES,YES,True
493,1425516,1e8ae4fa-7d24-4460-9962-41f85ba440c8.jpeg,1,Did the student correctly state the quotient is 5?,YES,YES,True
497,1425516,b1d26452-e43b-4642-a222-e450f33c64dc.jpeg,0,Did the student correctly show that there are 5 copies of 3/4 in 15/4?,YES,YES,True
497,1425516,b1d26452-e43b-4642-a222-e450f33c64dc.jpeg,1,Did the student correctly state the quotient is 5?,YES,YES,True
496,1425516,994e542d-432a-4daa-abd3-e72beffc3b9d.jpeg,0,Did the student correctly show that there are 5 copies of 3/4 in 15/4?,YES,YES,True
496,1425516,994e542d-432a-4daa-abd3-e72beffc3b9d.jpeg,1,Did the student correctly state the quotient is 5?,YES,YES,True
499,1425516,c499523d-91e8-4bfa-954f-3a6631b3b0a2.jpeg,0,Did the student correctly show that there are 5 copies of 3/4 in 15/4?,YES,YES,True
499,1425516,c499523d-91e8-4bfa-954f-3a6631b3b0a2.jpeg,1,Did the student correctly state the quotient is 5?,NO,YES,False
498,1425516,c180ca48-b359-42d6-ac10-dd575ddcbace.jpeg,0,Did the student correctly show that there are 5 copies of 3/4 in 15/4?,NO,YES,False
498,1425516,c180ca48-b359-42d6-ac10-dd575ddcbace.jpeg,1,Did the student correctly state the quotient is 5?,YES,YES,True
494,1425516,3b53eff2-4e04-42b8-96f3-85c104efc05e.jpeg,0,Did the student correctly show that there are 5 copies of 3/4 in 15/4?,NO,NO,True
494,1425516,3b53eff2-4e04-42b8-96f3-85c104efc05e.jpeg,1,Did the student correctly state the quotient is 5?,YES,NO,False
500,1425516,c8d194e9-a2e7-46c0-92e5-7b11464a2abc.jpeg,0,Did the student correctly show that there are 5 copies of 3/4 in 15/4?,YES,YES,True
500,1425516,c8d194e9-a2e7-46c0-92e5-7b11464a2abc.jpeg,1,Did the student correctly state the quotient is 5?,YES,YES,True
