Metric,Value
Number of tests,1646
Number correct,1141
Accuracy rate,69.32%

row_num,problem_id,image_name,question_idx,question,model_answer,ground_truth,correct
1,1065658,04255753-0b36-495d-87eb-1e3cd0c97634.jpeg,0,Did students label the number line correctly?,YES,YES,True
1,1065658,04255753-0b36-495d-87eb-1e3cd0c97634.jpeg,1,Did students use arrows to indicate the direction of movement on the number line?,YES,YES,True
1,1065658,04255753-0b36-495d-87eb-1e3cd0c97634.jpeg,2,Is the final answer clearly marked on the number line?,YES,YES,True
1,1065658,04255753-0b36-495d-87eb-1e3cd0c97634.jpeg,3,Does the student label the magnitude of each arrow?,NO,NO,True
2,1065658,0a70eabf-c272-4d6b-a271-f44470be10dc.jpeg,0,Did students label the number line correctly?,YES,YES,True
2,1065658,0a70eabf-c272-4d6b-a271-f44470be10dc.jpeg,1,Did students use arrows to indicate the direction of movement on the number line?,YES,YES,True
2,1065658,0a70eabf-c272-4d6b-a271-f44470be10dc.jpeg,2,Is the final answer clearly marked on the number line?,YES,YES,True
2,1065658,0a70eabf-c272-4d6b-a271-f44470be10dc.jpeg,3,Did the student label the magnitude of each arrow on the number line diagram?,NO,NO,True
2,1065658,0a70eabf-c272-4d6b-a271-f44470be10dc.jpeg,4,Did the student use straight arrows or curved arrows to represent the sum of the integers on the number line diagram?,STRAIGHT ARROWS,NO,False
3,1065658,2292f546-86ba-4150-9888-eb4ea29067bf.jpeg,0,Did students label the number line correctly?,YES,YES,True
3,1065658,2292f546-86ba-4150-9888-eb4ea29067bf.jpeg,1,Did students use arrows to indicate the direction of movement on the number line?,YES,YES,True
3,1065658,2292f546-86ba-4150-9888-eb4ea29067bf.jpeg,2,Is the final answer clearly marked on the number line?,NO,NO,True
3,1065658,2292f546-86ba-4150-9888-eb4ea29067bf.jpeg,3,Did the student label the magnitude of each arrow?,NO,NO,True
4,1065658,2b804ad7-6c17-4ae9-b830-17d3bfc445b2.png,0,Did students label the number line correctly?,YES,YES,True
4,1065658,2b804ad7-6c17-4ae9-b830-17d3bfc445b2.png,1,Did students use arrows to indicate the direction of movement on the number line?,NO,NO,True
4,1065658,2b804ad7-6c17-4ae9-b830-17d3bfc445b2.png,2,Is the final answer clearly marked on the number line?,NO,NO,True
4,1065658,2b804ad7-6c17-4ae9-b830-17d3bfc445b2.png,3,Did the student label the magnitude of each arrow?,NO,NO,True
5,1065658,56005c1c-8182-423a-93cd-db884a59f7b0.png,0,Did students label the number line correctly?,YES,YES,True
5,1065658,56005c1c-8182-423a-93cd-db884a59f7b0.png,1,Did students use arrows to indicate the direction of movement on the number line?,NO,NO,True
5,1065658,56005c1c-8182-423a-93cd-db884a59f7b0.png,2,Is the final answer clearly marked on the number line?,NO,NO,True
5,1065658,56005c1c-8182-423a-93cd-db884a59f7b0.png,3,Did the student label the magnitude of each arrow on the number line?,NO,NO,True
6,1065658,80545ef3-0616-4318-8bc3-ce431ef79f9f.jpeg,0,Did students label the number line correctly?,YES,YES,True
6,1065658,80545ef3-0616-4318-8bc3-ce431ef79f9f.jpeg,1,Did students use arrows to indicate the direction of movement on the number line?,NO,NO,True
6,1065658,80545ef3-0616-4318-8bc3-ce431ef79f9f.jpeg,2,Is the final answer clearly marked on the number line?,YES,NO,False
6,1065658,80545ef3-0616-4318-8bc3-ce431ef79f9f.jpeg,3,Does the depiction of each addend start at the end of the depiction of the previous addend?,YES,NO,False
7,1065658,8cbadb4e-42f0-43eb-abef-6c652c1d0542.jpeg,0,Did students label the number line correctly?,YES,YES,True
7,1065658,8cbadb4e-42f0-43eb-abef-6c652c1d0542.jpeg,1,Did students use arrows to indicate the direction of movement on the number line?,NO,NO,True
7,1065658,8cbadb4e-42f0-43eb-abef-6c652c1d0542.jpeg,2,Is the final answer clearly marked on the number line?,YES,YES,True
7,1065658,8cbadb4e-42f0-43eb-abef-6c652c1d0542.jpeg,3,Did the student label the magnitude of each addend on the number line?,NO,NO,True
8,1065658,8ef9d302-d398-405c-990c-b7e5c7cf3be4.png,0,Did students label the number line correctly?,YES,YES,True
8,1065658,8ef9d302-d398-405c-990c-b7e5c7cf3be4.png,1,Did students use arrows to indicate the direction of movement on the number line?,YES,YES,True
8,1065658,8ef9d302-d398-405c-990c-b7e5c7cf3be4.png,2,Is the final answer clearly marked on the number line?,YES,YES,True
9,1065658,a5c95313-cfb3-4455-8a8c-de8efcfc9847.png,0,Did students label the number line correctly?,NO,NO,True
9,1065658,a5c95313-cfb3-4455-8a8c-de8efcfc9847.png,1,Did students use arrows to indicate the direction of movement on the number line?,NO,YES,False
9,1065658,a5c95313-cfb3-4455-8a8c-de8efcfc9847.png,2,Is the final answer clearly marked on the number line?,NO,NO,True
9,1065658,a5c95313-cfb3-4455-8a8c-de8efcfc9847.png,3,Did the student label each addend on the number line?,NO,NO,True
10,1065658,b4214e02-e3fb-41ea-8339-a450fce2c071.png,0,Did students label the number line correctly?,NO,YES,False
10,1065658,b4214e02-e3fb-41ea-8339-a450fce2c071.png,1,Did students use arrows to indicate the direction of movement on the number line?,NO,YES,False
10,1065658,b4214e02-e3fb-41ea-8339-a450fce2c071.png,2,Is the final answer clearly marked on the number line?,NO,YES,False
11,1065658,d3e07e18-11c1-4f8e-8cfa-32ef8a9a560e.jpeg,0,Did students label the number line correctly?,YES,YES,True
11,1065658,d3e07e18-11c1-4f8e-8cfa-32ef8a9a560e.jpeg,1,Did students use arrows to indicate the direction of movement on the number line?,NO,YES,False
11,1065658,d3e07e18-11c1-4f8e-8cfa-32ef8a9a560e.jpeg,2,Is the final answer clearly marked on the number line?,NO,YES,False
12,1065658,e33295ea-2b5c-4952-a53f-1fc2f288f4a7.jpeg,0,Did students label the number line correctly?,NO,YES,False
12,1065658,e33295ea-2b5c-4952-a53f-1fc2f288f4a7.jpeg,1,Did students use arrows to indicate the direction of movement on the number line?,NO,NO,True
12,1065658,e33295ea-2b5c-4952-a53f-1fc2f288f4a7.jpeg,2,Is the final answer clearly marked on the number line?,YES,YES,True
13,1065658,f0738571-7208-4c44-9083-11f5535cf3b4.jpeg,0,Did students label the number line correctly?,YES,YES,True
13,1065658,f0738571-7208-4c44-9083-11f5535cf3b4.jpeg,1,Did students use arrows to indicate the direction of movement on the number line?,NO,NO,True
13,1065658,f0738571-7208-4c44-9083-11f5535cf3b4.jpeg,2,Is the final answer clearly marked on the number line?,NO,YES,False
14,1066525,0cbf496f-4429-4a5b-ad41-8737be8dc29c.jpeg,0,Did the student correctly differentiate between the legs and the hypoteneuse?,YES,YES,True
15,1066525,26de330a-1430-4592-bd6f-4511ba1c49f1.png,0,Did the student correctly differentiate between the legs and the hypoteneuse?,YES,YES,True
16,1066525,275ead9b-03d7-4ae7-8764-eb5eceff807e.png,0,Did the student correctly differentiate between the legs and the hypoteneuse?,YES,YES,True
17,1066525,312e4a9d-da18-47ac-9bbb-9b51eb8252cb.jpeg,0,Did the student correctly differentiate between the legs and the hypoteneuse?,YES,YES,True
18,1066525,38c71e85-7fea-458d-9ebe-955ded2fd5ce.jpeg,0,Did the student correctly differentiate between the legs and the hypoteneuse?,YES,YES,True
19,1066525,44d4fea0-8cf5-445b-98b3-1b3d62ce617c.jpeg,0,Did the student correctly differentiate between the legs and the hypoteneuse?,YES,YES,True
20,1066525,7cced3ee-6560-4c04-8af6-c2885c15fb93.jpeg,0,Did the student correctly differentiate between the legs and the hypoteneuse?,YES,YES,True
21,1066525,7d69e46a-a244-41bc-9d4b-7c26620d74d5.png,0,Did the student correctly differentiate between the legs and the hypoteneuse?,YES,YES,True
22,1066525,8ba1e3c4-07dc-421c-bb33-e7cd7c6bc6b1.png,0,Did the student correctly differentiate between the legs and the hypoteneuse?,YES,YES,True
23,1066525,98aa4971-50a1-41ee-9df8-7b1884eeff7d.png,0,Did the student correctly differentiate between the legs and the hypoteneuse?,NO,YES,False
24,1066525,b94bc548-da8c-420c-a259-da442e1c417f.jpeg,0,Did the student correctly differentiate between the legs and the hypoteneuse?,YES,YES,True
25,1066525,ccef0c51-10f3-4af9-b2cf-b6b10769479d.jpeg,0,Did the student correctly differentiate between the legs and the hypoteneuse?,YES,YES,True
26,1066525,dd8d3e19-7538-483d-a977-5324ebdcf1b2.jpeg,0,Did the student correctly differentiate between the legs and the hypoteneuse?,NO,YES,False
27,1066525,e42732e9-3fa4-488e-808a-e4f1b8b7f303.jpeg,0,Did the student correctly differentiate between the legs and the hypoteneuse?,YES,YES,True
28,1066525,eefba64c-8d9b-4130-bc74-8ea7499fde66.jpeg,0,Did the student correctly differentiate between the legs and the hypoteneuse?,YES,NO,False
29,1066769,0bb9bd09-5694-4a71-893a-4f1e28bf7c28.jpeg,0,Does the formula the student used match the number line model?,NO,NO,True
30,1066769,11714771-3bae-4b97-96c7-418aba7ae879.jpeg,0,Does the formula the student used match the number line model?,YES,YES,True
31,1066769,1d71180e-3fce-4c8e-842c-a141421b72fa.jpeg,0,Does the formula the student used match the number line model?,YES,YES,True
32,1066769,25d5fdf4-5007-4d7c-b503-bd8ac829e607.jpeg,0,Does the formula the student used match the number line model?,NO,YES,False
33,1066769,3535abe9-ba97-4d29-af84-6a612ca25539.jpeg,0,Does the formula the student used match the number line model?,YES,YES,True
34,1066769,55937e96-da9b-443c-8f1e-4b6e1035b29b.jpeg,0,Does the formula the student used match the number line model?,NO,YES,False
35,1066769,801d70da-3db7-47ca-a6c9-6571d8be4e73.png,0,Does the formula the student used match the number line model?,NO,YES,False
36,1066769,9b548fbb-5bf8-45f9-a24c-a114e01b1eb7.jpeg,0,Does the formula the student used match the number line model?,YES,YES,True
37,1066769,b73fb06f-c997-4594-9f88-91a165ee69ca.png,0,Does the formula the student used match the number line model?,,NO,False
38,1066769,d45e81b2-2271-49aa-a314-7b2d0d7a072d.jpeg,0,Does the formula the student used match the number line model?,NO,NO,True
39,1066769,e91ba2f8-f9df-49a3-9f72-2c5fa2f2d9e0.jpeg,0,Does the formula the student used match the number line model?,YES,NO,False
40,1066769,edd4f9f0-1e97-46c2-958d-f9c19e3eb0d4.jpeg,0,Does the formula the student used match the number line model?,YES,NO,False
41,1066769,ee507113-578f-40c2-a721-f3b7fe6358d0.jpeg,0,Does the formula the student used match the number line model?,YES,NO,False
42,1066816,00a97a80-2884-438b-a34d-adacbbf2058f.png,0,Did the student correctly represent the water level using negative numbers?,NO,NO,True
42,1066816,00a97a80-2884-438b-a34d-adacbbf2058f.png,1,Did the student draw a horizontal number line diagram?,NO,YES,False
42,1066816,00a97a80-2884-438b-a34d-adacbbf2058f.png,2,Did the student label 0 as the normal water level on the diagram?,NO,NO,True
43,1066816,0826de7b-5f90-471d-8951-e5044117341c.png,0,Did the student correctly represent the water level using negative numbers?,NO,NO,True
43,1066816,0826de7b-5f90-471d-8951-e5044117341c.png,1,Did the student draw a horizontal number line diagram?,NO,YES,False
43,1066816,0826de7b-5f90-471d-8951-e5044117341c.png,2,Did the student label 0 as the normal water level on the diagram?,NO,NO,True
44,1066816,20d2b8f9-cd36-442a-8e70-045138787f90.jpeg,0,Did the student correctly represent the water level using negative numbers?,YES,NO,False
44,1066816,20d2b8f9-cd36-442a-8e70-045138787f90.jpeg,1,Did the student draw a horizontal number line diagram?,YES,YES,True
44,1066816,20d2b8f9-cd36-442a-8e70-045138787f90.jpeg,2,Did the student label 0 as the normal water level on the diagram?,YES,NO,False
45,1066816,67a02367-5fb8-461b-bb60-3fc053cc9ab9.jpeg,0,Did the student correctly represent the water level using negative numbers?,YES,YES,True
45,1066816,67a02367-5fb8-461b-bb60-3fc053cc9ab9.jpeg,1,Did the student draw a horizontal number line diagram?,YES,YES,True
45,1066816,67a02367-5fb8-461b-bb60-3fc053cc9ab9.jpeg,2,Did the student label 0 as the normal water level on the diagram?,YES,NO,False
46,1066816,80207e6c-ce8f-4779-ae8a-4f0f7cfc936a.jpeg,0,Did the student correctly represent the water level using negative numbers?,YES,NO,False
46,1066816,80207e6c-ce8f-4779-ae8a-4f0f7cfc936a.jpeg,1,Did the student draw a horizontal number line diagram?,YES,YES,True
46,1066816,80207e6c-ce8f-4779-ae8a-4f0f7cfc936a.jpeg,2,Did the student label 0 as the normal water level on the diagram?,NO,NO,True
47,1066816,8b74a953-5262-4e18-8a31-b4039aafa266.jpeg,0,Did the student correctly represent the water level using negative numbers?,NO,NO,True
47,1066816,8b74a953-5262-4e18-8a31-b4039aafa266.jpeg,1,Did the student draw a horizontal number line diagram?,YES,YES,True
47,1066816,8b74a953-5262-4e18-8a31-b4039aafa266.jpeg,2,Did the student label 0 as the normal water level on the diagram?,NO,NO,True
48,1066816,a12e8fec-22b0-4622-8fa5-2b0a6c595383.jpeg,0,Did the student correctly represent the water level using negative numbers?,NO,NO,True
48,1066816,a12e8fec-22b0-4622-8fa5-2b0a6c595383.jpeg,1,Did the student draw a horizontal number line diagram?,YES,YES,True
48,1066816,a12e8fec-22b0-4622-8fa5-2b0a6c595383.jpeg,2,Did the student label 0 as the normal water level on the diagram?,YES,NO,False
49,1066816,b91af8c8-4ab3-4807-b3e9-80189d0e3f9a.png,0,Did the student correctly represent the water level using negative numbers?,NO,NO,True
49,1066816,b91af8c8-4ab3-4807-b3e9-80189d0e3f9a.png,1,Did the student draw a horizontal number line diagram?,NO,YES,False
49,1066816,b91af8c8-4ab3-4807-b3e9-80189d0e3f9a.png,2,Did the student label 0 as the normal water level on the diagram?,NO,YES,False
50,1066816,c1e61987-501a-4bcb-9eda-02bcf269c704.png,0,Did the student correctly represent the water level using negative numbers?,NO,NO,True
50,1066816,c1e61987-501a-4bcb-9eda-02bcf269c704.png,1,Did the student draw a vertical number line diagram?,NO,YES,False
50,1066816,c1e61987-501a-4bcb-9eda-02bcf269c704.png,2,Did the student label 0 as the normal water level on the diagram?,NO,NO,True
51,1066816,e45adf34-47d1-4e6d-a8c9-ac58ac0faccb.png,0,Did the student correctly represent the water level using negative numbers?,NO,NO,True
51,1066816,e45adf34-47d1-4e6d-a8c9-ac58ac0faccb.png,1,Did the student draw a horizontal number line diagram?,NO,YES,False
51,1066816,e45adf34-47d1-4e6d-a8c9-ac58ac0faccb.png,2,Did the student label 0 as the normal water level on the diagram?,NO,NO,True
52,1066819,161be5c1-1cb7-4811-9ded-b142b54df59a.jpeg,0,Did the student use a horizontal number line to model this problem?,YES,YES,True
52,1066819,161be5c1-1cb7-4811-9ded-b142b54df59a.jpeg,1,Does the student's answer match the number line diagram?,YES,NO,False
53,1066819,2bd3b27b-c990-45b1-b3e0-7855da385a6b.png,0,Did the student use a horizontal number line to model this problem?,YES,YES,True
53,1066819,2bd3b27b-c990-45b1-b3e0-7855da385a6b.png,1,Does the student's answer match the number line diagram?,NO,NO,True
54,1066819,2f42939e-6f26-4954-9ba0-40dda0aeeab6.jpeg,0,Did the student use a vertical number line to model this problem?,YES,YES,True
54,1066819,2f42939e-6f26-4954-9ba0-40dda0aeeab6.jpeg,1,Does the student's answer match the number line diagram?,YES,YES,True
55,1066819,377c0fd4-a0e0-4091-8a14-42f407ac05fb.jpeg,0,Did the student use a horizontal number line to model this problem?,YES,YES,True
55,1066819,377c0fd4-a0e0-4091-8a14-42f407ac05fb.jpeg,1,Does the student's answer match the number line diagram?,YES,NO,False
56,1066819,3f7125d1-a084-48a6-b606-3edb36837c71.jpeg,0,Did the student use a horizontal number line to model this problem?,YES,YES,True
56,1066819,3f7125d1-a084-48a6-b606-3edb36837c71.jpeg,1,Does the student's answer match the number line diagram?,YES,YES,True
57,1066819,483bde13-b412-4858-9b9d-ef244c13ca98.png,0,Did the student use a horizontal number line to model this problem?,YES,YES,True
57,1066819,483bde13-b412-4858-9b9d-ef244c13ca98.png,1,Does the student's answer match the number line diagram?,NO,YES,False
58,1066819,5bf4a6b3-601a-4578-9171-34c3b21c9fcf.jpeg,0,Did the student use a horizontal number line to model this problem?,YES,YES,True
58,1066819,5bf4a6b3-601a-4578-9171-34c3b21c9fcf.jpeg,1,Does the student's answer match the number line diagram?,YES,YES,True
59,1066819,5f37bea7-209b-49d9-b7cc-06d2abd39124.png,0,Did the student use a horizontal number line to model this problem?,NO,YES,False
59,1066819,5f37bea7-209b-49d9-b7cc-06d2abd39124.png,1,Does the student's answer match the number line diagram?,NO,NO,True
60,1066819,61bccabc-1500-40e2-ab76-c69ded4bcc16.png,0,Did the student use a vertical number line to model this problem?,NO,YES,False
60,1066819,61bccabc-1500-40e2-ab76-c69ded4bcc16.png,1,Does the student's answer match the number line diagram?,NO,YES,False
61,1066819,7438b611-d296-47e6-8507-e898337dce11.jpeg,0,Did the student use a vertical number line to model this problem?,YES,YES,True
61,1066819,7438b611-d296-47e6-8507-e898337dce11.jpeg,1,Does the student's answer match the number line diagram?,NO,YES,False
62,1066819,93a06158-065e-43bc-a572-d889e24417ca.jpeg,0,Did the student use a horizontal number line to model this problem?,YES,YES,True
62,1066819,93a06158-065e-43bc-a572-d889e24417ca.jpeg,1,Does the student's answer match the number line diagram?,NO,NO,True
63,1066819,b4539436-38b4-4dda-87e5-aacc28e40130.jpeg,0,Did the student use a horizontal or vertical number line to model this problem?,NO,NO,True
63,1066819,b4539436-38b4-4dda-87e5-aacc28e40130.jpeg,1,Does the student's answer match the number line diagram?,NO,NO,True
64,1066819,deae1247-d706-4178-89f3-1f4e71060359.jpeg,0,Did the student use a vertical number line to model this problem?,YES,YES,True
64,1066819,deae1247-d706-4178-89f3-1f4e71060359.jpeg,1,Does the student's answer match the number line diagram?,YES,YES,True
65,1066820,27f288e8-6b14-4d9f-b4cd-9db39543b882.jpeg,0,Did the student use a horizontal number line to model this problem?,YES,YES,True
66,1066820,2ff9f5b0-db48-46c2-afff-3041e517cfd6.jpeg,0,Did the student use a horizontal number line to model this problem?,NO,YES,False
67,1066820,5568fa07-b294-40d7-9662-2906c21b28cb.jpeg,0,Did the student use a horizontal or vertical number line to model this problem?,VERTICAL,NO,False
68,1066820,6dc3dd0c-0460-4539-ad08-528a028afd93.jpeg,0,Did the student use a horizontal number line to model this problem?,YES,YES,True
69,1066820,88402054-bb18-4e68-8f95-ad9f9de33b74.png,0,Did the student use a horizontal number line to model this problem?,YES,YES,True
70,1066820,9dbd56d5-c0ac-4119-82d3-5432ca4d73cd.jpeg,0,Did the student use a horizontal or vertical number line to model this problem?,NO,NO,True
71,1066820,a0bec6da-7c2d-47b6-98e1-09d6f9ceaae3.png,0,Did the student use a horizontal number line to model this problem?,YES,YES,True
72,1066820,a8f69f2b-95df-4720-b0d0-11990b06d2d7.jpeg,0,Did the student use a horizontal number line to model this problem?,YES,YES,True
73,1066820,a9352065-a427-46e3-a043-78c7c8e652fc.jpeg,0,Did the student use a horizontal number line to model this problem?,YES,YES,True
74,1066820,c34286af-81b2-49ea-ae00-52c0d71312b5.jpeg,0,Did the student use a horizontal number line to model this problem?,YES,YES,True
75,1066820,d93ef0ca-ed8a-4438-96cb-ba3fbf57a78a.jpeg,0,Did the student use a horizontal number line to model this problem?,YES,YES,True
76,1130632,10baecbd-c964-428c-9227-d9ac862f6aed.jpeg,0,Did the student correctly draw five dots in each row in their array?,YES,NO,False
76,1130632,10baecbd-c964-428c-9227-d9ac862f6aed.jpeg,1,Did the student correctly draw two rows in their array?,YES,YES,True
76,1130632,10baecbd-c964-428c-9227-d9ac862f6aed.jpeg,2,Did the student draw a rectangular array?,YES,YES,True
77,1130632,2b358d81-ef56-4a91-a29d-7ec593fe5c3f.jpeg,0,Did the student correctly draw five dots in each row in their array?,YES,NO,False
77,1130632,2b358d81-ef56-4a91-a29d-7ec593fe5c3f.jpeg,1,Did the student correctly draw two rows in their array?,YES,NO,False
77,1130632,2b358d81-ef56-4a91-a29d-7ec593fe5c3f.jpeg,2,Did the student draw a rectangular array?,YES,NO,False
78,1130632,3446a6e2-f16f-4b2f-a985-918fb7b9a2c1.jpeg,0,Did the student correctly draw five dots in each row in their array?,NO,NO,True
78,1130632,3446a6e2-f16f-4b2f-a985-918fb7b9a2c1.jpeg,1,Did the student correctly draw two rows in their array?,NO,NO,True
78,1130632,3446a6e2-f16f-4b2f-a985-918fb7b9a2c1.jpeg,2,Did the student draw a rectangular array?,YES,YES,True
79,1130632,388cb3b7-4b2d-4aad-80ad-218bb83a4946.jpeg,0,Did the student correctly draw five dots in each row in their array?,YES,NO,False
79,1130632,388cb3b7-4b2d-4aad-80ad-218bb83a4946.jpeg,1,Did the student correctly draw two rows in their array?,YES,NO,False
79,1130632,388cb3b7-4b2d-4aad-80ad-218bb83a4946.jpeg,2,Did the student draw a rectangular array?,YES,NO,False
80,1130632,3a95f227-c270-4ad6-8417-f2ec392b7005.jpeg,0,Did the student correctly draw five dots in each row in their array?,YES,YES,True
80,1130632,3a95f227-c270-4ad6-8417-f2ec392b7005.jpeg,1,Did the student correctly draw two rows in their array?,YES,YES,True
80,1130632,3a95f227-c270-4ad6-8417-f2ec392b7005.jpeg,2,Did the student draw a rectangular array?,YES,YES,True
81,1130632,3d491565-f8c8-48bf-91cd-10c0c737f514.jpeg,0,Did the student correctly draw five dots in each row in their array?,YES,YES,True
81,1130632,3d491565-f8c8-48bf-91cd-10c0c737f514.jpeg,1,Did the student correctly draw two rows in their array?,YES,YES,True
81,1130632,3d491565-f8c8-48bf-91cd-10c0c737f514.jpeg,2,Did the student draw a rectangular array?,YES,YES,True
82,1130632,3e7c051f-ae26-4de3-9f1a-78c02bd9f503.jpeg,0,Did the student correctly draw five dots in each row in their array?,NO,NO,True
82,1130632,3e7c051f-ae26-4de3-9f1a-78c02bd9f503.jpeg,1,Did the student correctly draw two rows in their array?,YES,YES,True
82,1130632,3e7c051f-ae26-4de3-9f1a-78c02bd9f503.jpeg,2,Did the student draw a rectangular array?,NO,YES,False
83,1130632,99c36717-4145-4c85-a496-609e3a106bfb.jpeg,0,Did the student correctly draw five dots in each row in their array?,NO,NO,True
83,1130632,99c36717-4145-4c85-a496-609e3a106bfb.jpeg,1,Did the student correctly draw two rows in their array?,YES,YES,True
83,1130632,99c36717-4145-4c85-a496-609e3a106bfb.jpeg,2,Did the student draw a rectangular array?,YES,YES,True
84,1130632,a25d30d1-e9ac-4f95-8df8-44fc223797eb.jpeg,0,Did the student correctly draw five dots in each row in their array?,YES,NO,False
84,1130632,a25d30d1-e9ac-4f95-8df8-44fc223797eb.jpeg,1,Did the student correctly draw two rows in their array?,YES,NO,False
84,1130632,a25d30d1-e9ac-4f95-8df8-44fc223797eb.jpeg,2,Did the student draw a rectangular array?,NO,NO,True
85,1130632,cd32ba0e-92b0-4206-8886-2fef8f956ed3.jpeg,0,Did the student correctly draw five dots in each row in their array?,NO,NO,True
85,1130632,cd32ba0e-92b0-4206-8886-2fef8f956ed3.jpeg,1,Did the student correctly draw two rows in their array?,YES,NO,False
85,1130632,cd32ba0e-92b0-4206-8886-2fef8f956ed3.jpeg,2,Did the student draw a rectangular array?,NO,NO,True
86,1130632,d1fc81ea-fb41-4a15-b82b-9e28f731c0f0.jpeg,0,Did the student correctly draw five dots in each row in their array?,NO,NO,True
86,1130632,d1fc81ea-fb41-4a15-b82b-9e28f731c0f0.jpeg,1,Did the student correctly draw two rows in their array?,NO,NO,True
86,1130632,d1fc81ea-fb41-4a15-b82b-9e28f731c0f0.jpeg,2,Did the student draw a rectangular array?,YES,YES,True
87,1130632,dff7d4b6-02ef-40bf-8c91-290da61e8e42.jpeg,0,Did the student correctly draw five dots in each row in their array?,YES,YES,True
87,1130632,dff7d4b6-02ef-40bf-8c91-290da61e8e42.jpeg,1,Did the student correctly draw two rows in their array?,YES,YES,True
87,1130632,dff7d4b6-02ef-40bf-8c91-290da61e8e42.jpeg,2,Did the student draw a rectangular array?,YES,YES,True
88,1130632,f69ba77c-306d-41fc-9365-58424748b7bf.jpeg,0,Did the student correctly draw five dots in each row in their array?,NO,NO,True
88,1130632,f69ba77c-306d-41fc-9365-58424748b7bf.jpeg,1,Did the student correctly draw two rows in their array?,YES,NO,False
88,1130632,f69ba77c-306d-41fc-9365-58424748b7bf.jpeg,2,Did the student draw a rectangular array?,YES,NO,False
89,1130648,3761f796-9c7d-431b-86e8-436e363384df.jpeg,0,Did the student correctly write 3x6=18 to describe the array?,YES,YES,True
90,1130648,3f268b62-59f8-447f-a5ac-4ff508210a2b.jpeg,0,Did the student correctly write 3x6=18 to describe the array?,NO,NO,True
91,1130648,4d876298-454e-44e0-9267-5bce7c9e411f.jpeg,0,Did the student correctly write 3x6=18 to describe the array?,NO,YES,False
92,1130648,52698222-a0bc-4b2a-8cdb-5168ba5e2570.jpeg,0,Did the student correctly write 3x6=18 to describe the array?,NO,YES,False
93,1130648,67abc859-7b32-4f97-ac16-cf49ae734668.jpeg,0,Did the student correctly write 3x6=18 to describe the array?,NO,NO,True
94,1130648,74f20c66-26eb-4445-ab67-20d999f95ffa.jpeg,0,Did the student correctly write 3x6=18 to describe the array?,NO,NO,True
95,1130648,98382d6c-efcf-4631-afca-00927d043323.jpeg,0,Did the student correctly write 3x6=18 to describe the array?,NO,NO,True
96,1130648,a318e406-88da-4ff7-87e0-d192cff29d61.jpeg,0,Did the student correctly write 3x6=18 to describe the array?,NO,NO,True
97,1130648,c7b27dff-4d26-4853-9d16-ea6452df3dde.jpeg,0,Did the student correctly write 3x6=18 to describe the array?,YES,YES,True
98,1130648,c7d6b338-e151-430b-ba3b-120db2b479bc.jpeg,0,Did the student correctly write 3x6=18 to describe the array?,YES,YES,True
99,1130648,cad91cf3-538c-4b0b-a5ea-f74a7c22bb41.jpeg,0,Did the student correctly write 3x6=18 to describe the array?,YES,YES,True
100,1130648,d114b635-a5dc-4f95-a1e6-36f5311f3f75.jpeg,0,Did the student correctly write 3x6=18 to describe the array?,NO,NO,True
101,1130648,f79044ce-3ed1-43d3-8e83-66e20e07020b.jpeg,0,Did the student correctly write 3x6=18 to describe the array?,YES,YES,True
102,1139245,3a109f71-11cb-4817-872f-bb23bfeca1c4.jpeg,0,Did the student correctly create 5 groups of 3 balls?,NO,YES,False
103,1139245,3b9529d0-3045-4bde-8569-99f967020b26.jpeg,0,Did the student correctly create 5 groups of 3 balls?,YES,YES,True
104,1139245,441847f9-84fe-4623-afcf-36737f39af01.jpeg,0,Did the student correctly create 5 groups of 3 balls?,NO,NO,True
105,1139245,46865308-df50-4224-a933-2eaadf890ee5.jpeg,0,Did the student correctly create 5 groups of 3 balls?,YES,YES,True
106,1139245,84d4691c-d988-4822-a812-3da5de297c0a.jpeg,0,Did the student correctly create 5 groups of 3 balls?,NO,YES,False
107,1139245,8b911a43-3a35-4f24-b066-3dd37af6d8be.jpeg,0,Did the student correctly create 5 groups of 3 balls?,YES,YES,True
108,1139245,8c9dbd3b-1c26-4a89-80a8-be8387d95e4c.jpeg,0,Did the student correctly create 5 groups of 3 balls?,NO,YES,False
109,1139245,c0efe915-8189-4a0f-b022-e189e280e8e2.jpeg,0,Did the student correctly create 5 groups of 3 balls?,YES,YES,True
110,1139245,df2c4b0a-b490-4a29-9234-47422683239b.jpeg,0,Did the student correctly create 5 groups of 3 balls?,YES,YES,True
111,1139245,e4f23e92-7543-4257-9ee0-6b89e76a7a1f.jpeg,0,Did the student correctly create 5 groups of 3 balls?,YES,YES,True
112,1139245,e5f55e28-66c7-4146-b712-a3f441ea564b.jpeg,0,Did the student correctly create 5 groups of 3 balls?,YES,YES,True
113,1139245,f147039e-b4f8-4a08-ad77-c1188159bf9f.jpeg,0,Did the student correctly create 5 groups of 3 balls?,NO,YES,False
114,1139245,fa40168e-7784-431a-97ba-bb0f52712233.jpeg,0,Did the student correctly create 5 groups of 3 balls?,YES,YES,True
129,1139607,255d8258-ea32-4fe0-b564-7908b88367ab.jpeg,0,Are the note cards arranged into two rows of six?,NO,NO,True
129,1139607,255d8258-ea32-4fe0-b564-7908b88367ab.jpeg,1,Are the note cards arranged into two rows?,NO,NO,True
129,1139607,255d8258-ea32-4fe0-b564-7908b88367ab.jpeg,2,Did the student use an array to represent this problem?,NO,NO,True
130,1139607,398c9957-63c6-485b-aeb4-1113450158e9.jpeg,0,Are the note cards arranged into two rows of six?,YES,YES,True
130,1139607,398c9957-63c6-485b-aeb4-1113450158e9.jpeg,1,Are the note cards arranged into two rows?,YES,YES,True
130,1139607,398c9957-63c6-485b-aeb4-1113450158e9.jpeg,2,Did the student use an array to represent this problem?,YES,YES,True
131,1139607,47864fcb-d4d0-4d4b-afb0-1465015db89f.jpeg,0,Are the note cards arranged into two rows of six?,NO,NO,True
131,1139607,47864fcb-d4d0-4d4b-afb0-1465015db89f.jpeg,1,Are the note cards arranged into two rows?,NO,NO,True
131,1139607,47864fcb-d4d0-4d4b-afb0-1465015db89f.jpeg,2,Did the student use an array to represent this problem?,NO,NO,True
132,1139607,4e034c74-7774-4a40-a0ab-ef5c4e0224d7.jpeg,0,Are the note cards arranged into two rows of six?,YES,YES,True
132,1139607,4e034c74-7774-4a40-a0ab-ef5c4e0224d7.jpeg,1,Are the note cards arranged into two rows?,YES,YES,True
132,1139607,4e034c74-7774-4a40-a0ab-ef5c4e0224d7.jpeg,2,Did the student use an array to represent this problem?,YES,YES,True
133,1139607,56b985d8-6a92-4c9b-b118-57c034884437.jpeg,0,Are the note cards arranged into two rows of six?,YES,YES,True
133,1139607,56b985d8-6a92-4c9b-b118-57c034884437.jpeg,1,Are the note cards arranged into two rows?,YES,YES,True
133,1139607,56b985d8-6a92-4c9b-b118-57c034884437.jpeg,2,Did the student use an array to represent this problem?,YES,YES,True
134,1139607,5efe51d5-f2bb-407d-bf60-33d191a24138.jpeg,0,Are the note cards arranged into two rows of six?,YES,YES,True
134,1139607,5efe51d5-f2bb-407d-bf60-33d191a24138.jpeg,1,Are the note cards arranged into two rows?,YES,YES,True
134,1139607,5efe51d5-f2bb-407d-bf60-33d191a24138.jpeg,2,Did the student use an array to represent this problem?,YES,YES,True
135,1139607,6b91b152-5831-4185-a8f7-c8b626f62728.jpeg,0,Are the note cards arranged into two rows of six?,YES,YES,True
135,1139607,6b91b152-5831-4185-a8f7-c8b626f62728.jpeg,1,Are the note cards arranged into two rows?,YES,YES,True
135,1139607,6b91b152-5831-4185-a8f7-c8b626f62728.jpeg,2,Did the student use an array to represent this problem?,YES,YES,True
136,1139607,8ad4487c-bb0d-4c47-8056-f8177e1c2d9d.jpeg,0,Are the note cards arranged into two rows of six?,NO,NO,True
136,1139607,8ad4487c-bb0d-4c47-8056-f8177e1c2d9d.jpeg,1,Are the note cards arranged into two rows?,NO,NO,True
136,1139607,8ad4487c-bb0d-4c47-8056-f8177e1c2d9d.jpeg,2,Did the student use an array to represent this problem?,YES,NO,False
137,1139607,95cf3a9d-f5c7-4df5-b364-db71870f7c93.jpeg,0,Are the note cards arranged into two rows of six?,YES,YES,True
137,1139607,95cf3a9d-f5c7-4df5-b364-db71870f7c93.jpeg,1,Are the note cards arranged into two rows?,YES,YES,True
137,1139607,95cf3a9d-f5c7-4df5-b364-db71870f7c93.jpeg,2,Did the student use an array to represent this problem?,YES,YES,True
138,1139607,a018a0ec-d578-485f-9696-9d22d7af21cb.jpeg,0,Are the note cards arranged into two rows of six?,NO,YES,False
138,1139607,a018a0ec-d578-485f-9696-9d22d7af21cb.jpeg,1,Are the note cards arranged into two rows?,YES,YES,True
138,1139607,a018a0ec-d578-485f-9696-9d22d7af21cb.jpeg,2,Did the student use an array to represent this problem?,YES,YES,True
139,1139607,a124776f-a038-45a5-9179-7ab1613c88d5.jpeg,0,Are the note cards arranged into two rows of six?,YES,YES,True
139,1139607,a124776f-a038-45a5-9179-7ab1613c88d5.jpeg,1,Are the note cards arranged into two rows?,YES,YES,True
139,1139607,a124776f-a038-45a5-9179-7ab1613c88d5.jpeg,2,Did the student use an array to represent this problem?,YES,YES,True
140,1139607,b2a898d6-4cf9-4873-8b64-e7c872ffcb03.jpeg,0,Are the note cards arranged into two rows of six?,NO,NO,True
140,1139607,b2a898d6-4cf9-4873-8b64-e7c872ffcb03.jpeg,1,Are the note cards arranged into two rows?,NO,NO,True
140,1139607,b2a898d6-4cf9-4873-8b64-e7c872ffcb03.jpeg,2,Did the student use an array to represent this problem?,NO,NO,True
141,1139607,dbb57fc4-37da-420a-a19e-f8c874596e28.jpeg,0,Are the note cards arranged into two rows of six?,YES,NO,False
141,1139607,dbb57fc4-37da-420a-a19e-f8c874596e28.jpeg,1,Are the note cards arranged into two rows?,YES,NO,False
141,1139607,dbb57fc4-37da-420a-a19e-f8c874596e28.jpeg,2,Did the student use an array to represent this problem?,YES,YES,True
142,1139607,f0895da3-189b-4fc0-87db-7cf6d8d1286f.jpeg,0,Are the note cards arranged into two rows of six?,NO,NO,True
142,1139607,f0895da3-189b-4fc0-87db-7cf6d8d1286f.jpeg,1,Are the note cards arranged into two rows?,NO,NO,True
142,1139607,f0895da3-189b-4fc0-87db-7cf6d8d1286f.jpeg,2,Did the student use an array to represent this problem?,YES,YES,True
143,1188942,069d8ca8-8961-4bc3-8fe2-13887d3f58e1.jpeg,0,Did the student identify that 26 is closer to 30 than to 20?,NO,NO,True
144,1188942,0b3110d3-754e-466e-9a44-ecf39dda7fe5.jpeg,0,Did the student identify that 26 is closer to 30 than to 20?,YES,NO,False
145,1188942,2487c6c5-912d-4551-b6f2-bc1c2213fa0d.jpeg,0,Did the student identify that 26 is closer to 30 than to 20?,NO,NO,True
146,1188942,4e74b7c2-21ed-46fa-a161-fbc0e8b90d8f.jpeg,0,Did the student identify that 26 is closer to 30 than to 20?,YES,NO,False
147,1188942,5a7d6ee0-ea2c-4039-80c8-9181cc4bb657.jpeg,0,Did the student identify that 26 is closer to 30 than to 20?,NO,NO,True
148,1188942,7895d8f2-c4c2-484d-bfb9-7c6f4d0f3bc5.jpeg,0,Did the student identify that 26 is closer to 30 than to 20?,YES,YES,True
149,1188942,8ab53a2f-d7d7-4dfb-856d-51d4bb7a13b5.jpeg,0,Did the student identify that 26 is closer to 30 than to 20?,YES,NO,False
150,1188942,a1111ddf-3ff5-4579-86ec-a9f2de5b1282.jpeg,0,Did the student identify that 26 is closer to 30 than to 20?,YES,YES,True
151,1188942,ade30a9b-0cf2-4eda-8254-ee53a60562b5.jpeg,0,Did the student identify that 26 is closer to 30 than to 20?,NO,NO,True
152,1188942,baa3d46c-37bc-40ff-8219-ea1bd785d857.jpeg,0,Did the student identify that 26 is closer to 30 than to 20?,NO,NO,True
153,1188942,c8312640-e247-4e99-ae0b-72b333feb2db.jpeg,0,Did the student identify that 26 is closer to 30 than to 20?,NO,YES,False
154,1188942,eb37e23a-6a05-4cc7-aa25-7d77bfd29fba.jpeg,0,Did the student identify that 26 is closer to 30 than to 20?,NO,NO,True
155,1188942,fd7de4fd-07f7-4169-995e-88f08dc4413f.jpeg,0,Did the student identify that 26 is closer to 30 than to 20?,YES,NO,False
156,1189490,12038948-c2bb-4a15-b112-0408c0084b02.jpeg,0,Do the array and the tape diagram both show 18 divided by 2 equals 9?,NO,NO,True
157,1189490,1ef093cd-b981-4db0-a87e-713243d525c1.jpeg,0,Do the array and the tape diagram both show 18 divided by 2 equals 9?,NO,NO,True
158,1189490,3677d93f-ba81-4d9e-8feb-aadc141a2790.jpeg,0,Do the array and the tape diagram both show 18 divided by 2 equals 9?,NO,NO,True
158,1189490,3677d93f-ba81-4d9e-8feb-aadc141a2790.jpeg,1,Does the student's tape diagram accurately represent the total number of stickers in the problem?,NO,YES,False
159,1189490,49a179ea-ade3-4c9a-875c-5f2385194e36.jpeg,0,Do the array and the tape diagram both show 18 divided by 2 equals 9?,NO,YES,False
160,1189490,505bad11-2bbd-4df4-ab25-a87b4132d01a.jpeg,0,Do the array and the tape diagram both show 18 divided by 2 equals 9?,NO,YES,False
161,1189490,53020be1-4ef0-41aa-935d-27e89ea51efe.jpeg,0,Do the array and the tape diagram both show 18 divided by 2 equals 9?,NO,NO,True
162,1189490,60e59716-c691-4b05-8c3f-202b5e137147.jpeg,0,Do the array and the tape diagram both show 18 divided by 2 equals 9?,NO,YES,False
163,1189490,6f401d4f-27cb-4493-a94a-a0fbfc65e5c2.jpeg,0,Do the array and the tape diagram both show 18 divided by 2 equals 9?,NO,YES,False
164,1189490,768c9dca-9b70-4a39-936f-0248a231ec60.png,0,Do the array and the tape diagram both show 18 divided by 2 equals 9?,YES,NO,False
165,1189490,76be28ca-9ab4-4a95-920a-d890254b6268.jpeg,0,Do the array and the tape diagram both show 18 divided by 2 equals 9?,YES,YES,True
166,1189490,adf797fd-0c8c-433a-9f29-8d6f5e437c8b.jpeg,0,Do the array and the tape diagram both show 18 divided by 2 equals 9?,YES,YES,True
166,1189490,adf797fd-0c8c-433a-9f29-8d6f5e437c8b.jpeg,1,Is there a written response to this question?,NO,NO,True
167,1189490,c5418524-3c6a-48b3-a495-1b52a62ea262.jpeg,0,Do the array and the tape diagram both show 18 divided by 2 equals 9?,YES,YES,True
168,1189490,c9a28a68-1f2f-48ea-acfe-98adbcb98759.jpeg,0,Do the array and the tape diagram both show 18 divided by 2 equals 9?,YES,YES,True
169,1189490,ecb41d39-7e45-45c4-b7ef-5ce0bd304a83.jpeg,0,Do the array and the tape diagram both show 18 divided by 2 equals 9?,YES,YES,True
170,1212590,05f2c44f-ea50-4990-bcf7-b187efcd95a1.jpeg,0,"Did the student correctly box 0/6, 6/6, and 12/6?",YES,YES,True
171,1212590,13070a73-d63f-4e46-b0df-8b6348347388.jpeg,0,"Did the student correctly box 0/6, 6/6, and 12/6?",NO,YES,False
172,1212590,14bc5766-113a-4135-88f7-b1f188086d29.jpeg,0,"Did the student correctly box 0/6, 6/6, and 12/6?",NO,YES,False
173,1212590,74e8cf54-7bd0-4dc9-a7eb-e08279db38a3.jpeg,0,"Did the student correctly box 0/6, 6/6, and 12/6?",YES,YES,True
174,1212590,76afe2af-38bd-476f-9f3d-83f498c23ac2.jpeg,0,"Did the student correctly box 0/6, 6/6, and 12/6?",NO,NO,True
175,1212590,7e6e645f-113c-4115-87a8-52116eef8d28.jpeg,0,"Did the student correctly box 0/6, 6/6, and 12/6?",YES,YES,True
176,1212590,b2f91059-7ab5-4b7f-a1d5-4f2b5f238989.jpeg,0,"Did the student correctly box 0/6, 6/6, and 12/6?",YES,NO,False
177,1212590,c23efa95-ba27-40b4-9376-631cf500e18e.jpeg,0,"Did the student correctly box 0/6, 6/6, and 12/6?",NO,NO,True
178,1212590,c5528640-81e2-43f1-b7dd-af600d0796ad.jpeg,0,"Did the student correctly box 0/6, 6/6, and 12/6?",NO,YES,False
179,1212590,ea392b84-56e3-4522-933a-89908577cfa5.jpeg,0,"Did the student correctly box 0/6, 6/6, and 12/6?",NO,YES,False
180,1212590,ec7ce70d-da87-465e-a1b5-adef3c33dcda.jpeg,0,"Did the student correctly box 0/6, 6/6, and 12/6?",YES,YES,True
181,1212590,f623a51f-dd3a-495c-8521-b4fd0bf8e29e.jpeg,0,"Did the student correctly box 0/6, 6/6, and 12/6?",NO,NO,True
182,1212638,00ce6679-7738-4bda-9654-514675db20ba.png,0,Did the student correctly parition each whole into fourths?,YES,YES,True
182,1212638,00ce6679-7738-4bda-9654-514675db20ba.png,1,"Did the student correctly write the wholes 1, 2, and 3 as fractions?",NO,NO,True
183,1212638,05b1fbfc-b36b-42cf-8c07-9382a50f70ed.jpeg,0,Did the student correctly parition each whole into fourths?,YES,YES,True
183,1212638,05b1fbfc-b36b-42cf-8c07-9382a50f70ed.jpeg,1,"Did the student correctly write the wholes 1, 2, and 3 as fractions?",YES,YES,True
184,1212638,0ab024fa-71c6-4342-b5fa-926b25541a71.jpeg,0,Did the student correctly parition each whole into fourths?,YES,NO,False
184,1212638,0ab024fa-71c6-4342-b5fa-926b25541a71.jpeg,1,"Did the student correctly write the wholes 1, 2, and 3 as fractions?",YES,NO,False
185,1212638,1093f036-64e4-453f-a0c5-75d51693372f.jpeg,0,Did the student correctly parition each whole into fourths?,YES,YES,True
185,1212638,1093f036-64e4-453f-a0c5-75d51693372f.jpeg,1,"Did the student correctly write the wholes 1, 2, and 3 as fractions?",NO,NO,True
186,1212638,155ce6f2-55f2-442f-863b-d8b77645edcc.jpeg,0,Did the student correctly parition each whole into fourths?,YES,NO,False
186,1212638,155ce6f2-55f2-442f-863b-d8b77645edcc.jpeg,1,"Did the student correctly write the wholes 1, 2, and 3 as fractions?",NO,NO,True
187,1212638,66a62ca4-53d0-4c79-8439-34a1c3f71fba.jpeg,0,Did the student correctly parition each whole into fourths?,YES,YES,True
187,1212638,66a62ca4-53d0-4c79-8439-34a1c3f71fba.jpeg,1,"Did the student correctly write the wholes 1, 2, and 3 as fractions?",NO,NO,True
188,1212638,72a49c64-67e3-41c0-b35e-931a43462abe.jpeg,0,Did the student correctly parition each whole into fourths?,NO,NO,True
188,1212638,72a49c64-67e3-41c0-b35e-931a43462abe.jpeg,1,"Did the student correctly write the wholes 1, 2, and 3 as fractions?",NO,NO,True
189,1212638,94e9ff58-574b-4468-a30c-e32cd3dd2425.jpeg,0,Did the student correctly parition each whole into fourths?,YES,NO,False
189,1212638,94e9ff58-574b-4468-a30c-e32cd3dd2425.jpeg,1,"Did the student correctly write the wholes 1, 2, and 3 as fractions?",NO,NO,True
190,1212638,98f584a3-9845-47d7-99f3-3500537d95bf.jpeg,0,Did the student correctly parition each whole into fourths?,YES,YES,True
190,1212638,98f584a3-9845-47d7-99f3-3500537d95bf.jpeg,1,"Did the student correctly write the wholes 1, 2, and 3 as fractions?",YES,NO,False
191,1212638,a5bec076-f4d4-43e0-aae3-5d859543d9b3.jpeg,0,Did the student correctly parition each whole into fourths?,YES,YES,True
191,1212638,a5bec076-f4d4-43e0-aae3-5d859543d9b3.jpeg,1,"Did the student correctly write the wholes 1, 2, and 3 as fractions?",NO,NO,True
192,1212638,bef3e5af-94fa-4d58-822d-88e7d9641106.jpeg,0,Did the student correctly parition each whole into fourths?,YES,YES,True
192,1212638,bef3e5af-94fa-4d58-822d-88e7d9641106.jpeg,1,"Did the student correctly write the wholes 1, 2, and 3 as fractions?",YES,YES,True
193,1212638,e7d1786f-2e07-4829-ac84-7705c1387ff0.jpeg,0,Did the student correctly parition each whole into fourths?,YES,YES,True
193,1212638,e7d1786f-2e07-4829-ac84-7705c1387ff0.jpeg,1,"Did the student correctly write the wholes 1, 2, and 3 as fractions?",NO,NO,True
194,1212638,eb1b6b9e-0e30-4a9d-b517-1176be2b82b5.jpeg,0,Did the student correctly parition each whole into fourths?,YES,NO,False
194,1212638,eb1b6b9e-0e30-4a9d-b517-1176be2b82b5.jpeg,1,"Did the student correctly write the wholes 1, 2, and 3 as fractions?",NO,NO,True
195,1212638,f9e79038-b64f-47a3-a79b-e1146e235194.jpeg,0,Did the student correctly parition each whole into fourths?,NO,NO,True
195,1212638,f9e79038-b64f-47a3-a79b-e1146e235194.jpeg,1,"Did the student correctly write the wholes 1, 2, and 3 as fractions?",NO,NO,True
196,1212658,013230c8-b16a-47b7-a1a3-a465d185a201.jpeg,0,"Did the student correctly show that 1, 2/2, and 6/6 are all at the same place on the number line?",YES,YES,True
197,1212658,1336ae8e-671c-4cc0-8846-9ae80fb07e48.jpeg,0,"Did the student correctly show that 1, 2/2, and 6/6 are all at the same place on the number line?",YES,NO,False
198,1212658,1864bdaf-7662-48a7-995c-86cadc247289.jpeg,0,"Did the student correctly show that 1, 2/2, and 6/6 are all at the same place on the number line?",YES,YES,True
199,1212658,28254e01-52cc-4cb7-b553-bb6f3694f5c9.jpeg,0,"Did the student correctly show that 1, 2/2, and 6/6 are all at the same place on the number line?",NO,YES,False
200,1212658,42c47990-6cff-4e4b-893e-2101cac83b10.jpeg,0,"Did the student correctly show that 1, 2/2, and 6/6 are all at the same place on the number line?",YES,YES,True
201,1212658,44e01132-c056-4daf-9515-8fb135484085.jpeg,0,"Did the student correctly show that 1, 2/2, and 6/6 are all at the same place on the number line?",YES,YES,True
202,1212658,72c3e47f-92be-4b7a-a16a-bc31243de3a9.jpeg,0,"Did the student correctly show that 1, 2/2, and 6/6 are all at the same place on the number line?",NO,NO,True
203,1212658,8ca3eeff-7958-4a9d-8483-29968081aa7b.jpeg,0,"Did the student correctly show that 1, 2/2, and 6/6 are all at the same place on the number line?",NO,NO,True
204,1212658,cb3a8cce-6b5e-4a70-844f-aa61aecbdaca.jpeg,0,"Did the student correctly show that 1, 2/2, and 6/6 are all at the same place on the number line?",YES,YES,True
204,1212658,cb3a8cce-6b5e-4a70-844f-aa61aecbdaca.jpeg,1,Does this diagram demonstrate 3/6 is equivilent to 1/2?,YES,NO,False
205,1212658,d1f1427d-90da-443d-b1a9-9b73a7a9e20b.jpeg,0,"Did the student correctly show that 1, 2/2, and 6/6 are all at the same place on the number line?",NO,YES,False
206,1212658,d99cd3f6-15ae-40a3-85d6-cc9f72780fea.jpeg,0,"Did the student correctly show that 1, 2/2, and 6/6 are all at the same place on the number line?",YES,NO,False
207,1212658,dc20426f-702c-46d6-bda8-e6a71491d2bb.jpeg,0,"Did the student correctly show that 1, 2/2, and 6/6 are all at the same place on the number line?",YES,YES,True
208,1212658,e527addd-1027-4f80-a09b-706a234b05b0.jpeg,0,"Did the student correctly show that 1, 2/2, and 6/6 are all at the same place on the number line?",NO,NO,True
209,1213327,0de3e3e7-bcd3-437f-a82b-e3b2f1fbdec9.jpeg,0,Did the student correctly represent that 2 hundreds are equivalent to 20 tens?,YES,YES,True
210,1213327,402ce961-881c-4203-847a-6401af023bf5.jpeg,0,Did the student correctly represent that 2 hundreds are equivalent to 20 tens?,NO,NO,True
211,1213327,4914f7f0-4105-460f-9d7b-93ecb22adc72.jpeg,0,Did the student correctly represent that 2 hundreds are equivalent to 20 tens?,YES,NO,False
212,1213327,4aee2a7e-8159-406c-8e7b-2efc0727911a.jpeg,0,Did the student correctly represent that 2 hundreds are equivalent to 20 tens?,NO,NO,True
213,1213327,532be0e6-7f5d-49f6-93a6-2cf12ac05372.jpeg,0,Did the student correctly represent that 2 hundreds are equivalent to 20 tens?,YES,YES,True
214,1213327,75e2dbde-a983-4bf1-939f-5492a39d136c.jpeg,0,Did the student correctly represent that 2 hundreds are equivalent to 20 tens?,YES,YES,True
215,1213327,799228a7-d598-4934-86bf-cc3bc863d78e.jpeg,0,Did the student correctly represent that 2 hundreds are equivalent to 20 tens?,NO,NO,True
216,1213327,99a4f942-95ec-46c6-a79c-99a11cb1d576.jpeg,0,Did the student correctly represent that 2 hundreds are equivalent to 20 tens?,NO,NO,True
217,1213327,d07bd749-3ca1-441a-8655-000b06450ce7.jpeg,0,Did the student correctly represent that 2 hundreds are equivalent to 20 tens?,YES,YES,True
218,1213327,db348988-a377-4f38-a81b-14a8725a94fc.jpeg,0,Did the student correctly represent that 2 hundreds are equivalent to 20 tens?,YES,YES,True
219,1213327,df7cb580-d3cb-4e1a-bb90-18ef02a3b86c.jpeg,0,Did the student correctly represent that 2 hundreds are equivalent to 20 tens?,YES,NO,False
220,1213327,ebaef314-df98-4186-9ac4-ead6de54b86b.jpeg,0,Did the student correctly represent that 2 hundreds are equivalent to 20 tens?,NO,NO,True
221,1213640,04a96d9a-07f4-432a-b06b-8d8289dd4a3c.jpeg,0,Did the student correctly identify that 2/3 is equivalent to 4/6 in their explanation?,YES,YES,True
221,1213640,04a96d9a-07f4-432a-b06b-8d8289dd4a3c.jpeg,1,Did the student correctly label the value 4/6 on the number line?,NO,NO,True
221,1213640,04a96d9a-07f4-432a-b06b-8d8289dd4a3c.jpeg,2,Did the student place 2/3 and 4/6 at the same place on the number line?,NO,NO,True
222,1213640,548e414e-0054-4386-b4b3-3fde5933b36c.jpeg,0,Did the student correctly identify that 2/3 is equivalent to 4/6 in their explanation?,YES,NO,False
222,1213640,548e414e-0054-4386-b4b3-3fde5933b36c.jpeg,1,Did the student correctly label the value 4/6 on the number line?,YES,YES,True
222,1213640,548e414e-0054-4386-b4b3-3fde5933b36c.jpeg,2,Did the student place 2/3 and 4/6 at the same place on the number line?,YES,YES,True
223,1213640,992c6bcf-166f-4503-be0a-c3c4a837346e.jpeg,0,Did the student correctly identify that 2/3 is equivalent to 4/6 in their explanation?,NO,NO,True
223,1213640,992c6bcf-166f-4503-be0a-c3c4a837346e.jpeg,1,Did the student correctly label the value 4/6 on the number line?,NO,NO,True
223,1213640,992c6bcf-166f-4503-be0a-c3c4a837346e.jpeg,2,Did the student place 2/3 and 4/6 at the same place on the number line?,NO,NO,True
224,1213640,9c48b8a6-ded3-47d7-ab3c-524e80b101f0.jpeg,0,Did the student correctly identify that 2/3 is equivalent to 4/6 in their explanation?,YES,YES,True
224,1213640,9c48b8a6-ded3-47d7-ab3c-524e80b101f0.jpeg,1,Did the student correctly label the value 4/6 on the number line?,YES,NO,False
224,1213640,9c48b8a6-ded3-47d7-ab3c-524e80b101f0.jpeg,2,Did the student place 2/3 and 4/6 at the same place on the number line?,YES,NO,False
225,1213640,af3c3547-3d5e-4f9d-8525-f1280b809abb.jpeg,0,Did the student correctly identify that 2/3 is equivalent to 4/6 in their explanation?,YES,YES,True
225,1213640,af3c3547-3d5e-4f9d-8525-f1280b809abb.jpeg,1,Did the student correctly label the value 4/6 on the number line?,YES,YES,True
225,1213640,af3c3547-3d5e-4f9d-8525-f1280b809abb.jpeg,2,Did the student place 2/3 and 4/6 at the same place on the number line?,YES,YES,True
226,1213640,bac47510-7de1-4f9d-b9dc-995f9d5c5589.jpeg,0,Did the student correctly identify that 2/3 is equivalent to 4/6 in their explanation?,YES,YES,True
226,1213640,bac47510-7de1-4f9d-b9dc-995f9d5c5589.jpeg,1,Did the student correctly label the value 4/6 on the number line?,YES,YES,True
226,1213640,bac47510-7de1-4f9d-b9dc-995f9d5c5589.jpeg,2,Did the student place 2/3 and 4/6 at the same place on the number line?,YES,YES,True
227,1213640,cbea8053-e587-4cfd-988d-e2652cef7ebd.jpeg,0,Did the student correctly identify that 2/3 is equivalent to 4/6 in their explanation?,YES,NO,False
227,1213640,cbea8053-e587-4cfd-988d-e2652cef7ebd.jpeg,1,Did the student correctly label the value 4/6 on the number line?,YES,NO,False
227,1213640,cbea8053-e587-4cfd-988d-e2652cef7ebd.jpeg,2,Did the student place 2/3 and 4/6 at the same place on the number line?,YES,NO,False
228,1213640,e0bd2e3b-85c6-4b98-ae70-660d6a529592.jpeg,0,Did the student correctly identify that 2/3 is equivalent to 4/6 in their explanation?,YES,NO,False
228,1213640,e0bd2e3b-85c6-4b98-ae70-660d6a529592.jpeg,1,Did the student correctly label the value 4/6 on the number line?,YES,NO,False
228,1213640,e0bd2e3b-85c6-4b98-ae70-660d6a529592.jpeg,2,Did the student place 2/3 and 4/6 at the same place on the number line?,YES,NO,False
229,1213640,e85507a3-5eaa-472e-b53c-42b8f45b8f68.jpeg,0,Did the student correctly identify that 2/3 is equivalent to 4/6 in their explanation?,YES,YES,True
229,1213640,e85507a3-5eaa-472e-b53c-42b8f45b8f68.jpeg,1,Did the student correctly label the value 4/6 on the number line?,YES,YES,True
229,1213640,e85507a3-5eaa-472e-b53c-42b8f45b8f68.jpeg,2,Did the student place 2/3 and 4/6 at the same place on the number line?,YES,YES,True
230,1213640,e8727fac-bff7-405d-99a8-5fc3a5f2552d.jpeg,0,Did the student correctly identify that 2/3 is equivalent to 4/6 in their explanation?,YES,YES,True
230,1213640,e8727fac-bff7-405d-99a8-5fc3a5f2552d.jpeg,1,Did the student correctly label the value 4/6 on the number line?,YES,YES,True
230,1213640,e8727fac-bff7-405d-99a8-5fc3a5f2552d.jpeg,2,Did the student place 2/3 and 4/6 at the same place on the number line?,YES,YES,True
231,1213640,f8717f8a-7358-43f8-a65a-98f634b78a7b.jpeg,0,Did the student correctly identify that 2/3 is equivalent to 4/6 in their explanation?,YES,YES,True
231,1213640,f8717f8a-7358-43f8-a65a-98f634b78a7b.jpeg,1,Did the student correctly label the value 4/6 on the number line?,YES,YES,True
231,1213640,f8717f8a-7358-43f8-a65a-98f634b78a7b.jpeg,2,Did the student place 2/3 and 4/6 at the same place on the number line?,YES,YES,True
232,1213643,09148984-0814-4f08-bc6a-aeecfcc90403.jpeg,0,Did the student correctly state that there are four copies of 1/4 in one whole?,YES,YES,True
233,1213643,11e40909-0483-45d7-b084-f922e164d925.jpeg,0,Did the student correctly state that there are four copies of 1/4 in one whole?,YES,YES,True
234,1213643,340ce907-eec8-4f60-a3c4-c1717feaf895.jpeg,0,Did the student correctly state that there are four copies of 1/4 in one whole?,YES,NO,False
235,1213643,432805bc-761b-4b5b-9954-8e3e6fc9d002.jpeg,0,Did the student correctly state that there are four copies of 1/4 in one whole?,YES,NO,False
236,1213643,5bb0f529-4ce7-4ba9-b726-5e8650051e2b.jpeg,0,Did the student correctly state that there are four copies of 1/4 in one whole?,YES,YES,True
237,1213643,735946ad-34e8-4f06-a897-11e4d7d2fc97.jpeg,0,Did the student correctly state that there are four copies of 1/4 in one whole?,YES,YES,True
238,1213643,74c2e022-6240-4715-ac67-f3f6e20251ca.jpeg,0,Did the student correctly state that there are four copies of 1/4 in one whole?,YES,YES,True
239,1213643,76dc3154-e3ef-40ad-94b1-7a1faae1cc51.jpeg,0,Did the student correctly state that there are four copies of 1/4 in one whole?,YES,YES,True
240,1213643,7e2198cd-5540-4a4c-96be-73a01d4aca87.jpeg,0,Did the student correctly state that there are four copies of 1/4 in one whole?,YES,YES,True
241,1213643,9142071f-567e-4484-8f34-2a2bf6a73e5d.jpeg,0,Did the student correctly state that there are four copies of 1/4 in one whole?,YES,YES,True
242,1213643,9fb2e22b-d8cc-4705-b047-0d812bf16dc7.jpeg,0,Did the student correctly state that there are four copies of 1/4 in one whole?,YES,YES,True
243,1213643,b2bee459-0880-46c5-948a-4df2a7ef8dc8.jpeg,0,Did the student correctly state that there are four copies of 1/4 in one whole?,YES,YES,True
244,1213643,dbacd54f-553f-4349-a55c-14285a4587b4.jpeg,0,Did the student correctly state that there are four copies of 1/4 in one whole?,YES,YES,True
245,1213643,e8744139-d393-47fd-9763-69dbe485a055.jpeg,0,Did the student correctly state that there are four copies of 1/4 in one whole?,YES,YES,True
246,1220849,17d95adb-d1df-4da2-8320-3e4f451bef63.jpeg,0,Did the student correctly place -2 1/2 to the right of -3 on the number line?,YES,YES,True
246,1220849,17d95adb-d1df-4da2-8320-3e4f451bef63.jpeg,1,"Did the student state that because -2 1/2 is to the right of -3 on the number line, -2 1/2 is the greater value?",NO,NO,True
247,1220849,7e7a5a00-0ee7-4c8c-992b-1644d4dcbbc3.jpeg,0,Did the student correctly place -2 1/2 to the right of -3 on the number line?,YES,YES,True
247,1220849,7e7a5a00-0ee7-4c8c-992b-1644d4dcbbc3.jpeg,1,"Did the student state that because -2 1/2 is to the right of -3 on the number line, -2 1/2 is the greater value?",NO,NO,True
248,1220849,9907b993-3f7a-4fd0-bbb9-e92e28bce19a.jpeg,0,Did the student correctly place -2 1/2 to the right of -3 on the number line?,YES,YES,True
248,1220849,9907b993-3f7a-4fd0-bbb9-e92e28bce19a.jpeg,1,"Did the student state that because -2 1/2 is to the right of -3 on the number line, -2 1/2 is the greater value?",NO,YES,False
249,1220849,bd431df1-5f54-4297-8ac6-9c2595844101.png,0,Did the student correctly place -2 1/2 to the right of -3 on the number line?,NO,YES,False
249,1220849,bd431df1-5f54-4297-8ac6-9c2595844101.png,1,"Did the student state that because -2 1/2 is to the right of -3 on the number line, -2 1/2 is the greater value?",NO,NO,True
250,1220849,d40b4063-9837-4d19-bebb-7a854edb99d4.jpeg,0,Did the student correctly place -2 1/2 to the right of -3 on the number line?,YES,YES,True
250,1220849,d40b4063-9837-4d19-bebb-7a854edb99d4.jpeg,1,"Did the student state that because -2 1/2 is to the right of -3 on the number line, -2 1/2 is the greater value?",NO,NO,True
251,1220849,df6dab81-d0fd-40d9-823d-4728b86defde.png,0,Did the student correctly place -2 1/2 to the right of -3 on the number line?,NO,YES,False
251,1220849,df6dab81-d0fd-40d9-823d-4728b86defde.png,1,"Did the student state that because -2 1/2 is to the right of -3 on the number line, -2 1/2 is the greater value?",NO,NO,True
252,1220849,e85104bc-f1d3-4c90-8b2b-d2c4f621d502.jpeg,0,Did the student correctly place -2 1/2 to the right of -3 on the number line?,YES,YES,True
252,1220849,e85104bc-f1d3-4c90-8b2b-d2c4f621d502.jpeg,1,"Did the student state that because -2 1/2 is to the right of -3 on the number line, -2 1/2 is the greater value?",NO,NO,True
253,1220849,f8c187c0-9840-4838-9f3c-e76a46c82a06.jpeg,0,Did the student correctly place -2 1/2 to the right of -3 on the number line?,YES,YES,True
253,1220849,f8c187c0-9840-4838-9f3c-e76a46c82a06.jpeg,1,"Did the student state that because -2 1/2 is to the right of -3 on the number line, -2 1/2 is the greater value?",NO,NO,True
254,1221395,21602f72-9a79-4aaa-896c-f34f9d846131.jpeg,0,Are the numbers plotted correctly given the scale?,NO,NO,True
255,1221395,2b564f4b-7a18-422a-a4f8-7a9acc5a2414.jpeg,0,Are the numbers plotted correctly given the scale?,NO,YES,False
256,1221395,31f093f0-70e7-420c-bcfd-d3cdeace48af.png,0,Are the numbers plotted correctly given the scale?,NO,YES,False
257,1221395,34461f7f-6e36-46d3-9292-7b9ed27e30d6.jpeg,0,Are the numbers plotted correctly given the scale?,YES,NO,False
258,1221395,5125456f-eb82-43f0-9077-63e74727bf8b.jpeg,0,Are the numbers plotted correctly given the scale?,YES,NO,False
259,1221395,7f81b63c-1879-4a0b-96a7-73f51df533f4.jpeg,0,Are the numbers plotted correctly given the scale?,YES,NO,False
260,1221395,8cf498bb-0ccf-46d9-b2b6-dc96e8648ae9.jpeg,0,Are the numbers plotted correctly given the scale?,NO,YES,False
261,1221395,95058d9e-8062-4eeb-86ac-9524dbfc34d1.jpeg,0,Are the numbers plotted correctly given the scale?,NO,YES,False
262,1221395,ed3397a3-c8a3-4422-bef0-6647ded6ef8f.jpeg,0,Are the numbers plotted correctly given the scale?,YES,YES,True
263,1222298,0c9cc50f-fb86-4cc9-8649-9ae80c078b10.jpeg,0,Did the student correctly represent the picnic area as 0?,NO,YES,False
264,1222298,61c27dd6-e665-4b2b-a8f2-f5cb13659743.jpeg,0,Did the student correctly represent the picnic area as 0?,NO,YES,False
265,1222298,74d63c25-f46b-4155-bb08-d6f3f332fadf.jpeg,0,Did the student correctly represent the picnic area as 0?,NO,YES,False
266,1222298,8c39b75f-c6fa-4b80-a53c-cb8c995c4c2e.jpeg,0,Did the student correctly represent the picnic area as 0?,YES,YES,True
267,1222298,bbcb69c8-96db-49bc-911b-29011e3992e8.jpeg,0,Did the student correctly represent the picnic area as 0?,NO,YES,False
268,1222298,d5fff899-4efa-4eb9-88ae-22f3cf557bd6.jpeg,0,Did the student correctly represent the picnic area as 0?,YES,YES,True
269,1222298,d74df408-b767-4742-a893-16e81aa90852.jpeg,0,Did the student correctly represent the picnic area as 0?,YES,YES,True
270,1222298,e151bd4b-51b1-4b10-b820-9f89d5885f79.jpeg,0,Did the student correctly represent the picnic area as 0?,YES,YES,True
271,1222298,e92b2601-6d07-4df3-bd44-60c96323480b.jpeg,0,Did the student correctly represent the picnic area as 0?,YES,YES,True
272,1222537,380b0a62-cd36-423f-b6b4-f2c54d27e8a0.jpeg,0,Did the student correctly round 283 to 300 and 416 to 400?,NO,NO,True
272,1222537,380b0a62-cd36-423f-b6b4-f2c54d27e8a0.jpeg,1,Is the student's estimate of the product reasonable?,YES,NO,False
273,1222537,3dce09a8-c171-4cec-be41-549a505e41dd.jpeg,0,"Did the student correctly estiamte the product as 1,200?",NO,NO,True
273,1222537,3dce09a8-c171-4cec-be41-549a505e41dd.jpeg,1,Did the student correctly round 283 to 300 and 416 to 400?,YES,YES,True
273,1222537,3dce09a8-c171-4cec-be41-549a505e41dd.jpeg,2,Is the student's estimate of the product reasonable?,NO,NO,True
274,1222537,3ecd77aa-cd03-4ca2-bf87-f555b7c3bc78.jpeg,0,"Did the student correctly estiamte the product as 1,200?",NO,YES,False
274,1222537,3ecd77aa-cd03-4ca2-bf87-f555b7c3bc78.jpeg,1,Did the student correctly round 283 to 300 and 416 to 400?,YES,YES,True
274,1222537,3ecd77aa-cd03-4ca2-bf87-f555b7c3bc78.jpeg,2,Is the student's estimate of the product reasonable?,YES,NO,False
275,1222537,57e28287-bc17-4798-937d-a12fdd358efa.jpeg,0,"Did the student correctly estiamte the product as 1,200?",NO,YES,False
275,1222537,57e28287-bc17-4798-937d-a12fdd358efa.jpeg,1,Did the student correctly round 283 to 300 and 416 to 400?,YES,YES,True
275,1222537,57e28287-bc17-4798-937d-a12fdd358efa.jpeg,2,Is the student's estimate of the product reasonable?,YES,YES,True
276,1222537,5cdf44ab-4fc1-4889-8f05-536a403ea59a.jpeg,0,"Did the student correctly estiamte the product as 1,200?",NO,YES,False
276,1222537,5cdf44ab-4fc1-4889-8f05-536a403ea59a.jpeg,1,Did the student correctly round 283 to 300 and 416 to 400?,NO,YES,False
276,1222537,5cdf44ab-4fc1-4889-8f05-536a403ea59a.jpeg,2,Is the student's estimate of the product reasonable?,YES,YES,True
277,1222537,7d9ea07e-42eb-4e2e-9eb9-9b3bc4a6189d.jpeg,0,"Did the student correctly estiamte the product as 1,200?",NO,YES,False
277,1222537,7d9ea07e-42eb-4e2e-9eb9-9b3bc4a6189d.jpeg,1,Did the student correctly round 283 to 300 and 416 to 400?,YES,YES,True
277,1222537,7d9ea07e-42eb-4e2e-9eb9-9b3bc4a6189d.jpeg,2,Is the student's estimate of the product reasonable?,YES,YES,True
278,1222537,8a0f02a5-dd55-49b6-96c1-eaeed45682c0.jpeg,0,"Did the student correctly estiamte the product as 1,200?",NO,YES,False
278,1222537,8a0f02a5-dd55-49b6-96c1-eaeed45682c0.jpeg,1,Did the student correctly round 283 to 300 and 416 to 400?,YES,YES,True
278,1222537,8a0f02a5-dd55-49b6-96c1-eaeed45682c0.jpeg,2,Is the student's estimate of the product reasonable?,YES,YES,True
279,1222537,93ee2d1e-c233-4ef9-8c96-7efb92f34c13.jpeg,0,"Did the student correctly estiamte the product as 1,200?",NO,NO,True
279,1222537,93ee2d1e-c233-4ef9-8c96-7efb92f34c13.jpeg,1,Did the student correctly round 283 to 300 and 416 to 400?,YES,YES,True
279,1222537,93ee2d1e-c233-4ef9-8c96-7efb92f34c13.jpeg,2,Is the student's estimate of the product reasonable?,NO,NO,True
280,1222537,98c58ee6-215d-44b9-aaa8-e763451b5624.jpeg,0,"Did the student correctly estiamte the product as 1,200?",NO,NO,True
280,1222537,98c58ee6-215d-44b9-aaa8-e763451b5624.jpeg,1,Did the student correctly round 283 to 300 and 416 to 400?,N/A,YES,False
280,1222537,98c58ee6-215d-44b9-aaa8-e763451b5624.jpeg,2,Is the student's estimate of the product reasonable?,NO,NO,True
281,1222537,ab62544b-82c1-45af-a3dc-bf6a4ae37104.jpeg,0,"Did the student correctly estiamte the product as 1,200?",NO,YES,False
281,1222537,ab62544b-82c1-45af-a3dc-bf6a4ae37104.jpeg,1,Did the student correctly round 283 to 300 and 416 to 400?,YES,YES,True
281,1222537,ab62544b-82c1-45af-a3dc-bf6a4ae37104.jpeg,2,Is the student's estimate of the product reasonable?,YES,YES,True
282,1222537,c8e4c6fc-3d9d-472b-a3f0-5bfffac73683.jpeg,0,"Did the student correctly estiamte the product as 1,200?",NO,YES,False
282,1222537,c8e4c6fc-3d9d-472b-a3f0-5bfffac73683.jpeg,1,Did the student correctly round 283 to 300 and 416 to 400?,YES,YES,True
282,1222537,c8e4c6fc-3d9d-472b-a3f0-5bfffac73683.jpeg,2,Is the student's estimate of the product reasonable?,YES,YES,True
283,1222537,f678392b-38ef-4b40-9818-3d37691d1c5a.jpeg,0,"Did the student correctly estiamte the product as 1,200?",NO,NO,True
283,1222537,f678392b-38ef-4b40-9818-3d37691d1c5a.jpeg,1,Did the student correctly round 283 to 300 and 416 to 400?,YES,YES,True
283,1222537,f678392b-38ef-4b40-9818-3d37691d1c5a.jpeg,2,Is the student's estimate of the product reasonable?,NO,YES,False
284,1222537,f80406ad-2229-4cec-b015-9efeadfeda27.jpeg,0,"Did the student correctly estiamte the product as 1,200?",NO,YES,False
284,1222537,f80406ad-2229-4cec-b015-9efeadfeda27.jpeg,1,Did the student correctly round 283 to 300 and 416 to 400?,YES,YES,True
284,1222537,f80406ad-2229-4cec-b015-9efeadfeda27.jpeg,2,Is the student's estimate of the product reasonable?,YES,YES,True
285,1222625,035d602d-5f4e-47cc-9d29-0807d9d5f6aa.jpeg,0,Did the student estimate the product within reason?,YES,NO,False
285,1222625,035d602d-5f4e-47cc-9d29-0807d9d5f6aa.jpeg,1,Did the student remember to include the decimal in the correct location in their final answer?,YES,YES,True
285,1222625,035d602d-5f4e-47cc-9d29-0807d9d5f6aa.jpeg,2,Did the student solve using an area model?,YES,YES,True
285,1222625,035d602d-5f4e-47cc-9d29-0807d9d5f6aa.jpeg,3,Did the student solve using the standard algorithm?,NO,NO,True
285,1222625,035d602d-5f4e-47cc-9d29-0807d9d5f6aa.jpeg,4,Is the product expressed in standard form?,YES,YES,True
285,1222625,035d602d-5f4e-47cc-9d29-0807d9d5f6aa.jpeg,5,Is the student's answer reasoanble?,YES,NO,False
286,1222625,1eabc7a8-0f42-4ade-b057-00eb926ae3a8.jpeg,0,Did the student estimate the product within reason?,YES,NO,False
286,1222625,1eabc7a8-0f42-4ade-b057-00eb926ae3a8.jpeg,1,Did the student remember to include the decimal in the correct location in their final answer?,YES,YES,True
286,1222625,1eabc7a8-0f42-4ade-b057-00eb926ae3a8.jpeg,2,Did the student solve using an area model?,YES,NO,False
286,1222625,1eabc7a8-0f42-4ade-b057-00eb926ae3a8.jpeg,3,Did the student solve using the standard algorithm?,YES,NO,False
286,1222625,1eabc7a8-0f42-4ade-b057-00eb926ae3a8.jpeg,4,Is the product expressed in standard form?,YES,YES,True
286,1222625,1eabc7a8-0f42-4ade-b057-00eb926ae3a8.jpeg,5,Is the student's answer reasoanble?,YES,YES,True
287,1222625,31f5bea0-ad01-432f-a0e7-dcc9fcaddfe9.jpeg,0,Did the student estimate the product within reason?,NO,NO,True
287,1222625,31f5bea0-ad01-432f-a0e7-dcc9fcaddfe9.jpeg,1,Did the student remember to include the decimal in the correct location in their final answer?,YES,YES,True
287,1222625,31f5bea0-ad01-432f-a0e7-dcc9fcaddfe9.jpeg,2,Did the student solve using an area model?,NO,NO,True
287,1222625,31f5bea0-ad01-432f-a0e7-dcc9fcaddfe9.jpeg,3,Did the student solve using the standard algorithm?,YES,YES,True
287,1222625,31f5bea0-ad01-432f-a0e7-dcc9fcaddfe9.jpeg,4,Is the product expressed in standard form?,YES,YES,True
287,1222625,31f5bea0-ad01-432f-a0e7-dcc9fcaddfe9.jpeg,5,Is the student's answer reasoanble?,YES,NO,False
288,1222625,4cf5dbf1-1ffc-4a70-bbd8-6f240b15acfb.jpeg,0,Did the student estimate the product within reason?,YES,NO,False
288,1222625,4cf5dbf1-1ffc-4a70-bbd8-6f240b15acfb.jpeg,1,Did the student remember to include the decimal in the correct location in their final answer?,YES,YES,True
288,1222625,4cf5dbf1-1ffc-4a70-bbd8-6f240b15acfb.jpeg,2,Did the student solve using an area model?,NO,NO,True
288,1222625,4cf5dbf1-1ffc-4a70-bbd8-6f240b15acfb.jpeg,3,Did the student solve using the standard algorithm?,YES,YES,True
288,1222625,4cf5dbf1-1ffc-4a70-bbd8-6f240b15acfb.jpeg,4,Is the product expressed in standard form?,YES,YES,True
288,1222625,4cf5dbf1-1ffc-4a70-bbd8-6f240b15acfb.jpeg,5,Is the student's answer reasoanble?,YES,YES,True
289,1222625,50a06820-4a2d-4ede-8159-8e8046dbbf6f.jpeg,0,Did the student estimate the product within reason?,YES,NO,False
289,1222625,50a06820-4a2d-4ede-8159-8e8046dbbf6f.jpeg,1,Did the student remember to include the decimal in the correct location in their final answer?,YES,NO,False
289,1222625,50a06820-4a2d-4ede-8159-8e8046dbbf6f.jpeg,2,Did the student solve using an area model?,NO,NO,True
289,1222625,50a06820-4a2d-4ede-8159-8e8046dbbf6f.jpeg,3,Did the student solve using the standard algorithm?,YES,YES,True
289,1222625,50a06820-4a2d-4ede-8159-8e8046dbbf6f.jpeg,4,Is the product expressed in standard form?,YES,NO,False
289,1222625,50a06820-4a2d-4ede-8159-8e8046dbbf6f.jpeg,5,Is the student's answer reasoanble?,YES,NO,False
290,1222625,766717e5-6ecf-4c77-9775-84a81d302400.jpeg,0,Did the student estimate the product within reason?,NO,NO,True
290,1222625,766717e5-6ecf-4c77-9775-84a81d302400.jpeg,1,Did the student remember to include the decimal in the correct location in their final answer?,NO,NO,True
290,1222625,766717e5-6ecf-4c77-9775-84a81d302400.jpeg,2,Did the student solve using an area model?,NO,NO,True
290,1222625,766717e5-6ecf-4c77-9775-84a81d302400.jpeg,3,Did the student solve using the standard algorithm?,YES,YES,True
290,1222625,766717e5-6ecf-4c77-9775-84a81d302400.jpeg,4,Is the product expressed in standard form?,YES,NO,False
290,1222625,766717e5-6ecf-4c77-9775-84a81d302400.jpeg,5,Is the student's answer reasoanble?,NO,NO,True
291,1222625,94acabec-4e37-49c5-b7d8-163da67820c1.jpeg,0,Did the student estimate the product within reason?,NO,NO,True
291,1222625,94acabec-4e37-49c5-b7d8-163da67820c1.jpeg,1,Did the student remember to include the decimal in the correct location in their final answer?,NO,NO,True
291,1222625,94acabec-4e37-49c5-b7d8-163da67820c1.jpeg,2,Did the student solve using an area model?,NO,NO,True
291,1222625,94acabec-4e37-49c5-b7d8-163da67820c1.jpeg,3,Did the student solve using the standard algorithm?,NO,NO,True
291,1222625,94acabec-4e37-49c5-b7d8-163da67820c1.jpeg,4,Is the product expressed in standard form?,NO,NO,True
291,1222625,94acabec-4e37-49c5-b7d8-163da67820c1.jpeg,5,Is the student's answer reasoanble?,NO,NO,True
292,1222625,bd51703b-8745-425d-aade-77bf407f58a0.jpeg,0,Did the student estimate the product within reason?,YES,YES,True
292,1222625,bd51703b-8745-425d-aade-77bf407f58a0.jpeg,1,Did the student remember to include the decimal in the correct location in their final answer?,YES,YES,True
292,1222625,bd51703b-8745-425d-aade-77bf407f58a0.jpeg,2,Did the student solve using an area model?,YES,YES,True
292,1222625,bd51703b-8745-425d-aade-77bf407f58a0.jpeg,3,Did the student solve using the standard algorithm?,YES,YES,True
292,1222625,bd51703b-8745-425d-aade-77bf407f58a0.jpeg,4,Is the product expressed in standard form?,YES,YES,True
292,1222625,bd51703b-8745-425d-aade-77bf407f58a0.jpeg,5,Is the student's answer reasoanble?,YES,YES,True
293,1222625,c1532f85-f18c-4410-a7b4-707a73b2c9e8.jpeg,0,Did the student estimate the product within reason?,YES,YES,True
293,1222625,c1532f85-f18c-4410-a7b4-707a73b2c9e8.jpeg,1,Did the student remember to include the decimal in the correct location in their final answer?,YES,NO,False
293,1222625,c1532f85-f18c-4410-a7b4-707a73b2c9e8.jpeg,2,Did the student solve using an area model?,NO,NO,True
293,1222625,c1532f85-f18c-4410-a7b4-707a73b2c9e8.jpeg,3,Did the student solve using the standard algorithm?,NO,YES,False
293,1222625,c1532f85-f18c-4410-a7b4-707a73b2c9e8.jpeg,4,Is the product expressed in standard form?,YES,YES,True
293,1222625,c1532f85-f18c-4410-a7b4-707a73b2c9e8.jpeg,5,Is the student's answer reasoanble?,YES,YES,True
294,1222625,d15322f0-ab59-4ba0-b0cb-67f3fef287d4.jpeg,0,Did the student estimate the product within reason?,NO,YES,False
294,1222625,d15322f0-ab59-4ba0-b0cb-67f3fef287d4.jpeg,1,Did the student remember to include the decimal in the correct location in their final answer?,YES,NO,False
294,1222625,d15322f0-ab59-4ba0-b0cb-67f3fef287d4.jpeg,2,Did the student solve using an area model?,NO,NO,True
294,1222625,d15322f0-ab59-4ba0-b0cb-67f3fef287d4.jpeg,3,Did the student solve using the standard algorithm?,NO,NO,True
294,1222625,d15322f0-ab59-4ba0-b0cb-67f3fef287d4.jpeg,4,Is the product expressed in standard form?,YES,NO,False
294,1222625,d15322f0-ab59-4ba0-b0cb-67f3fef287d4.jpeg,5,Is the student's answer reasoanble?,NO,YES,False
295,1222625,d8ddf62d-c6a5-40c5-bcc2-64e7e2f17178.jpeg,0,Did the student estimate the product within reason?,YES,NO,False
295,1222625,d8ddf62d-c6a5-40c5-bcc2-64e7e2f17178.jpeg,1,Did the student remember to include the decimal in the correct location in their final answer?,NO,NO,True
295,1222625,d8ddf62d-c6a5-40c5-bcc2-64e7e2f17178.jpeg,2,Did the student solve using an area model?,YES,YES,True
295,1222625,d8ddf62d-c6a5-40c5-bcc2-64e7e2f17178.jpeg,3,Did the student solve using the standard algorithm?,NO,NO,True
295,1222625,d8ddf62d-c6a5-40c5-bcc2-64e7e2f17178.jpeg,4,Is the product expressed in standard form?,YES,YES,True
295,1222625,d8ddf62d-c6a5-40c5-bcc2-64e7e2f17178.jpeg,5,Is the student's answer reasoanble?,YES,NO,False
296,1222625,d9505dc7-dd60-49ca-9c57-0827d463e4f3.jpeg,0,Did the student estimate the product within reason?,YES,YES,True
296,1222625,d9505dc7-dd60-49ca-9c57-0827d463e4f3.jpeg,1,Did the student remember to include the decimal in the correct location in their final answer?,NO,NO,True
296,1222625,d9505dc7-dd60-49ca-9c57-0827d463e4f3.jpeg,2,Did the student solve using an area model?,YES,YES,True
296,1222625,d9505dc7-dd60-49ca-9c57-0827d463e4f3.jpeg,3,Did the student solve using the standard algorithm?,YES,YES,True
296,1222625,d9505dc7-dd60-49ca-9c57-0827d463e4f3.jpeg,4,Is the product expressed in standard form?,YES,YES,True
296,1222625,d9505dc7-dd60-49ca-9c57-0827d463e4f3.jpeg,5,Is the student's answer reasoanble?,YES,YES,True
297,1222625,eb7ae36c-debe-4c28-a386-210bc697a123.jpeg,0,Did the student estimate the product within reason?,NO,YES,False
297,1222625,eb7ae36c-debe-4c28-a386-210bc697a123.jpeg,1,Did the student remember to include the decimal in the correct location in their final answer?,YES,NO,False
297,1222625,eb7ae36c-debe-4c28-a386-210bc697a123.jpeg,2,Did the student solve using an area model?,NO,YES,False
297,1222625,eb7ae36c-debe-4c28-a386-210bc697a123.jpeg,3,Did the student solve using the standard algorithm?,YES,NO,False
297,1222625,eb7ae36c-debe-4c28-a386-210bc697a123.jpeg,4,Is the product expressed in standard form?,YES,NO,False
297,1222625,eb7ae36c-debe-4c28-a386-210bc697a123.jpeg,5,Is the student's answer reasoanble?,YES,NO,False
298,1222676,0a53c170-eed6-460c-be13-e191a8954503.jpeg,0,Did the student correctly estimate 3.03 as 3?,NO,NO,True
298,1222676,0a53c170-eed6-460c-be13-e191a8954503.jpeg,1,Did the student correctly estimate 402 as 400?,YES,NO,False
298,1222676,0a53c170-eed6-460c-be13-e191a8954503.jpeg,2,"Did the student correctly estimate the product as 1,200?",NO,NO,True
299,1222676,1ed99274-09f7-4fd5-81a4-09ed232e2649.jpeg,0,Did the student correctly estimate 3.03 as 3?,YES,YES,True
299,1222676,1ed99274-09f7-4fd5-81a4-09ed232e2649.jpeg,1,Did the student correctly estimate 402 as 400?,YES,YES,True
299,1222676,1ed99274-09f7-4fd5-81a4-09ed232e2649.jpeg,2,"Did the student correctly estimate the product as 1,200?",YES,YES,True
300,1222676,1fb55ef5-b915-4aae-89d1-071f97110514.jpeg,0,Did the student correctly estimate 3.03 as 3?,YES,YES,True
300,1222676,1fb55ef5-b915-4aae-89d1-071f97110514.jpeg,1,Did the student correctly estimate 402 as 400?,YES,YES,True
300,1222676,1fb55ef5-b915-4aae-89d1-071f97110514.jpeg,2,"Did the student correctly estimate the product as 1,200?",YES,YES,True
301,1222676,38372f52-fafb-4e1c-a379-7cf6be85e528.jpeg,0,Did the student correctly estimate 3.03 as 3?,YES,YES,True
301,1222676,38372f52-fafb-4e1c-a379-7cf6be85e528.jpeg,1,Did the student correctly estimate 402 as 400?,YES,YES,True
301,1222676,38372f52-fafb-4e1c-a379-7cf6be85e528.jpeg,2,"Did the student correctly estimate the product as 1,200?",YES,YES,True
302,1222676,3c71d776-716e-485f-ab6b-45e8111c2f04.jpeg,0,Did the student correctly estimate 3.03 as 3?,YES,YES,True
302,1222676,3c71d776-716e-485f-ab6b-45e8111c2f04.jpeg,1,Did the student correctly estimate 402 as 400?,YES,YES,True
302,1222676,3c71d776-716e-485f-ab6b-45e8111c2f04.jpeg,2,"Did the student correctly estimate the product as 1,200?",YES,YES,True
303,1222676,597b9e1a-4870-4012-b564-639abc3aa4b3.jpeg,0,Did the student correctly estimate 3.03 as 3?,YES,YES,True
303,1222676,597b9e1a-4870-4012-b564-639abc3aa4b3.jpeg,1,Did the student correctly estimate 402 as 400?,YES,YES,True
303,1222676,597b9e1a-4870-4012-b564-639abc3aa4b3.jpeg,2,"Did the student correctly estimate the product as 1,200?",YES,YES,True
304,1222676,7f0bc3c8-226d-405a-bf6b-dc858cdb708a.jpeg,0,Did the student correctly estimate 3.03 as 3?,YES,YES,True
304,1222676,7f0bc3c8-226d-405a-bf6b-dc858cdb708a.jpeg,1,Did the student correctly estimate 402 as 400?,NO,YES,False
304,1222676,7f0bc3c8-226d-405a-bf6b-dc858cdb708a.jpeg,2,"Did the student correctly estimate the product as 1,200?",NO,YES,False
305,1222676,82342606-de60-4ff1-b2aa-6ef5826ebcc2.jpeg,0,Did the student correctly estimate 3.03 as 3?,YES,YES,True
305,1222676,82342606-de60-4ff1-b2aa-6ef5826ebcc2.jpeg,1,Did the student correctly estimate 402 as 400?,YES,YES,True
305,1222676,82342606-de60-4ff1-b2aa-6ef5826ebcc2.jpeg,2,"Did the student correctly estimate the product as 1,200?",YES,YES,True
306,1222676,9ada022d-9406-4e05-af69-1c0bd1426021.png,0,Did the student correctly estimate 3.03 as 3?,I CANNOT ANSWER THIS QUESTION AS THE STUDENT'S WORK IS NOT VISIBLE IN THE PROVIDED IMAGE.,YES,False
306,1222676,9ada022d-9406-4e05-af69-1c0bd1426021.png,1,Did the student correctly estimate 402 as 400?,I CANNOT ANSWER THIS QUESTION AS THE STUDENT'S WORK IS NOT VISIBLE IN THE PROVIDED IMAGE.,NO,False
306,1222676,9ada022d-9406-4e05-af69-1c0bd1426021.png,2,"Did the student correctly estimate the product as 1,200?",I CANNOT ANSWER THIS QUESTION AS THE STUDENT'S WORK IS NOT VISIBLE IN THE PROVIDED IMAGE.,NO,False
307,1222676,bfc02239-526c-45ea-b0e2-5f4a18bd41d9.jpeg,0,Did the student correctly estimate 3.03 as 3?,NO,NO,True
307,1222676,bfc02239-526c-45ea-b0e2-5f4a18bd41d9.jpeg,1,Did the student correctly estimate 402 as 400?,NO,NO,True
307,1222676,bfc02239-526c-45ea-b0e2-5f4a18bd41d9.jpeg,2,"Did the student correctly estimate the product as 1,200?",NO,NO,True
308,1222676,d3909705-8320-4702-9ad8-50b09cf77f1f.jpeg,0,Did the student correctly estimate 3.03 as 3?,YES,YES,True
308,1222676,d3909705-8320-4702-9ad8-50b09cf77f1f.jpeg,1,Did the student correctly estimate 402 as 400?,YES,YES,True
308,1222676,d3909705-8320-4702-9ad8-50b09cf77f1f.jpeg,2,"Did the student correctly estimate the product as 1,200?",YES,YES,True
309,1222676,e5abfcdc-d9cf-4689-a0b1-4f4cfcffa966.jpeg,0,Did the student correctly estimate 3.03 as 3?,YES,YES,True
309,1222676,e5abfcdc-d9cf-4689-a0b1-4f4cfcffa966.jpeg,1,Did the student correctly estimate 402 as 400?,YES,YES,True
309,1222676,e5abfcdc-d9cf-4689-a0b1-4f4cfcffa966.jpeg,2,"Did the student correctly estimate the product as 1,200?",NO,NO,True
310,1228874,0c81a2e9-e74c-4dc2-8b01-365f8931054d.jpeg,0,Did the student correctly state that the product is 1/9?,YES,YES,True
310,1228874,0c81a2e9-e74c-4dc2-8b01-365f8931054d.jpeg,1,Did the student split up their rectanguar model into three rows and three columns?,YES,YES,True
311,1228874,0f2f70ea-61e9-4029-8916-e8b9918787df.jpeg,0,Did the student correctly state that the product is 1/9?,NO,NO,True
311,1228874,0f2f70ea-61e9-4029-8916-e8b9918787df.jpeg,1,Did the student split up their rectanguar model into three rows and three columns?,NO,NO,True
312,1228874,25d5bfa0-e7df-49b1-a596-20f0e035a9aa.jpeg,0,Did the student correctly state that the product is 1/9?,YES,NO,False
312,1228874,25d5bfa0-e7df-49b1-a596-20f0e035a9aa.jpeg,1,Did the student split up their rectanguar model into three rows and three columns?,YES,YES,True
313,1228874,28e320c7-f656-4351-9af0-bd677c6939a9.jpeg,0,Did the student correctly state that the product is 1/9?,YES,YES,True
313,1228874,28e320c7-f656-4351-9af0-bd677c6939a9.jpeg,1,Did the student split up their rectanguar model into three rows and three columns?,YES,NO,False
314,1228874,3efad145-1903-48c2-99c8-1a2e9c3a1f7b.jpeg,0,Did the student correctly state that the product is 1/9?,YES,YES,True
314,1228874,3efad145-1903-48c2-99c8-1a2e9c3a1f7b.jpeg,1,Did the student split up their rectanguar model into three rows and three columns?,NO,NO,True
315,1228874,4d1a2faf-4557-494c-96a3-e398f29fce28.jpeg,0,Did the student correctly state that the product is 1/9?,YES,YES,True
315,1228874,4d1a2faf-4557-494c-96a3-e398f29fce28.jpeg,1,Did the student split up their rectanguar model into three rows and three columns?,YES,YES,True
316,1228874,50d89880-3468-46b2-839e-5c605c6efbc0.jpeg,0,Did the student correctly state that the product is 1/9?,YES,YES,True
316,1228874,50d89880-3468-46b2-839e-5c605c6efbc0.jpeg,1,Did the student split up their rectanguar model into three rows and three columns?,YES,YES,True
317,1228874,5899c36d-562f-48ba-aa58-7d82a0d6e6be.jpeg,0,Did the student correctly state that the product is 1/9?,YES,YES,True
317,1228874,5899c36d-562f-48ba-aa58-7d82a0d6e6be.jpeg,1,Did the student split up their rectanguar model into three rows and three columns?,YES,YES,True
318,1228874,82257c75-bcef-4696-bb2e-fb49b43e7657.jpeg,0,Did the student correctly state that the product is 1/9?,NO,NO,True
318,1228874,82257c75-bcef-4696-bb2e-fb49b43e7657.jpeg,1,Did the student split up their rectanguar model into three rows and three columns?,YES,NO,False
319,1228874,8fc24d49-55ce-4873-993e-cfca0abcc8af.jpeg,0,Did the student correctly state that the product is 1/9?,NO,NO,True
319,1228874,8fc24d49-55ce-4873-993e-cfca0abcc8af.jpeg,1,Did the student split up their rectanguar model into three rows and three columns?,NO,YES,False
320,1228874,a347adb2-3338-422a-ae13-3f5b43e9a7ce.jpeg,0,Did the student correctly state that the product is 1/9?,YES,YES,True
320,1228874,a347adb2-3338-422a-ae13-3f5b43e9a7ce.jpeg,1,Did the student split up their rectanguar model into three rows and three columns?,NO,NO,True
321,1228874,ab5ed89e-5b09-4856-87bf-a7863b0a5023.jpeg,0,Did the student correctly state that the product is 1/9?,NO,YES,False
321,1228874,ab5ed89e-5b09-4856-87bf-a7863b0a5023.jpeg,1,Did the student split up their rectanguar model into three rows and three columns?,NO,YES,False
322,1228874,b65ab935-22c0-413a-89ff-85040b4a8bd9.jpeg,0,Did the student correctly state that the product is 1/9?,YES,YES,True
322,1228874,b65ab935-22c0-413a-89ff-85040b4a8bd9.jpeg,1,Did the student split up their rectanguar model into three rows and three columns?,YES,YES,True
323,1228874,e0d2c606-8d11-454c-a59f-fbf0fe8b2e98.jpeg,0,Did the student correctly state that the product is 1/9?,YES,YES,True
323,1228874,e0d2c606-8d11-454c-a59f-fbf0fe8b2e98.jpeg,1,Did the student split up their rectanguar model into three rows and three columns?,YES,YES,True
324,1228891,1b20734e-ec36-477e-87a9-23566d92e253.jpeg,0,Did the student correctly state the answer of 3/21?,NO,YES,False
324,1228891,1b20734e-ec36-477e-87a9-23566d92e253.jpeg,1,Does the student's model match the number sentence 1/3 times 3/7 = 3/21?,NO,YES,False
325,1228891,85282674-5fbd-4e9c-a7a1-684df07ab0fa.jpeg,0,Did the student correctly state the answer of 3/21?,YES,YES,True
325,1228891,85282674-5fbd-4e9c-a7a1-684df07ab0fa.jpeg,1,Does the student's model match the number sentence 1/3 times 3/7 = 3/21?,YES,YES,True
326,1228891,a02c4e08-33d5-4b0b-9916-66ffb86c34d5.png,0,Did the student correctly state the answer of 3/21?,NO,NO,True
326,1228891,a02c4e08-33d5-4b0b-9916-66ffb86c34d5.png,1,Does the student's model match the number sentence 1/3 times 3/7 = 3/21?,NO,NO,True
327,1228891,ac53cf79-5a66-4d18-845d-f2466feaf7c6.jpeg,0,Did the student correctly state the answer of 3/21?,NO,YES,False
327,1228891,ac53cf79-5a66-4d18-845d-f2466feaf7c6.jpeg,1,Does the student's model match the number sentence 1/3 times 3/7 = 3/21?,YES,NO,False
328,1228891,b42279a6-e8e1-4280-882c-2ae53b6c167b.jpeg,0,Did the student correctly state the answer of 3/21?,YES,NO,False
328,1228891,b42279a6-e8e1-4280-882c-2ae53b6c167b.jpeg,1,Does the student's model match the number sentence 1/3 times 3/7 = 3/21?,NO,NO,True
329,1228891,b561ba05-44ec-47db-8cb4-fbbfff16432c.jpeg,0,Did the student correctly state the answer of 3/21?,NO,YES,False
329,1228891,b561ba05-44ec-47db-8cb4-fbbfff16432c.jpeg,1,Does the student's model match the number sentence 1/3 times 3/7 = 3/21?,YES,NO,False
330,1228891,dae6ebbe-48d4-47b1-a40d-b8146a1b588a.png,0,Did the student correctly state the answer of 3/21?,NO WORK VISIBLE,NO,False
330,1228891,dae6ebbe-48d4-47b1-a40d-b8146a1b588a.png,1,Does the student's model match the number sentence 1/3 times 3/7 = 3/21?,NO WORK VISIBLE,NO,False
331,1228891,e0d53b46-f047-4d2a-984e-4db4d458d78f.jpeg,0,Did the student correctly state the answer of 3/21?,NO,YES,False
331,1228891,e0d53b46-f047-4d2a-984e-4db4d458d78f.jpeg,1,Does the student's model match the number sentence 1/3 times 3/7 = 3/21?,NO,YES,False
332,1228891,e0dedc98-144f-4966-9ba7-ed694dae15a5.jpeg,0,Did the student correctly state the answer of 3/21?,NO,NO,True
332,1228891,e0dedc98-144f-4966-9ba7-ed694dae15a5.jpeg,1,Does the student's model match the number sentence 1/3 times 3/7 = 3/21?,YES,NO,False
333,1228891,e2f2737b-3528-412a-89c8-a5996cfd58da.jpeg,0,Did the student correctly state the answer of 3/21?,NO,NO,True
333,1228891,e2f2737b-3528-412a-89c8-a5996cfd58da.jpeg,1,Does the student's model match the number sentence 1/3 times 3/7 = 3/21?,YES,YES,True
334,1228891,f3e8f285-8dd5-4081-bedc-29b9758aa743.jpeg,0,Did the student correctly state the answer of 3/21?,YES,YES,True
334,1228891,f3e8f285-8dd5-4081-bedc-29b9758aa743.jpeg,1,Does the student's model match the number sentence 1/3 times 3/7 = 3/21?,NO,NO,True
335,1228891,f7174a02-a115-4328-a86a-819657f71cfe.jpeg,0,Did the student correctly state the answer of 3/21?,NO,NO,True
335,1228891,f7174a02-a115-4328-a86a-819657f71cfe.jpeg,1,Does the student's model match the number sentence 1/3 times 3/7 = 3/21?,YES,YES,True
336,1228891,fb8c3c47-10e9-4f53-9240-af628856b71c.jpeg,0,Did the student correctly state the answer of 3/21?,NO,NO,True
336,1228891,fb8c3c47-10e9-4f53-9240-af628856b71c.jpeg,1,Does the student's model match the number sentence 1/3 times 3/7 = 3/21?,YES,NO,False
337,1228910,11417b6a-468b-4c8c-bec1-a388b81364bc.jpeg,0,"Did the student correctly find a product of 6/15, or equivalent?",NO,NO,True
337,1228910,11417b6a-468b-4c8c-bec1-a388b81364bc.jpeg,1,Did they draw a rectangular fraction model?,YES,YES,True
337,1228910,11417b6a-468b-4c8c-bec1-a388b81364bc.jpeg,2,Did they group 3 out of the 5 sections to show 3/5?,NO,NO,True
337,1228910,11417b6a-468b-4c8c-bec1-a388b81364bc.jpeg,3,Did they label 2 out of the 3 shaded sections as 2/5?,NO,NO,True
337,1228910,11417b6a-468b-4c8c-bec1-a388b81364bc.jpeg,4,Did they label each section of the fraction model with 1/5?,NO,NO,True
337,1228910,11417b6a-468b-4c8c-bec1-a388b81364bc.jpeg,5,Did they write a multiplication sentence?,NO,NO,True
338,1228910,1ee1bbce-cb7e-4eeb-97d2-c5ce73b493eb.jpeg,0,"Did the student correctly find a product of 6/15, or equivalent?",NO,NO,True
338,1228910,1ee1bbce-cb7e-4eeb-97d2-c5ce73b493eb.jpeg,1,Did they draw a rectangular fraction model?,YES,YES,True
338,1228910,1ee1bbce-cb7e-4eeb-97d2-c5ce73b493eb.jpeg,2,Did they group 3 out of the 5 sections to show 3/5?,YES,YES,True
338,1228910,1ee1bbce-cb7e-4eeb-97d2-c5ce73b493eb.jpeg,3,Did they label 2 out of the 3 shaded sections as 2/5?,NO,NO,True
338,1228910,1ee1bbce-cb7e-4eeb-97d2-c5ce73b493eb.jpeg,4,Did they label each section of the fraction model with 1/5?,NO,NO,True
338,1228910,1ee1bbce-cb7e-4eeb-97d2-c5ce73b493eb.jpeg,5,Did they write a multiplication sentence?,NO,NO,True
339,1228910,3ed97c74-f661-47e2-b184-416025e7836a.jpeg,0,"Did the student correctly find a product of 6/15, or equivalent?",NO,NO,True
339,1228910,3ed97c74-f661-47e2-b184-416025e7836a.jpeg,1,Did they draw a rectangular fraction model?,YES,NO,False
339,1228910,3ed97c74-f661-47e2-b184-416025e7836a.jpeg,2,Did they group 3 out of the 5 sections to show 3/5?,NO,NO,True
339,1228910,3ed97c74-f661-47e2-b184-416025e7836a.jpeg,3,Did they label 2 out of the 3 shaded sections as 2/5?,NO,NO,True
339,1228910,3ed97c74-f661-47e2-b184-416025e7836a.jpeg,4,Did they label each section of the fraction model with 1/5?,NO,NO,True
339,1228910,3ed97c74-f661-47e2-b184-416025e7836a.jpeg,5,Did they write a multiplication sentence?,NO,NO,True
340,1228910,42564d9f-a4cb-49a1-9aa2-88d7f968495b.jpeg,0,"Did the student correctly find a product of 6/15, or equivalent?",NO,NO,True
340,1228910,42564d9f-a4cb-49a1-9aa2-88d7f968495b.jpeg,1,Did they draw a rectangular fraction model?,YES,YES,True
340,1228910,42564d9f-a4cb-49a1-9aa2-88d7f968495b.jpeg,2,Did they group 3 out of the 5 sections to show 3/5?,YES,YES,True
340,1228910,42564d9f-a4cb-49a1-9aa2-88d7f968495b.jpeg,3,Did they label 2 out of the 3 shaded sections as 2/5?,NO,NO,True
340,1228910,42564d9f-a4cb-49a1-9aa2-88d7f968495b.jpeg,4,Did they label each section of the fraction model with 1/5?,NO,NO,True
340,1228910,42564d9f-a4cb-49a1-9aa2-88d7f968495b.jpeg,5,Did they write a multiplication sentence?,NO,NO,True
341,1228910,5cf1edad-1788-456e-a635-d15fbcdcadc5.jpeg,0,"Did the student correctly find a product of 6/15, or equivalent?",NO,NO,True
341,1228910,5cf1edad-1788-456e-a635-d15fbcdcadc5.jpeg,1,Did they draw a rectangular fraction model?,YES,YES,True
341,1228910,5cf1edad-1788-456e-a635-d15fbcdcadc5.jpeg,2,Did they group 3 out of the 5 sections to show 3/5?,YES,YES,True
341,1228910,5cf1edad-1788-456e-a635-d15fbcdcadc5.jpeg,3,Did they label 2 out of the 3 shaded sections as 2/5?,NO,YES,False
341,1228910,5cf1edad-1788-456e-a635-d15fbcdcadc5.jpeg,4,Did they label each section of the fraction model with 1/5?,NO,NO,True
341,1228910,5cf1edad-1788-456e-a635-d15fbcdcadc5.jpeg,5,Did they write a multiplication sentence?,YES,NO,False
342,1228910,b67679de-6431-46c5-9380-5f5fc79df859.jpeg,0,"Did the student correctly find a product of 6/15, or equivalent?",YES,YES,True
342,1228910,b67679de-6431-46c5-9380-5f5fc79df859.jpeg,1,Did they draw a rectangular fraction model?,YES,YES,True
342,1228910,b67679de-6431-46c5-9380-5f5fc79df859.jpeg,2,Did they group 3 out of the 5 sections to show 3/5?,YES,YES,True
342,1228910,b67679de-6431-46c5-9380-5f5fc79df859.jpeg,3,Did they label 2 out of the 3 shaded sections as 2/5?,NO,NO,True
342,1228910,b67679de-6431-46c5-9380-5f5fc79df859.jpeg,4,Did they label each section of the fraction model with 1/5?,NO,YES,False
342,1228910,b67679de-6431-46c5-9380-5f5fc79df859.jpeg,5,Did they write a multiplication sentence?,YES,YES,True
343,1228910,be60d7cf-342f-4c3c-a6b4-b0c968c09c5f.jpeg,0,"Did the student correctly find a product of 6/15, or equivalent?",YES,NO,False
343,1228910,be60d7cf-342f-4c3c-a6b4-b0c968c09c5f.jpeg,1,Did they draw a rectangular fraction model?,YES,YES,True
343,1228910,be60d7cf-342f-4c3c-a6b4-b0c968c09c5f.jpeg,2,Did they group 3 out of the 5 sections to show 3/5?,YES,YES,True
343,1228910,be60d7cf-342f-4c3c-a6b4-b0c968c09c5f.jpeg,3,Did they label 2 out of the 3 shaded sections as 2/5?,NO,YES,False
343,1228910,be60d7cf-342f-4c3c-a6b4-b0c968c09c5f.jpeg,4,Did they label each section of the fraction model with 1/5?,NO,YES,False
343,1228910,be60d7cf-342f-4c3c-a6b4-b0c968c09c5f.jpeg,5,Did they write a multiplication sentence?,NO,NO,True
344,1228910,daec0d73-946b-48ad-b4c8-ff29015ffe70.jpeg,0,"Did the student correctly find a product of 6/15, or equivalent?",YES,YES,True
344,1228910,daec0d73-946b-48ad-b4c8-ff29015ffe70.jpeg,1,Did they draw a rectangular fraction model?,YES,YES,True
344,1228910,daec0d73-946b-48ad-b4c8-ff29015ffe70.jpeg,2,Did they group 3 out of the 5 sections to show 3/5?,YES,YES,True
344,1228910,daec0d73-946b-48ad-b4c8-ff29015ffe70.jpeg,3,Did they label 2 out of the 3 shaded sections as 2/5?,NO,NO,True
344,1228910,daec0d73-946b-48ad-b4c8-ff29015ffe70.jpeg,4,Did they label each section of the fraction model with 1/5?,NO,NO,True
344,1228910,daec0d73-946b-48ad-b4c8-ff29015ffe70.jpeg,5,Did they write a multiplication sentence?,YES,YES,True
345,1228910,dd3836f0-cecb-4a31-90b5-62a44cd054dc.jpeg,0,"Did the student correctly find a product of 6/15, or equivalent?",YES,YES,True
345,1228910,dd3836f0-cecb-4a31-90b5-62a44cd054dc.jpeg,1,Did they draw a rectangular fraction model?,YES,YES,True
345,1228910,dd3836f0-cecb-4a31-90b5-62a44cd054dc.jpeg,2,Did they group 3 out of the 5 sections to show 3/5?,YES,YES,True
345,1228910,dd3836f0-cecb-4a31-90b5-62a44cd054dc.jpeg,3,Did they label 2 out of the 3 shaded sections as 2/5?,NO,NO,True
345,1228910,dd3836f0-cecb-4a31-90b5-62a44cd054dc.jpeg,4,Did they label each section of the fraction model with 1/5?,NO,NO,True
345,1228910,dd3836f0-cecb-4a31-90b5-62a44cd054dc.jpeg,5,Did they write a multiplication sentence?,YES,NO,False
346,1228910,df9baea9-8710-4db3-bdb7-0ca8cec268f5.jpeg,0,"Did the student correctly find a product of 6/15, or equivalent?",YES,YES,True
346,1228910,df9baea9-8710-4db3-bdb7-0ca8cec268f5.jpeg,1,Did they draw a rectangular fraction model?,YES,YES,True
346,1228910,df9baea9-8710-4db3-bdb7-0ca8cec268f5.jpeg,2,Did they group 3 out of the 5 sections to show 3/5?,NO,NO,True
346,1228910,df9baea9-8710-4db3-bdb7-0ca8cec268f5.jpeg,3,Did they label 2 out of the 3 shaded sections as 2/5?,NO,NO,True
346,1228910,df9baea9-8710-4db3-bdb7-0ca8cec268f5.jpeg,4,Did they label each section of the fraction model with 1/5?,NO,NO,True
346,1228910,df9baea9-8710-4db3-bdb7-0ca8cec268f5.jpeg,5,Did they write a multiplication sentence?,YES,YES,True
347,1228910,e34c8b99-04fa-464a-8d5c-365d94dfab8a.jpeg,0,"Did the student correctly find a product of 6/15, or equivalent?",YES,YES,True
347,1228910,e34c8b99-04fa-464a-8d5c-365d94dfab8a.jpeg,1,Did they draw a rectangular fraction model?,YES,YES,True
347,1228910,e34c8b99-04fa-464a-8d5c-365d94dfab8a.jpeg,2,Did they group 3 out of the 5 sections to show 3/5?,YES,YES,True
347,1228910,e34c8b99-04fa-464a-8d5c-365d94dfab8a.jpeg,3,Did they label 2 out of the 3 shaded sections as 2/5?,NO,NO,True
347,1228910,e34c8b99-04fa-464a-8d5c-365d94dfab8a.jpeg,4,Did they label each section of the fraction model with 1/5?,NO,NO,True
347,1228910,e34c8b99-04fa-464a-8d5c-365d94dfab8a.jpeg,5,Did they write a multiplication sentence?,YES,YES,True
348,1228910,edaf68a3-a81c-4a82-b3a5-04f889735a1d.jpeg,0,"Did the student correctly find a product of 6/15, or equivalent?",YES,YES,True
348,1228910,edaf68a3-a81c-4a82-b3a5-04f889735a1d.jpeg,1,Did they draw a rectangular fraction model?,YES,YES,True
348,1228910,edaf68a3-a81c-4a82-b3a5-04f889735a1d.jpeg,2,Did they group 3 out of the 5 sections to show 3/5?,NO,YES,False
348,1228910,edaf68a3-a81c-4a82-b3a5-04f889735a1d.jpeg,3,Did they label 2 out of the 3 shaded sections as 2/5?,NO,YES,False
348,1228910,edaf68a3-a81c-4a82-b3a5-04f889735a1d.jpeg,4,Did they label each section of the fraction model with 1/5?,NO,NO,True
348,1228910,edaf68a3-a81c-4a82-b3a5-04f889735a1d.jpeg,5,Did they write a multiplication sentence?,NO,NO,True
349,1228910,ffa27498-336f-43d1-b598-be01d8371310.jpeg,0,"Did the student correctly find a product of 6/15, or equivalent?",YES,YES,True
349,1228910,ffa27498-336f-43d1-b598-be01d8371310.jpeg,1,Did they draw a rectangular fraction model?,YES,YES,True
349,1228910,ffa27498-336f-43d1-b598-be01d8371310.jpeg,2,Did they group 3 out of the 5 sections to show 3/5?,YES,YES,True
349,1228910,ffa27498-336f-43d1-b598-be01d8371310.jpeg,3,Did they label 2 out of the 3 shaded sections as 2/5?,NO,NO,True
349,1228910,ffa27498-336f-43d1-b598-be01d8371310.jpeg,4,Did they label each section of the fraction model with 1/5?,NO,NO,True
349,1228910,ffa27498-336f-43d1-b598-be01d8371310.jpeg,5,Did they write a multiplication sentence?,NO,NO,True
363,1287671,061b5696-1fb4-493a-8bbf-20265ee2e6c1.jpeg,0,Did the student correctly represent that the value of each digit increases by two place values?,YES,YES,True
363,1287671,061b5696-1fb4-493a-8bbf-20265ee2e6c1.jpeg,1,Did the student correctly state that the product was 345.2?,YES,YES,True
364,1287671,13a25894-8c1d-4e7e-9f5f-2a937dbfebce.jpeg,0,Did the student correctly represent that the value of each digit increases by two place values?,YES,YES,True
364,1287671,13a25894-8c1d-4e7e-9f5f-2a937dbfebce.jpeg,1,Did the student correctly state that the product was 345.2?,YES,YES,True
365,1287671,275f3f7a-c03b-445c-99f4-c072e4700574.jpeg,0,Did the student correctly represent that the value of each digit increases by two place values?,NO,NO,True
365,1287671,275f3f7a-c03b-445c-99f4-c072e4700574.jpeg,1,Did the student correctly state that the product was 345.2?,YES,YES,True
366,1287671,33a04e50-e993-4807-ac2e-1198343b7783.jpeg,0,Did the student correctly represent that the value of each digit increases by two place values?,YES,NO,False
366,1287671,33a04e50-e993-4807-ac2e-1198343b7783.jpeg,1,Did the student correctly state that the product was 345.2?,YES,NO,False
367,1287671,35a5a317-578c-4779-8fee-df3a12c5c5d3.jpeg,0,Did the student correctly represent that the value of each digit increases by two place values?,YES,NO,False
367,1287671,35a5a317-578c-4779-8fee-df3a12c5c5d3.jpeg,1,Did the student correctly state that the product was 345.2?,YES,YES,True
368,1287671,459d01da-0ddd-466d-be20-abeda5acd101.jpeg,0,Did the student correctly represent that the value of each digit increases by two place values?,NO,NO,True
368,1287671,459d01da-0ddd-466d-be20-abeda5acd101.jpeg,1,Did the student correctly state that the product was 345.2?,NO,NO,True
369,1287671,78ddb27b-d0a8-4e3d-b793-789646beaf4a.jpeg,0,Did the student correctly represent that the value of each digit increases by two place values?,NO,YES,False
369,1287671,78ddb27b-d0a8-4e3d-b793-789646beaf4a.jpeg,1,Did the student correctly state that the product was 345.2?,NO,YES,False
370,1287671,97860ae0-6cf7-4d98-a9ad-e84c03db3ec5.jpeg,0,Did the student correctly represent that the value of each digit increases by two place values?,YES,YES,True
370,1287671,97860ae0-6cf7-4d98-a9ad-e84c03db3ec5.jpeg,1,Did the student correctly state that the product was 345.2?,YES,YES,True
371,1287671,a969e495-c958-4cb8-893b-e21cb1904898.jpeg,0,Did the student correctly represent that the value of each digit increases by two place values?,YES,YES,True
371,1287671,a969e495-c958-4cb8-893b-e21cb1904898.jpeg,1,Did the student correctly state that the product was 345.2?,NO,YES,False
372,1287671,be5ae751-c26f-4cd3-8bbb-dbb3840cd5f7.jpeg,0,Did the student correctly represent that the value of each digit increases by two place values?,YES,YES,True
372,1287671,be5ae751-c26f-4cd3-8bbb-dbb3840cd5f7.jpeg,1,Did the student correctly state that the product was 345.2?,YES,YES,True
373,1287671,c9cdabc1-7feb-41b6-8214-0fb8f035e39c.jpeg,0,Did the student correctly represent that the value of each digit increases by two place values?,NO,YES,False
373,1287671,c9cdabc1-7feb-41b6-8214-0fb8f035e39c.jpeg,1,Did the student correctly state that the product was 345.2?,NO,NO,True
374,1287671,f62c8669-1156-4702-8917-66729979836e.jpeg,0,Did the student correctly represent that the value of each digit increases by two place values?,YES,YES,True
374,1287671,f62c8669-1156-4702-8917-66729979836e.jpeg,1,Did the student correctly state that the product was 345.2?,YES,YES,True
375,1287672,3dcea030-04e0-48e7-a065-28491c9719a4.jpeg,0,Did the student correctly identify that dividing by 100 shifts the digits two place values to the right?,YES,NO,False
375,1287672,3dcea030-04e0-48e7-a065-28491c9719a4.jpeg,1,Did the student identify the correct quotient of 3.45?,YES,NO,False
376,1287672,5fc02617-3987-47f4-99b5-1557cf2ff1ea.jpeg,0,Did the student correctly identify that dividing by 100 shifts the digits two place values to the right?,NO,NO,True
376,1287672,5fc02617-3987-47f4-99b5-1557cf2ff1ea.jpeg,1,Did the student identify the correct quotient of 3.45?,NO,NO,True
377,1287672,63f5077f-d829-42f0-be19-50bedd91845c.jpeg,0,Did the student correctly identify that dividing by 100 shifts the digits two place values to the right?,YES,YES,True
377,1287672,63f5077f-d829-42f0-be19-50bedd91845c.jpeg,1,Did the student identify the correct quotient of 3.45?,YES,YES,True
378,1287672,75753237-57f7-4a42-8211-0405c64e77b7.jpeg,0,Did the student correctly identify that dividing by 100 shifts the digits two place values to the right?,YES,NO,False
378,1287672,75753237-57f7-4a42-8211-0405c64e77b7.jpeg,1,Did the student identify the correct quotient of 3.45?,YES,NO,False
379,1287672,759e66c9-d21b-4ceb-8739-61e1cd51de64.jpeg,0,Did the student correctly identify that dividing by 100 shifts the digits two place values to the right?,YES,YES,True
379,1287672,759e66c9-d21b-4ceb-8739-61e1cd51de64.jpeg,1,Did the student identify the correct quotient of 3.45?,YES,YES,True
380,1287672,9036e1e1-ec3b-4fae-af56-9a5caf4451c9.jpeg,0,Did the student correctly identify that dividing by 100 shifts the digits two place values to the right?,YES,YES,True
380,1287672,9036e1e1-ec3b-4fae-af56-9a5caf4451c9.jpeg,1,Did the student identify the correct quotient of 3.45?,YES,YES,True
381,1287672,a2afdc87-1df5-437b-aa61-0a9eaa0ed5c9.jpeg,0,Did the student correctly identify that dividing by 100 shifts the digits two place values to the right?,NO,NO,True
381,1287672,a2afdc87-1df5-437b-aa61-0a9eaa0ed5c9.jpeg,1,Did the student identify the correct quotient of 3.45?,YES,YES,True
382,1287672,aa409bf8-c779-4083-a899-e58aebbce2ca.jpeg,0,Did the student correctly identify that dividing by 100 shifts the digits two place values to the right?,NO,NO,True
382,1287672,aa409bf8-c779-4083-a899-e58aebbce2ca.jpeg,1,Did the student identify the correct quotient of 3.45?,NO,NO,True
383,1287672,b2c2c39d-b36c-4afb-a259-87737863883f.jpeg,0,Did the student correctly identify that dividing by 100 shifts the digits two place values to the right?,YES,YES,True
383,1287672,b2c2c39d-b36c-4afb-a259-87737863883f.jpeg,1,Did the student identify the correct quotient of 3.45?,YES,YES,True
384,1287672,cc6af163-b437-4d84-8e1e-d937b7acb38d.jpeg,0,Did the student correctly identify that dividing by 100 shifts the digits two place values to the right?,YES,YES,True
384,1287672,cc6af163-b437-4d84-8e1e-d937b7acb38d.jpeg,1,Did the student identify the correct quotient of 3.45?,YES,YES,True
385,1287672,ddef0be2-a077-49d7-8882-cafbf103adf5.jpeg,0,Did the student correctly identify that dividing by 100 shifts the digits two place values to the right?,YES,YES,True
385,1287672,ddef0be2-a077-49d7-8882-cafbf103adf5.jpeg,1,Did the student identify the correct quotient of 3.45?,YES,YES,True
386,1287672,ef9d8e36-2162-4798-b396-7f8ce789c222.jpeg,0,Did the student correctly identify that dividing by 100 shifts the digits two place values to the right?,YES,NO,False
386,1287672,ef9d8e36-2162-4798-b396-7f8ce789c222.jpeg,1,Did the student identify the correct quotient of 3.45?,YES,NO,False
387,1287672,efb3633b-d107-4d1a-a330-1e3cb97ad0e5.jpeg,0,Did the student correctly identify that dividing by 100 shifts the digits two place values to the right?,YES,YES,True
387,1287672,efb3633b-d107-4d1a-a330-1e3cb97ad0e5.jpeg,1,Did the student identify the correct quotient of 3.45?,YES,YES,True
388,1287672,f8069aed-b3ca-4289-8dfe-1dc16d486809.jpeg,0,Did the student correctly identify that dividing by 100 shifts the digits two place values to the right?,NO,NO,True
388,1287672,f8069aed-b3ca-4289-8dfe-1dc16d486809.jpeg,1,Did the student identify the correct quotient of 3.45?,NO,NO,True
389,1287672,fac41e96-d966-4709-868d-52d53ac4ce2b.jpeg,0,Did the student correctly identify that dividing by 100 shifts the digits two place values to the right?,YES,YES,True
389,1287672,fac41e96-d966-4709-868d-52d53ac4ce2b.jpeg,1,Did the student identify the correct quotient of 3.45?,YES,YES,True
390,1295292,086f5c88-d5f3-4b51-b0d4-0f5cdb499290.jpeg,0,Did the student use hundredths number disks to represent 7/100?,YES,YES,True
390,1295292,086f5c88-d5f3-4b51-b0d4-0f5cdb499290.jpeg,1,Did the student use tenths number disks to represent 7/100?,NO,NO,True
391,1295292,16f58012-5f65-44e2-82a4-fb92814e5155.jpeg,0,Did the student use hundredths number disks to represent 7/100?,NO,NO,True
391,1295292,16f58012-5f65-44e2-82a4-fb92814e5155.jpeg,1,Did the student use tenths number disks to represent 7/100?,NO,YES,False
392,1295292,3450cc5e-58a5-4183-a973-8feba436237c.jpeg,0,Did the student use hundredths number disks to represent 7/100?,YES,YES,True
392,1295292,3450cc5e-58a5-4183-a973-8feba436237c.jpeg,1,Did the student use tenths number disks to represent 7/100?,NO,NO,True
393,1295292,3a94f87c-6243-4b3a-a703-ddf691f2aa96.jpeg,0,Did the student use hundredths number disks to represent 7/100?,NO,NO,True
393,1295292,3a94f87c-6243-4b3a-a703-ddf691f2aa96.jpeg,1,Did the student use tenths number disks to represent 7/100?,NO,YES,False
394,1295292,3cf68ce6-cd4d-47b9-9f99-440981c3c27a.jpeg,0,Did the student use hundredths number disks to represent 7/100?,NO,YES,False
394,1295292,3cf68ce6-cd4d-47b9-9f99-440981c3c27a.jpeg,1,Did the student use tenths number disks to represent 7/100?,NO,NO,True
395,1295292,516536e6-d0df-4567-9dac-5178814ee1fc.jpeg,0,Did the student use hundredths number disks to represent 7/100?,YES,YES,True
395,1295292,516536e6-d0df-4567-9dac-5178814ee1fc.jpeg,1,Did the student use tenths number disks to represent 7/100?,NO,NO,True
396,1295292,520e108b-885a-47e5-b34a-802ab7bb5b87.jpeg,0,Did the student use hundredths number disks to represent 7/100?,YES,NO,False
396,1295292,520e108b-885a-47e5-b34a-802ab7bb5b87.jpeg,1,Did the student use tenths number disks to represent 7/100?,NO,YES,False
397,1295292,53108b43-7e5c-45b9-b0de-612ca3f3fe15.jpeg,0,Did the student use hundredths number disks to represent 7/100?,NO,YES,False
397,1295292,53108b43-7e5c-45b9-b0de-612ca3f3fe15.jpeg,1,Did the student use tenths number disks to represent 7/100?,NO,NO,True
398,1295292,873c97b9-85a8-4082-a39f-596da394b39c.jpeg,0,Did the student use hundredths number disks to represent 7/100?,NO,NO,True
398,1295292,873c97b9-85a8-4082-a39f-596da394b39c.jpeg,1,Did the student use tenths number disks to represent 7/100?,NO,YES,False
399,1295292,9c3d164d-851b-416e-a576-d0ce9d3a9b3f.jpeg,0,Did the student use hundredths number disks to represent 7/100?,YES,YES,True
399,1295292,9c3d164d-851b-416e-a576-d0ce9d3a9b3f.jpeg,1,Did the student use tenths number disks to represent 7/100?,NO,YES,False
400,1295292,b8146b21-a4ae-44a5-a85e-19ed2111a002.jpeg,0,Did the student use hundredths number disks to represent 7/100?,YES,YES,True
400,1295292,b8146b21-a4ae-44a5-a85e-19ed2111a002.jpeg,1,Did the student use tenths number disks to represent 7/100?,NO,NO,True
401,1295292,efee0301-97f6-4201-9727-b1dcb367e528.jpeg,0,Did the student use hundredths number disks to represent 7/100?,YES,NO,False
401,1295292,efee0301-97f6-4201-9727-b1dcb367e528.jpeg,1,Did the student use tenths number disks to represent 7/100?,NO,NO,True
402,1295292,f4124fe4-eca2-44a4-b32f-7ae157222e97.jpeg,0,Did the student use hundredths number disks to represent 7/100?,NO,YES,False
402,1295292,f4124fe4-eca2-44a4-b32f-7ae157222e97.jpeg,1,Did the student use tenths number disks to represent 7/100?,NO,YES,False
404,1295301,493de345-6e12-43c5-b565-fcd1fd9b17e2.jpeg,0,Did the student correctly identify that each tick marks represents one tenth or ten hundredths?,YES,NO,False
405,1295301,988cf7fa-cba8-4ea5-843c-ed96c0b94b41.jpeg,0,Did the student correctly identify that each tick marks represents one tenth or ten hundredths?,YES,NO,False
406,1295301,9b6dab34-9654-4e13-8595-02cfcd586aec.jpeg,0,Did the student correctly identify that each tick marks represents one tenth or ten hundredths?,YES,NO,False
407,1295301,aa59c3ca-5cf7-4e55-956c-30a85ed38745.jpeg,0,Did the student correctly identify that each tick marks represents one tenth or ten hundredths?,YES,NO,False
408,1295301,ac6984d7-624b-4b6d-b24f-c33134cd1e84.jpeg,0,Did the student correctly identify that each tick marks represents one tenth or ten hundredths?,YES,NO,False
410,1295301,b80fe3e0-0af0-403f-8911-0dc5f70a36c2.jpeg,0,Did the student correctly identify that each tick marks represents one tenth or ten hundredths?,"I CANNOT DETERMINE FROM THE IMAGE ALONE IF THE STUDENT CORRECTLY IDENTIFIED THAT EACH TICK MARK REPRESENTS ONE TENTH OR TEN HUNDREDTHS, AS THERE ARE NO LABELS OR CONTEXT PROVIDED.",NO,False
411,1295301,bceec425-e158-4286-b5c9-6523009a5a09.jpeg,0,Did the student correctly identify that each tick marks represents one tenth or ten hundredths?,YES,NO,False
412,1295301,bf53cc1e-85df-4b54-8004-0717c579afca.jpeg,0,Did the student correctly identify that each tick marks represents one tenth or ten hundredths?,NO,NO,True
416,1295301,fac6c241-9056-42f6-b91d-e39f324fff93.jpeg,0,Did the student correctly identify that each tick marks represents one tenth or ten hundredths?,YES,NO,False
417,1295366,1d3de175-7315-45d0-b380-2d00b40d6694.jpeg,0,Did the student find the correct value of 30?,NO,NO,True
418,1295366,27ea8971-deea-4cb3-9a04-faeb4a619130.jpeg,0,Did the student find the correct value of 30?,YES,NO,False
419,1295366,5002a32f-e248-4fa8-8934-14fdefe9080b.jpeg,0,Did the student find the correct value of 30?,YES,NO,False
420,1295366,7a492cf4-88a0-4a02-845e-720f87ba055a.jpeg,0,Did the student find the correct value of 30?,YES,YES,True
421,1295366,7e2b4d1c-9aa0-4d41-b88a-508dfedd01e7.jpeg,0,Did the student find the correct value of 30?,YES,YES,True
422,1295366,825256f5-eee0-4a87-835c-141f0312f390.jpeg,0,Did the student find the correct value of 30?,NO,NO,True
423,1295366,9cafdf63-999c-465b-aeb0-54afbd7e6465.jpeg,0,Did the student find the correct value of 30?,NO,NO,True
424,1295366,ab523c00-adfc-4e97-94c1-24a7f24c5e91.jpeg,0,Did the student find the correct value of 30?,YES,YES,True
425,1295366,bb9c0d5b-727d-4b8d-83a4-6284caf2dca7.jpeg,0,Did the student find the correct value of 30?,NO,NO,True
426,1295366,f803dbb5-23c5-4e62-8c6d-858a4313fa0a.jpeg,0,Did the student find the correct value of 30?,YES,YES,True
427,1295366,fcc2033c-0ca8-48c9-bbc5-5e97642f99d1.jpeg,0,Did the student find the correct value of 30?,NO,NO,True
450,1394545,0deaface-1975-472d-bb47-f944df2a43a9.png,0,Did the student correctly place 11/20 and 55/100 as equivalent on the tape diagram?,NO,YES,False
450,1394545,0deaface-1975-472d-bb47-f944df2a43a9.png,1,Did the student correctly state the percent form of 11/20 is 55%?,NO,YES,False
450,1394545,0deaface-1975-472d-bb47-f944df2a43a9.png,2,Is the tape diagram split into 20ths on one side and hundredths on the other?,NO,YES,False
451,1394545,17631426-c25b-4444-beb9-f38bda2d3063.jpeg,0,Did the student correctly place 11/20 and 55/100 as equivalent on the tape diagram?,YES,YES,True
451,1394545,17631426-c25b-4444-beb9-f38bda2d3063.jpeg,1,Did the student correctly state the percent form of 11/20 is 55%?,YES,YES,True
451,1394545,17631426-c25b-4444-beb9-f38bda2d3063.jpeg,2,Is the tape diagram split into 20ths on one side and hundredths on the other?,YES,YES,True
452,1394545,22399312-c44b-4ccb-a62f-48ad9f1f3e15.jpeg,0,Did the student correctly place 11/20 and 55/100 as equivalent on the tape diagram?,NO,NO,True
452,1394545,22399312-c44b-4ccb-a62f-48ad9f1f3e15.jpeg,1,Did the student correctly state the percent form of 11/20 is 55%?,YES,NO,False
452,1394545,22399312-c44b-4ccb-a62f-48ad9f1f3e15.jpeg,2,Is the tape diagram split into 20ths on one side and hundredths on the other?,NO,NO,True
453,1394545,26783f2c-717e-4211-9ff5-05ef5977da09.jpeg,0,Did the student correctly place 11/20 and 55/100 as equivalent on the tape diagram?,YES,NO,False
453,1394545,26783f2c-717e-4211-9ff5-05ef5977da09.jpeg,1,Did the student correctly state the percent form of 11/20 is 55%?,YES,NO,False
453,1394545,26783f2c-717e-4211-9ff5-05ef5977da09.jpeg,2,Is the tape diagram split into 20ths on one side and hundredths on the other?,NO,NO,True
454,1394545,2c9ae801-076d-40c3-99d3-be296a874e4b.jpeg,0,Did the student correctly place 11/20 and 55/100 as equivalent on the tape diagram?,NO,NO,True
454,1394545,2c9ae801-076d-40c3-99d3-be296a874e4b.jpeg,1,Did the student correctly state the percent form of 11/20 is 55%?,NO,NO,True
454,1394545,2c9ae801-076d-40c3-99d3-be296a874e4b.jpeg,2,Is the tape diagram split into 20ths on one side and hundredths on the other?,NO,NO,True
455,1394545,3b4b7ea5-92d0-44f2-b70c-5c82c9e0667c.jpeg,0,Did the student correctly place 11/20 and 55/100 as equivalent on the tape diagram?,YES,NO,False
455,1394545,3b4b7ea5-92d0-44f2-b70c-5c82c9e0667c.jpeg,1,Did the student correctly state the percent form of 11/20 is 55%?,YES,NO,False
455,1394545,3b4b7ea5-92d0-44f2-b70c-5c82c9e0667c.jpeg,2,Is the tape diagram split into 20ths on one side and hundredths on the other?,NO,NO,True
456,1394545,48b4b519-a8b5-407f-840c-1dd76bb788f9.jpeg,0,Did the student correctly place 11/20 and 55/100 as equivalent on the tape diagram?,YES,YES,True
456,1394545,48b4b519-a8b5-407f-840c-1dd76bb788f9.jpeg,1,Did the student correctly state the percent form of 11/20 is 55%?,YES,YES,True
456,1394545,48b4b519-a8b5-407f-840c-1dd76bb788f9.jpeg,2,Is the tape diagram split into 20ths on one side and hundredths on the other?,YES,YES,True
457,1394545,6c47dfce-91a8-4533-a03f-5e588c1966db.jpeg,0,Did the student correctly place 11/20 and 55/100 as equivalent on the tape diagram?,NO,NO,True
457,1394545,6c47dfce-91a8-4533-a03f-5e588c1966db.jpeg,1,Did the student correctly state the percent form of 11/20 is 55%?,NO,NO,True
457,1394545,6c47dfce-91a8-4533-a03f-5e588c1966db.jpeg,2,Is the tape diagram split into 20ths on one side and hundredths on the other?,NO,NO,True
458,1394545,7977424a-07e1-4e8a-af3d-67c5589d384b.jpeg,0,Did the student correctly place 11/20 and 55/100 as equivalent on the tape diagram?,NO,NO,True
458,1394545,7977424a-07e1-4e8a-af3d-67c5589d384b.jpeg,1,Did the student correctly state the percent form of 11/20 is 55%?,YES,NO,False
458,1394545,7977424a-07e1-4e8a-af3d-67c5589d384b.jpeg,2,Is the tape diagram split into 20ths on one side and hundredths on the other?,NO,NO,True
459,1394545,8d183092-d7d4-4c11-905f-bcc746bda25a.jpeg,0,Did the student correctly place 11/20 and 55/100 as equivalent on the tape diagram?,NO,YES,False
459,1394545,8d183092-d7d4-4c11-905f-bcc746bda25a.jpeg,1,Did the student correctly state the percent form of 11/20 is 55%?,NO,YES,False
459,1394545,8d183092-d7d4-4c11-905f-bcc746bda25a.jpeg,2,Is the tape diagram split into 20ths on one side and hundredths on the other?,NO,YES,False
460,1394545,b7c19ddc-69d1-4d63-b33d-4e51b105bde7.jpeg,0,Did the student correctly place 11/20 and 55/100 as equivalent on the tape diagram?,YES,YES,True
460,1394545,b7c19ddc-69d1-4d63-b33d-4e51b105bde7.jpeg,1,Did the student correctly state the percent form of 11/20 is 55%?,YES,YES,True
460,1394545,b7c19ddc-69d1-4d63-b33d-4e51b105bde7.jpeg,2,Is the tape diagram split into 20ths on one side and hundredths on the other?,YES,YES,True
461,1394545,b7d66391-fdf2-42f3-afa2-123830c829b1.jpeg,0,Did the student correctly place 11/20 and 55/100 as equivalent on the tape diagram?,NO,NO,True
461,1394545,b7d66391-fdf2-42f3-afa2-123830c829b1.jpeg,1,Did the student correctly state the percent form of 11/20 is 55%?,YES,YES,True
461,1394545,b7d66391-fdf2-42f3-afa2-123830c829b1.jpeg,2,Is the tape diagram split into 20ths on one side and hundredths on the other?,NO,NO,True
462,1394545,baf9b0ab-410f-4ba1-b8d3-ca1b51c3bdd9.jpeg,0,Did the student correctly place 11/20 and 55/100 as equivalent on the tape diagram?,YES,NO,False
462,1394545,baf9b0ab-410f-4ba1-b8d3-ca1b51c3bdd9.jpeg,1,Did the student correctly state the percent form of 11/20 is 55%?,YES,NO,False
462,1394545,baf9b0ab-410f-4ba1-b8d3-ca1b51c3bdd9.jpeg,2,Is the tape diagram split into 20ths on one side and hundredths on the other?,YES,NO,False
463,1394545,dc4f8b22-ab5e-4f30-bbcc-561a84c0e09f.jpeg,0,Did the student correctly place 11/20 and 55/100 as equivalent on the tape diagram?,NO,NO,True
463,1394545,dc4f8b22-ab5e-4f30-bbcc-561a84c0e09f.jpeg,1,Did the student correctly state the percent form of 11/20 is 55%?,YES,YES,True
463,1394545,dc4f8b22-ab5e-4f30-bbcc-561a84c0e09f.jpeg,2,Is the tape diagram split into 20ths on one side and hundredths on the other?,NO,NO,True
464,1394545,e5d59a95-4097-4d1a-b235-e9b001dba8dc.jpeg,0,Did the student correctly place 11/20 and 55/100 as equivalent on the tape diagram?,NO,NO,True
464,1394545,e5d59a95-4097-4d1a-b235-e9b001dba8dc.jpeg,1,Did the student correctly state the percent form of 11/20 is 55%?,NO,NO,True
464,1394545,e5d59a95-4097-4d1a-b235-e9b001dba8dc.jpeg,2,Is the tape diagram split into 20ths on one side and hundredths on the other?,NO,NO,True
465,1425492,16cc496f-878d-42ba-a0f2-74c3c7631ce9.jpeg,0,Did the student correctly idenitfy the quotient as 4?,YES,YES,True
465,1425492,16cc496f-878d-42ba-a0f2-74c3c7631ce9.jpeg,1,Did the student correctly show that there are four copies of 1/5 in 4/5?,YES,YES,True
466,1425492,1b6dc27b-7a8f-49c4-a80a-7f5a43a55bad.jpeg,0,Did the student correctly idenitfy the quotient as 4?,YES,YES,True
466,1425492,1b6dc27b-7a8f-49c4-a80a-7f5a43a55bad.jpeg,1,Did the student correctly show that there are four copies of 1/5 in 4/5?,YES,NO,False
467,1425492,2fa89458-8057-4403-956d-5f70284c7f9d.jpeg,0,Did the student correctly idenitfy the quotient as 4?,YES,NO,False
467,1425492,2fa89458-8057-4403-956d-5f70284c7f9d.jpeg,1,Did the student correctly show that there are four copies of 1/5 in 4/5?,YES,NO,False
468,1425492,3593dac2-c5c5-4d9d-98d0-ced3192494f2.jpeg,0,Did the student correctly idenitfy the quotient as 4?,NO,YES,False
468,1425492,3593dac2-c5c5-4d9d-98d0-ced3192494f2.jpeg,1,Did the student correctly show that there are four copies of 1/5 in 4/5?,NO,NO,True
469,1425492,6446ad15-f74d-4b01-88c2-8cbf6d5eb784.jpeg,0,Did the student correctly idenitfy the quotient as 4?,YES,NO,False
469,1425492,6446ad15-f74d-4b01-88c2-8cbf6d5eb784.jpeg,1,Did the student correctly show that there are four copies of 1/5 in 4/5?,YES,NO,False
470,1425492,9700a08b-c429-4204-9d30-58c938a0b0db.jpeg,0,Did the student correctly idenitfy the quotient as 4?,YES,YES,True
470,1425492,9700a08b-c429-4204-9d30-58c938a0b0db.jpeg,1,Did the student correctly show that there are four copies of 1/5 in 4/5?,YES,NO,False
471,1425492,a6b2bf44-c2d3-4237-958b-c1ff4bc800a6.jpeg,0,Did the student correctly idenitfy the quotient as 4?,YES,YES,True
471,1425492,a6b2bf44-c2d3-4237-958b-c1ff4bc800a6.jpeg,1,Did the student correctly show that there are four copies of 1/5 in 4/5?,YES,YES,True
472,1425492,b359b18a-91ff-4be8-a75c-18669cfaa043.jpeg,0,Did the student correctly idenitfy the quotient as 4?,YES,YES,True
472,1425492,b359b18a-91ff-4be8-a75c-18669cfaa043.jpeg,1,Did the student correctly show that there are four copies of 1/5 in 4/5?,YES,NO,False
473,1425492,b66a1a91-f0b2-41f4-a991-a39338d5dd35.jpeg,0,Did the student correctly idenitfy the quotient as 4?,YES,YES,True
473,1425492,b66a1a91-f0b2-41f4-a991-a39338d5dd35.jpeg,1,Did the student correctly show that there are four copies of 1/5 in 4/5?,YES,YES,True
474,1425492,cc3525ab-c264-4b3a-b919-d36f0743c0fd.jpeg,0,Did the student correctly idenitfy the quotient as 4?,YES,YES,True
475,1425492,ce155339-1437-4881-ac36-8dcfeb1f3449.jpeg,0,Did the student correctly idenitfy the quotient as 4?,YES,YES,True
475,1425492,ce155339-1437-4881-ac36-8dcfeb1f3449.jpeg,1,Did the student correctly show that there are four copies of 1/5 in 4/5?,YES,NO,False
476,1425492,dc06a66c-fca5-4ee3-a3e2-97c153db5f5a.jpeg,0,Did the student correctly idenitfy the quotient as 4?,YES,YES,True
476,1425492,dc06a66c-fca5-4ee3-a3e2-97c153db5f5a.jpeg,1,Did the student correctly show that there are four copies of 1/5 in 4/5?,YES,YES,True
477,1425504,0a3dbc72-f09e-4436-b28b-dd59d8a73668.png,0,Did the student correctly show that there are 2 copies of 4/9 in 8/9?,YES,YES,True
477,1425504,0a3dbc72-f09e-4436-b28b-dd59d8a73668.png,1,Did the student correctly state that the quotient is 2?,NO,NO,True
478,1425504,28e956fe-c7b5-43c8-b3d3-f95c5cf51add.jpeg,0,Did the student correctly show that there are 2 copies of 4/9 in 8/9?,YES,YES,True
478,1425504,28e956fe-c7b5-43c8-b3d3-f95c5cf51add.jpeg,1,Did the student correctly state that the quotient is 2?,YES,YES,True
479,1425504,3149a5bb-5dcf-472a-9ad6-a3f2b7abb3f2.jpeg,0,Did the student correctly show that there are 2 copies of 4/9 in 8/9?,YES,YES,True
479,1425504,3149a5bb-5dcf-472a-9ad6-a3f2b7abb3f2.jpeg,1,Did the student correctly state that the quotient is 2?,YES,YES,True
480,1425504,3417db4d-d68a-4fca-90ca-1ab5eee89f64.jpeg,0,Did the student correctly show that there are 2 copies of 4/9 in 8/9?,NO,NO,True
480,1425504,3417db4d-d68a-4fca-90ca-1ab5eee89f64.jpeg,1,Did the student correctly state that the quotient is 2?,YES,NO,False
481,1425504,346ff603-a000-422a-be0d-92d912bdf598.jpeg,0,Did the student correctly show that there are 2 copies of 4/9 in 8/9?,NO,YES,False
481,1425504,346ff603-a000-422a-be0d-92d912bdf598.jpeg,1,Did the student correctly state that the quotient is 2?,YES,YES,True
482,1425504,40a15545-ccdb-42cd-b385-a03d5e9a81ae.jpeg,0,Did the student correctly show that there are 2 copies of 4/9 in 8/9?,YES,YES,True
482,1425504,40a15545-ccdb-42cd-b385-a03d5e9a81ae.jpeg,1,Did the student correctly state that the quotient is 2?,NO,NO,True
483,1425504,47c36ef9-695b-4b1a-9ae5-b9c88a682ca1.jpeg,0,Did the student correctly show that there are 2 copies of 4/9 in 8/9?,YES,YES,True
483,1425504,47c36ef9-695b-4b1a-9ae5-b9c88a682ca1.jpeg,1,Did the student correctly state that the quotient is 2?,YES,YES,True
484,1425504,5998646a-388e-4577-9499-c59a22b5756e.jpeg,0,Did the student correctly show that there are 2 copies of 4/9 in 8/9?,YES,YES,True
484,1425504,5998646a-388e-4577-9499-c59a22b5756e.jpeg,1,Did the student correctly state that the quotient is 2?,YES,YES,True
485,1425504,6d093706-6c4f-4ac1-840f-569d10b5d6f6.jpeg,0,Did the student correctly show that there are 2 copies of 4/9 in 8/9?,YES,NO,False
485,1425504,6d093706-6c4f-4ac1-840f-569d10b5d6f6.jpeg,1,Did the student correctly state that the quotient is 2?,YES,YES,True
486,1425504,74c6ca7c-ba43-44a5-9376-35494dce3765.jpeg,0,Did the student correctly show that there are 2 copies of 4/9 in 8/9?,YES,YES,True
486,1425504,74c6ca7c-ba43-44a5-9376-35494dce3765.jpeg,1,Did the student correctly state that the quotient is 2?,YES,NO,False
487,1425504,925d3d15-a7a6-456d-93bf-a008a14574dd.jpeg,0,Did the student correctly show that there are 2 copies of 4/9 in 8/9?,YES,YES,True
487,1425504,925d3d15-a7a6-456d-93bf-a008a14574dd.jpeg,1,Did the student correctly state that the quotient is 2?,YES,YES,True
488,1425504,a0b14cf0-45a4-4362-98c7-41bd763dcbc8.jpeg,0,Did the student correctly show that there are 2 copies of 4/9 in 8/9?,NO,NO,True
488,1425504,a0b14cf0-45a4-4362-98c7-41bd763dcbc8.jpeg,1,Did the student correctly state that the quotient is 2?,YES,YES,True
489,1425504,a1d75a83-638c-4216-abbc-dd56e000ada6.jpeg,0,Did the student correctly show that there are 2 copies of 4/9 in 8/9?,YES,YES,True
489,1425504,a1d75a83-638c-4216-abbc-dd56e000ada6.jpeg,1,Did the student correctly state that the quotient is 2?,NO,YES,False
490,1425504,f4618f09-5e26-444f-92cd-e8743fbfdd34.jpeg,0,Did the student correctly show that there are 2 copies of 4/9 in 8/9?,YES,YES,True
490,1425504,f4618f09-5e26-444f-92cd-e8743fbfdd34.jpeg,1,Did the student correctly state that the quotient is 2?,NO,NO,True
491,1425504,f82a333b-312c-4b2f-8738-a59af93068b0.png,0,Did the student correctly show that there are 2 copies of 4/9 in 8/9?,NO,YES,False
491,1425504,f82a333b-312c-4b2f-8738-a59af93068b0.png,1,Did the student correctly state that the quotient is 2?,NO,NO,True
492,1425516,1ac7d70e-d7e4-4d69-b041-b1156f83357d.jpeg,0,Did the student correctly show that there are 5 copies of 3/4 in 15/4?,YES,YES,True
492,1425516,1ac7d70e-d7e4-4d69-b041-b1156f83357d.jpeg,1,Did the student correctly state the quotient is 5?,YES,YES,True
493,1425516,1e8ae4fa-7d24-4460-9962-41f85ba440c8.jpeg,0,Did the student correctly show that there are 5 copies of 3/4 in 15/4?,YES,YES,True
493,1425516,1e8ae4fa-7d24-4460-9962-41f85ba440c8.jpeg,1,Did the student correctly state the quotient is 5?,YES,YES,True
494,1425516,3b53eff2-4e04-42b8-96f3-85c104efc05e.jpeg,0,Did the student correctly show that there are 5 copies of 3/4 in 15/4?,YES,NO,False
494,1425516,3b53eff2-4e04-42b8-96f3-85c104efc05e.jpeg,1,Did the student correctly state the quotient is 5?,YES,NO,False
495,1425516,5a1c795e-ee9b-4acd-8c94-96891f03b325.jpeg,0,Did the student correctly show that there are 5 copies of 3/4 in 15/4?,YES,NO,False
495,1425516,5a1c795e-ee9b-4acd-8c94-96891f03b325.jpeg,1,Did the student correctly state the quotient is 5?,YES,YES,True
496,1425516,994e542d-432a-4daa-abd3-e72beffc3b9d.jpeg,0,Did the student correctly show that there are 5 copies of 3/4 in 15/4?,NO,YES,False
496,1425516,994e542d-432a-4daa-abd3-e72beffc3b9d.jpeg,1,Did the student correctly state the quotient is 5?,YES,YES,True
497,1425516,b1d26452-e43b-4642-a222-e450f33c64dc.jpeg,0,Did the student correctly show that there are 5 copies of 3/4 in 15/4?,YES,YES,True
497,1425516,b1d26452-e43b-4642-a222-e450f33c64dc.jpeg,1,Did the student correctly state the quotient is 5?,YES,YES,True
498,1425516,c180ca48-b359-42d6-ac10-dd575ddcbace.jpeg,0,Did the student correctly show that there are 5 copies of 3/4 in 15/4?,YES,YES,True
498,1425516,c180ca48-b359-42d6-ac10-dd575ddcbace.jpeg,1,Did the student correctly state the quotient is 5?,YES,YES,True
499,1425516,c499523d-91e8-4bfa-954f-3a6631b3b0a2.jpeg,0,Did the student correctly show that there are 5 copies of 3/4 in 15/4?,NO,YES,False
499,1425516,c499523d-91e8-4bfa-954f-3a6631b3b0a2.jpeg,1,Did the student correctly state the quotient is 5?,NO,YES,False
500,1425516,c8d194e9-a2e7-46c0-92e5-7b11464a2abc.jpeg,0,Did the student correctly show that there are 5 copies of 3/4 in 15/4?,YES,YES,True
500,1425516,c8d194e9-a2e7-46c0-92e5-7b11464a2abc.jpeg,1,Did the student correctly state the quotient is 5?,YES,YES,True
503,1425516,ef82a23b-952c-4ec5-bd90-5eaf94a09b2a.jpeg,0,Did the student correctly show that there are 5 copies of 3/4 in 15/4?,YES,NO,False
503,1425516,ef82a23b-952c-4ec5-bd90-5eaf94a09b2a.jpeg,1,Did the student correctly state the quotient is 5?,YES,YES,True
504,1425521,37a0fdce-883c-4445-83bd-6496d277f4b2.jpeg,0,Did the student draw a model representing 13/5 divided by 4/5?,NO,NO,True
501,1425516,d979bdda-c349-4b2a-8701-47e9cfd93e53.jpeg,0,Did the student correctly show that there are 5 copies of 3/4 in 15/4?,YES,NO,False
501,1425516,d979bdda-c349-4b2a-8701-47e9cfd93e53.jpeg,1,Did the student correctly state the quotient is 5?,YES,YES,True
502,1425516,e5575464-86e4-4d87-9bdb-54d87d8e43ae.jpeg,0,Did the student correctly show that there are 5 copies of 3/4 in 15/4?,YES,NO,False
502,1425516,e5575464-86e4-4d87-9bdb-54d87d8e43ae.jpeg,1,Did the student correctly state the quotient is 5?,YES,NO,False
505,1425521,76bb2f09-2adf-410b-b947-fd63f3a49e95.jpeg,0,Did the student draw a model representing 13/5 divided by 4/5?,NO,NO,True
506,1425521,904b67d0-855b-47bd-ab94-12ede85bb9ca.jpeg,0,Did the student draw a model representing 13/5 divided by 4/5?,YES,YES,True
509,1425521,c373ab4d-fbb5-4412-9121-8bcdb085c8e1.jpeg,0,Did the student draw a model representing 13/5 divided by 4/5?,YES,NO,False
510,1425521,dce9c993-0301-4747-be61-8faddd746245.jpeg,0,Did the student draw a model representing 13/5 divided by 4/5?,YES,YES,True
508,1425521,ba2684ff-0b17-4bbd-a55f-cd360eaf4b59.jpeg,0,Did the student draw a model representing 13/5 divided by 4/5?,YES,YES,True
512,1427205,42b49556-72f3-4315-bdc2-674f61e84d1a.jpeg,0,Did the student correctly represent the values of -8 and 12?,NO,NO,True
513,1427205,54a2faef-d1da-49be-9383-af407501d452.jpeg,0,Did the student correctly represent the values of -8 and 12?,YES,NO,False
507,1425521,94e8d078-8441-4a5c-b768-55957a49a65c.jpeg,0,Did the student draw a model representing 13/5 divided by 4/5?,NO,NO,True
511,1425521,e6042b29-143c-4267-bf00-1f3c0dd42c71.jpeg,0,Did the student draw a model representing 13/5 divided by 4/5?,NO,YES,False
515,1427205,5d0ed4fe-96db-4bc3-a7c3-c3c3ae9085a5.jpeg,0,Did the student correctly represent the values of -8 and 12?,YES,NO,False
514,1427205,5977bb2d-7d59-46b2-819d-660b09ade84b.jpeg,0,Did the student correctly represent the values of -8 and 12?,NO,YES,False
516,1427205,65a38cc1-4226-4644-95ea-81bcdf6f30b6.jpeg,0,Did the student correctly represent the values of -8 and 12?,YES,YES,True
517,1427205,6f0e84d0-721b-49d6-8e85-15a4daa12556.jpeg,0,Did the student correctly represent the values of -8 and 12?,YES,YES,True
518,1427205,77845ffb-459d-4e91-9884-9e27e8902805.jpeg,0,Did the student correctly represent the values of -8 and 12?,NO,YES,False
519,1427205,987d5a41-1e77-4a4b-baab-d514459838b1.png,0,Did the student correctly represent the values of -8 and 12?,NO,NO,True
522,1427205,e607c4e4-9c8d-4e0e-a165-9112201abd51.jpeg,0,Did the student correctly represent the values of -8 and 12?,YES,YES,True
521,1427205,b9cc682d-3f10-473c-a205-de10c9453e04.jpeg,0,Did the student correctly represent the values of -8 and 12?,YES,YES,True
523,1427205,ec2a6a8c-f827-4879-a5bb-2cc9cbacd565.jpeg,0,Did the student correctly represent the values of -8 and 12?,YES,NO,False
524,1427205,f5c31db0-f109-4a3b-b8a3-f3e1d37aa4dc.jpeg,0,Did the student correctly represent the values of -8 and 12?,YES,YES,True
525,1427205,fec1d233-0627-488f-b167-3efd7822f506.jpeg,0,Did the student correctly represent the values of -8 and 12?,YES,YES,True
520,1427205,9c1cf24d-0b97-4951-94f1-0bb56e4d478d.jpeg,0,Did the student correctly represent the values of -8 and 12?,NO,NO,True
527,1427209,37140b66-ce57-4790-bccc-89f33940f565.jpeg,0,Does the student correctly show that the opposite of the opposite of a negative number is negative?,NO,NO,True
527,1427209,37140b66-ce57-4790-bccc-89f33940f565.jpeg,1,Does the student's equation match their number line model?,NO,NO,True
529,1427209,87dbf4a9-ff13-496e-afa5-9a7f20d5ffa0.jpeg,0,Does the student correctly show that the opposite of the opposite of a negative number is negative?,YES,YES,True
529,1427209,87dbf4a9-ff13-496e-afa5-9a7f20d5ffa0.jpeg,1,Does the student's equation match their number line model?,NO,NO,True
528,1427209,43a93ca6-3124-4dd7-8b74-e6588eb0ae1e.png,0,Does the student correctly show that the opposite of the opposite of a negative number is negative?,YES,NO,False
528,1427209,43a93ca6-3124-4dd7-8b74-e6588eb0ae1e.png,1,Does the student's equation match their number line model?,YES,NO,False
526,1427209,18b684e1-bffc-4d8e-ae54-c7b869bbe56e.jpeg,0,Does the student correctly show that the opposite of the opposite of a negative number is negative?,NO,YES,False
526,1427209,18b684e1-bffc-4d8e-ae54-c7b869bbe56e.jpeg,1,Does the student's equation match their number line model?,NO,NO,True
531,1427209,9dc5b6d2-35e8-4d9b-ba5a-09744137b4d2.jpeg,0,Does the student correctly show that the opposite of the opposite of a negative number is negative?,YES,NO,False
531,1427209,9dc5b6d2-35e8-4d9b-ba5a-09744137b4d2.jpeg,1,Does the student's equation match their number line model?,NO,NO,True
532,1427209,a694be05-3b87-4ca2-8d39-9959d40914f0.jpeg,0,Does the student correctly show that the opposite of the opposite of a negative number is negative?,NO,NO,True
532,1427209,a694be05-3b87-4ca2-8d39-9959d40914f0.jpeg,1,Does the student's equation match their number line model?,NO,NO,True
530,1427209,900dc9c8-a3c4-49f3-81b8-0ca0fc41309f.jpeg,0,Does the student correctly show that the opposite of the opposite of a negative number is negative?,NO,NO,True
530,1427209,900dc9c8-a3c4-49f3-81b8-0ca0fc41309f.jpeg,1,Does the student's equation match their number line model?,NO,NO,True
533,1427209,bfc8a75c-2bfe-4d99-bb58-64c188df41dc.jpeg,0,Does the student correctly show that the opposite of the opposite of a negative number is negative?,NO,NO,True
533,1427209,bfc8a75c-2bfe-4d99-bb58-64c188df41dc.jpeg,1,Does the student's equation match their number line model?,NO EQUATION PROVIDED,NO,False
535,1427209,de5d9200-d4c5-4075-87a1-a08351cd84fe.jpeg,0,Does the student correctly show that the opposite of the opposite of a negative number is negative?,NO,NO,True
535,1427209,de5d9200-d4c5-4075-87a1-a08351cd84fe.jpeg,1,Does the student's equation match their number line model?,NO,NO,True
537,1427209,ee33d4ad-b724-4d27-8511-c8e0d6061a36.jpeg,0,Does the student correctly show that the opposite of the opposite of a negative number is negative?,YES,NO,False
537,1427209,ee33d4ad-b724-4d27-8511-c8e0d6061a36.jpeg,1,Does the student's equation match their number line model?,YES,NO,False
536,1427209,eac4aa77-6d26-4389-a388-eff07608b16a.jpeg,0,Does the student correctly show that the opposite of the opposite of a negative number is negative?,YES,NO,False
536,1427209,eac4aa77-6d26-4389-a388-eff07608b16a.jpeg,1,Does the student's equation match their number line model?,NO,NO,True
534,1427209,d41c2830-0335-4084-be18-cd89e7c5466e.jpeg,0,Does the student correctly show that the opposite of the opposite of a negative number is negative?,NO,NO,True
534,1427209,d41c2830-0335-4084-be18-cd89e7c5466e.jpeg,1,Does the student's equation match their number line model?,NO,YES,False
538,1427209,f67d5b8f-b9a1-4c25-a72d-38b1e6f1c23d.png,0,Does the student correctly show that the opposite of the opposite of a negative number is negative?,NO,YES,False
538,1427209,f67d5b8f-b9a1-4c25-a72d-38b1e6f1c23d.png,1,Does the student's equation match their number line model?,NO,YES,False
539,1458767,0d6fb627-3fcc-4967-adfb-4b3516a34c2d.jpeg,0,Are the other ratios equivalent to the ratio 3:5?,YES,YES,True
539,1458767,0d6fb627-3fcc-4967-adfb-4b3516a34c2d.jpeg,1,Did the student include the ratio 3:5 in the first row of data?,YES,YES,True
540,1458767,3409b602-2201-4e19-856f-9b66e30d8a9b.jpeg,0,Are the other ratios equivalent to the ratio 3:5?,YES,YES,True
540,1458767,3409b602-2201-4e19-856f-9b66e30d8a9b.jpeg,1,Did the student include the ratio 3:5 in the first row of data?,YES,YES,True
541,1458767,356d0b29-d230-4b4c-844c-788ccc6c2566.jpeg,0,Are the other ratios equivalent to the ratio 3:5?,YES,YES,True
541,1458767,356d0b29-d230-4b4c-844c-788ccc6c2566.jpeg,1,Did the student include the ratio 3:5 in the first row of data?,YES,YES,True
545,1458767,a2e8664a-e023-473f-960e-aea8372d1ac1.jpeg,0,Are the other ratios equivalent to the ratio 3:5?,YES,NO,False
545,1458767,a2e8664a-e023-473f-960e-aea8372d1ac1.jpeg,1,Did the student include the ratio 3:5 in the first row of data?,YES,YES,True
543,1458767,58e80a3e-476a-4b54-9998-861498664d3b.png,0,Are the other ratios equivalent to the ratio 3:5?,NO,YES,False
543,1458767,58e80a3e-476a-4b54-9998-861498664d3b.png,1,Did the student include the ratio 3:5 in the first row of data?,NO,YES,False
544,1458767,6eb878b1-8cf3-48c1-be37-a1fd85bcbd53.jpeg,0,Are the other ratios equivalent to the ratio 3:5?,YES,YES,True
544,1458767,6eb878b1-8cf3-48c1-be37-a1fd85bcbd53.jpeg,1,Did the student include the ratio 3:5 in the first row of data?,YES,YES,True
542,1458767,4142963b-8912-4f53-a436-7f1ba361ce27.jpeg,0,Are the other ratios equivalent to the ratio 3:5?,NO,YES,False
542,1458767,4142963b-8912-4f53-a436-7f1ba361ce27.jpeg,1,Did the student include the ratio 3:5 in the first row of data?,YES,YES,True
546,1458767,b3891a51-271d-43a1-bcd8-83960a8a0260.png,0,Are the other ratios equivalent to the ratio 3:5?,NO,YES,False
546,1458767,b3891a51-271d-43a1-bcd8-83960a8a0260.png,1,Did the student include the ratio 3:5 in the first row of data?,NO,YES,False
547,1458767,b4138fdf-36da-4598-9582-058d1e18c84c.png,0,Are the other ratios equivalent to the ratio 3:5?,NO,YES,False
547,1458767,b4138fdf-36da-4598-9582-058d1e18c84c.png,1,Did the student include the ratio 3:5 in the first row of data?,NO,YES,False
548,1458767,e8f31625-cd9c-428a-b721-19081928ca2b.jpeg,0,Are the other ratios equivalent to the ratio 3:5?,YES,YES,True
548,1458767,e8f31625-cd9c-428a-b721-19081928ca2b.jpeg,1,Did the student include the ratio 3:5 in the first row of data?,YES,YES,True
548,1458767,e8f31625-cd9c-428a-b721-19081928ca2b.jpeg,2,Is this discription accurate the to text?,YES,NO,False
549,1458767,f5c2e5d3-6329-4a00-883c-d14ceb1d35d2.jpeg,0,Are the other ratios equivalent to the ratio 3:5?,YES,YES,True
549,1458767,f5c2e5d3-6329-4a00-883c-d14ceb1d35d2.jpeg,1,Did the student include the ratio 3:5 in the first row of data?,YES,YES,True
565,1458775,38905828-9ce8-4cd1-8784-937470a5d703.jpeg,0,Do the values in the table maintain the ratio of 2 charms to 8 beads?,NO,NO,True
566,1458775,7671a5e3-1408-4265-8c2c-bfb795fc8bcb.jpeg,0,Do the values in the table maintain the ratio of 2 charms to 8 beads?,NO,YES,False
564,1458775,0c7624d1-fb57-46bb-8dc7-d09b220cf8b1.jpeg,0,Do the values in the table maintain the ratio of 2 charms to 8 beads?,YES,YES,True
567,1458775,82e93c63-e130-4d2a-802a-5e4a9861b2e2.jpeg,0,Do the values in the table maintain the ratio of 2 charms to 8 beads?,YES,YES,True
568,1458775,85fbe124-f7d6-4b9c-8f7f-ddda240fb777.jpeg,0,Do the values in the table maintain the ratio of 2 charms to 8 beads?,YES,YES,True
569,1458775,9556139f-671c-435b-baca-0f4f833b67b3.jpeg,0,Do the values in the table maintain the ratio of 2 charms to 8 beads?,YES,YES,True
570,1458775,9a5eadce-cf65-44b4-bd0a-41ea769d2d29.jpeg,0,Do the values in the table maintain the ratio of 2 charms to 8 beads?,YES,YES,True
571,1458775,a487bcf7-5f85-444f-a00f-bf3a319607e6.jpeg,0,Do the values in the table maintain the ratio of 2 charms to 8 beads?,YES,YES,True
572,1458775,af529d58-5cb0-487f-bd98-a586eebbcd05.jpeg,0,Do the values in the table maintain the ratio of 2 charms to 8 beads?,YES,YES,True
574,1458776,0ce89fff-c555-4769-960d-7ae707174588.png,0,Do the ordered pairs match the points plotted on the graph?,YES,NO,False
573,1458775,b17a76b4-ad76-4d56-b60d-9631571405ab.jpeg,0,Do the values in the table maintain the ratio of 2 charms to 8 beads?,NO,YES,False
577,1458776,af7f1968-bbd7-4f15-9389-eeac4e6677ce.jpeg,0,Do the ordered pairs match the points plotted on the graph?,NO,YES,False
578,1458776,c0ce1215-1107-400b-95ce-c8003ce2b139.jpeg,0,Do the ordered pairs match the points plotted on the graph?,YES,YES,True
583,1459001,2840f9f3-8d3b-4039-82d9-488ea1b9b1e2.jpeg,0,Did the student correctly treat 30 as the part?,YES,YES,True
580,1458776,deb10822-d792-4c83-82cc-5f880b898ab0.jpeg,0,Do the ordered pairs match the points plotted on the graph?,NO,NO,True
581,1458776,e71d0178-72b4-4bd4-87fd-f5b8801843e3.jpeg,0,Do the ordered pairs match the points plotted on the graph?,YES,YES,True
579,1458776,d968748f-7a82-4071-a6cb-0468d9d2412f.jpeg,0,Do the ordered pairs match the points plotted on the graph?,YES,NO,False
585,1459001,5c8a0b89-5ccc-4202-a8aa-4ecc3b1c71b9.jpeg,0,Did the student correctly treat 30 as the part?,YES,YES,True
584,1459001,491491bb-e5aa-483c-987b-d6a4714c235e.png,0,Did the student correctly treat 30 as the part?,NO,NO,True
587,1459001,92d767db-ac0c-4519-bb3c-f6600708a740.jpeg,0,Did the student correctly treat 30 as the part?,YES,YES,True
588,1459001,95e6002b-c35b-4f89-b97c-e22f7c2bfaf2.jpeg,0,Did the student correctly treat 30 as the part?,YES,YES,True
589,1459001,a84955fb-079d-48cd-9a83-3865e83d164b.jpeg,0,Did the student correctly treat 30 as the part?,YES,YES,True
591,1459001,dcf976e9-4fba-42f2-86d5-d9f57044be12.jpeg,0,Did the student correctly treat 30 as the part?,YES,YES,True
593,1459001,ef9d104a-b7ff-437e-adee-cb6fd3cbe8fe.jpeg,0,Did the student correctly treat 30 as the part?,YES,YES,True
586,1459001,8aebd89b-ef6c-4188-8780-459c8760e165.jpeg,0,Did the student correctly treat 30 as the part?,YES,NO,False
596,1459059,24373adb-2f8b-4afc-bc10-95b7319ad55d.jpeg,0,Did the student correctly plot the point -4 on the number line?,YES,YES,True
596,1459059,24373adb-2f8b-4afc-bc10-95b7319ad55d.jpeg,1,Did the student correctly plot the point 4 on the number line?,YES,YES,True
594,1459059,1e0ae8a8-ecf8-4d44-bf20-6fe981a69a8e.png,0,Did the student correctly plot the point -4 on the number line?,CONTENT NOT VISIBLE,NO,False
594,1459059,1e0ae8a8-ecf8-4d44-bf20-6fe981a69a8e.png,1,Did the student correctly plot the point 4 on the number line?,CONTENT NOT VISIBLE,NO,False
592,1459001,dedd6878-03df-4445-9600-64a869727c1f.jpeg,0,Did the student correctly treat 30 as the part?,YES,YES,True
597,1459059,3012ca5f-3aca-47f4-85f8-c2f90dfbf729.jpeg,0,Did the student correctly plot the point -4 on the number line?,NO,NO,True
597,1459059,3012ca5f-3aca-47f4-85f8-c2f90dfbf729.jpeg,1,Did the student correctly plot the point 4 on the number line?,NO,NO,True
598,1459059,85a936d0-528e-4a5e-8688-bc360e6706c2.jpeg,0,Did the student correctly plot the point -4 on the number line?,NO,NO,True
598,1459059,85a936d0-528e-4a5e-8688-bc360e6706c2.jpeg,1,Did the student correctly plot the point 4 on the number line?,NO,NO,True
599,1459059,85cc71bf-4b9a-4cd3-803a-03567b5d258d.jpeg,0,Did the student correctly plot the point -4 on the number line?,YES,YES,True
599,1459059,85cc71bf-4b9a-4cd3-803a-03567b5d258d.jpeg,1,Did the student correctly plot the point 4 on the number line?,YES,YES,True
600,1459059,8ef6a262-debe-4ac1-b7b8-69b9963c9d95.jpeg,0,Did the student correctly plot the point -4 on the number line?,YES,NO,False
600,1459059,8ef6a262-debe-4ac1-b7b8-69b9963c9d95.jpeg,1,Did the student correctly plot the point 4 on the number line?,YES,NO,False
601,1459059,b1a221e3-6a12-4e3f-906d-276b98b6b631.jpeg,0,Did the student correctly plot the point -4 on the number line?,YES,YES,True
601,1459059,b1a221e3-6a12-4e3f-906d-276b98b6b631.jpeg,1,Did the student correctly plot the point 4 on the number line?,YES,YES,True
603,1459059,d02321dd-18a3-421d-978b-af914ce0a8dd.jpeg,0,Did the student correctly plot the point -4 on the number line?,YES,YES,True
603,1459059,d02321dd-18a3-421d-978b-af914ce0a8dd.jpeg,1,Did the student correctly plot the point 4 on the number line?,YES,YES,True
602,1459059,c25f13bf-54a3-43f2-937d-4a56ad5a393a.jpeg,0,Did the student correctly plot the point -4 on the number line?,YES,YES,True
602,1459059,c25f13bf-54a3-43f2-937d-4a56ad5a393a.jpeg,1,Did the student correctly plot the point 4 on the number line?,YES,YES,True
604,1459059,d7cd3537-4a7a-43f6-99e8-761e366c3c3d.jpeg,0,Did the student correctly plot the point -4 on the number line?,YES,YES,True
604,1459059,d7cd3537-4a7a-43f6-99e8-761e366c3c3d.jpeg,1,Did the student correctly plot the point 4 on the number line?,YES,YES,True
606,1459059,f380230d-49cd-4318-bdf4-e9524412309e.jpeg,0,Did the student correctly plot the point -4 on the number line?,NO,NO,True
606,1459059,f380230d-49cd-4318-bdf4-e9524412309e.jpeg,1,Did the student correctly plot the point 4 on the number line?,NO,NO,True
605,1459059,e6a47404-58a5-4f9a-9b3b-c2ee1f6e4a2f.jpeg,0,Did the student correctly plot the point -4 on the number line?,NO,NO,True
605,1459059,e6a47404-58a5-4f9a-9b3b-c2ee1f6e4a2f.jpeg,1,Did the student correctly plot the point 4 on the number line?,NO,NO,True
622,1460146,1e8345ef-6387-4f44-b38e-d2d92b101629.jpeg,0,Did the student correctly draw 5 discs in the hundreds column?,YES,YES,True
622,1460146,1e8345ef-6387-4f44-b38e-d2d92b101629.jpeg,1,Did the student correctly draw 6 discs in the tens column?,YES,YES,True
622,1460146,1e8345ef-6387-4f44-b38e-d2d92b101629.jpeg,2,Did the student correctly draw zero discs in the ones column?,YES,YES,True
622,1460146,1e8345ef-6387-4f44-b38e-d2d92b101629.jpeg,3,Did the student label the columns?,NO,YES,False
595,1459059,240e9e25-c436-402d-87f9-bad966a89d10.jpeg,0,Did the student correctly plot the point -4 on the number line?,NO,YES,False
595,1459059,240e9e25-c436-402d-87f9-bad966a89d10.jpeg,1,Did the student correctly plot the point 4 on the number line?,NO,YES,False
621,1460146,1373525d-e035-496d-8e04-942c8c0bf8c2.jpeg,0,Did the student correctly draw 5 discs in the hundreds column?,YES,YES,True
621,1460146,1373525d-e035-496d-8e04-942c8c0bf8c2.jpeg,1,Did the student correctly draw 6 discs in the tens column?,NO,YES,False
621,1460146,1373525d-e035-496d-8e04-942c8c0bf8c2.jpeg,2,Did the student correctly draw zero discs in the ones column?,NO,NO,True
621,1460146,1373525d-e035-496d-8e04-942c8c0bf8c2.jpeg,3,Did the student label the columns?,NO,YES,False
623,1460146,22bdff9a-55e2-4420-8848-431fd6b05947.jpeg,0,Did the student correctly draw 5 discs in the hundreds column?,YES,YES,True
623,1460146,22bdff9a-55e2-4420-8848-431fd6b05947.jpeg,1,Did the student correctly draw 6 discs in the tens column?,NO,YES,False
623,1460146,22bdff9a-55e2-4420-8848-431fd6b05947.jpeg,2,Did the student correctly draw zero discs in the ones column?,NO,YES,False
623,1460146,22bdff9a-55e2-4420-8848-431fd6b05947.jpeg,3,Did the student label the columns?,YES,YES,True
624,1460146,2833ff32-7d54-4d2a-938b-f9713ee9a0a8.jpeg,0,Did the student correctly draw 5 discs in the hundreds column?,YES,YES,True
624,1460146,2833ff32-7d54-4d2a-938b-f9713ee9a0a8.jpeg,1,Did the student correctly draw 6 discs in the tens column?,YES,YES,True
624,1460146,2833ff32-7d54-4d2a-938b-f9713ee9a0a8.jpeg,2,Did the student correctly draw zero discs in the ones column?,YES,YES,True
624,1460146,2833ff32-7d54-4d2a-938b-f9713ee9a0a8.jpeg,3,Did the student label the columns?,YES,YES,True
625,1460146,40d9191e-4a62-43ef-8ce1-1d39e8943303.jpeg,0,Did the student correctly draw 5 discs in the hundreds column?,YES,YES,True
625,1460146,40d9191e-4a62-43ef-8ce1-1d39e8943303.jpeg,1,Did the student correctly draw 6 discs in the tens column?,YES,YES,True
625,1460146,40d9191e-4a62-43ef-8ce1-1d39e8943303.jpeg,2,Did the student correctly draw zero discs in the ones column?,YES,YES,True
625,1460146,40d9191e-4a62-43ef-8ce1-1d39e8943303.jpeg,3,Did the student label the columns?,NO,NO,True
626,1460146,50b41a2e-db29-4652-9ff5-56f088bd4615.jpeg,0,Did the student correctly draw 5 discs in the hundreds column?,NO,NO,True
626,1460146,50b41a2e-db29-4652-9ff5-56f088bd4615.jpeg,1,Did the student correctly draw 6 discs in the tens column?,NO,NO,True
626,1460146,50b41a2e-db29-4652-9ff5-56f088bd4615.jpeg,2,Did the student correctly draw zero discs in the ones column?,NO,NO,True
626,1460146,50b41a2e-db29-4652-9ff5-56f088bd4615.jpeg,3,Did the student label the columns?,YES,YES,True
627,1460146,54b25be0-afd3-4a6c-a71c-ab2b9099597c.jpeg,0,Did the student correctly draw 5 discs in the hundreds column?,YES,YES,True
627,1460146,54b25be0-afd3-4a6c-a71c-ab2b9099597c.jpeg,1,Did the student correctly draw 6 discs in the tens column?,NO,NO,True
627,1460146,54b25be0-afd3-4a6c-a71c-ab2b9099597c.jpeg,2,Did the student correctly draw zero discs in the ones column?,YES,NO,False
627,1460146,54b25be0-afd3-4a6c-a71c-ab2b9099597c.jpeg,3,Did the student label the columns?,NO,YES,False
628,1460146,61f67f5b-e2f8-4048-b19d-9e2dc0246420.jpeg,0,Did the student correctly draw 5 discs in the hundreds column?,YES,YES,True
628,1460146,61f67f5b-e2f8-4048-b19d-9e2dc0246420.jpeg,1,Did the student correctly draw 6 discs in the tens column?,YES,YES,True
628,1460146,61f67f5b-e2f8-4048-b19d-9e2dc0246420.jpeg,2,Did the student correctly draw zero discs in the ones column?,YES,NO,False
628,1460146,61f67f5b-e2f8-4048-b19d-9e2dc0246420.jpeg,3,Did the student label the columns?,YES,YES,True
629,1460146,763049cd-6960-4147-b0ff-8b5a66de6a4e.jpeg,0,Did the student correctly draw 5 discs in the hundreds column?,YES,YES,True
629,1460146,763049cd-6960-4147-b0ff-8b5a66de6a4e.jpeg,1,Did the student correctly draw 6 discs in the tens column?,YES,YES,True
629,1460146,763049cd-6960-4147-b0ff-8b5a66de6a4e.jpeg,2,Did the student correctly draw zero discs in the ones column?,YES,NO,False
629,1460146,763049cd-6960-4147-b0ff-8b5a66de6a4e.jpeg,3,Did the student label the columns?,YES,YES,True
632,1460146,bb74526f-1b79-4cf9-9ea5-c1173d1d7b39.png,0,Did the student correctly draw 5 discs in the hundreds column?,NO,YES,False
632,1460146,bb74526f-1b79-4cf9-9ea5-c1173d1d7b39.png,1,Did the student correctly draw 6 discs in the tens column?,NO,YES,False
632,1460146,bb74526f-1b79-4cf9-9ea5-c1173d1d7b39.png,2,Did the student correctly draw zero discs in the ones column?,NO,NO,True
632,1460146,bb74526f-1b79-4cf9-9ea5-c1173d1d7b39.png,3,Did the student label the columns?,NO,NO,True
630,1460146,adce13cc-3bcf-4d1a-9cbc-b052a490c1b4.jpeg,0,Did the student correctly draw 5 discs in the hundreds column?,YES,YES,True
630,1460146,adce13cc-3bcf-4d1a-9cbc-b052a490c1b4.jpeg,1,Did the student correctly draw 6 discs in the tens column?,YES,YES,True
630,1460146,adce13cc-3bcf-4d1a-9cbc-b052a490c1b4.jpeg,2,Did the student correctly draw zero discs in the ones column?,YES,NO,False
630,1460146,adce13cc-3bcf-4d1a-9cbc-b052a490c1b4.jpeg,3,Did the student label the columns?,YES,YES,True
631,1460146,ae1edb39-dbbf-4f0c-9c93-ebcfac8297ad.jpeg,0,Did the student correctly draw 5 discs in the hundreds column?,YES,YES,True
631,1460146,ae1edb39-dbbf-4f0c-9c93-ebcfac8297ad.jpeg,1,Did the student correctly draw 6 discs in the tens column?,YES,YES,True
631,1460146,ae1edb39-dbbf-4f0c-9c93-ebcfac8297ad.jpeg,2,Did the student correctly draw zero discs in the ones column?,YES,NO,False
631,1460146,ae1edb39-dbbf-4f0c-9c93-ebcfac8297ad.jpeg,3,Did the student label the columns?,YES,YES,True
633,1460146,de66ead6-f527-4279-befa-bf3b25fbfad5.jpeg,0,Did the student correctly draw 5 discs in the hundreds column?,YES,YES,True
633,1460146,de66ead6-f527-4279-befa-bf3b25fbfad5.jpeg,1,Did the student correctly draw 6 discs in the tens column?,YES,YES,True
633,1460146,de66ead6-f527-4279-befa-bf3b25fbfad5.jpeg,2,Did the student correctly draw zero discs in the ones column?,YES,NO,False
633,1460146,de66ead6-f527-4279-befa-bf3b25fbfad5.jpeg,3,Did the student label the columns?,YES,YES,True
635,1460146,fd761b10-71a9-473d-aecb-520725947748.jpeg,0,Did the student correctly draw 5 discs in the hundreds column?,YES,YES,True
635,1460146,fd761b10-71a9-473d-aecb-520725947748.jpeg,1,Did the student correctly draw 6 discs in the tens column?,YES,YES,True
635,1460146,fd761b10-71a9-473d-aecb-520725947748.jpeg,2,Did the student correctly draw zero discs in the ones column?,YES,NO,False
635,1460146,fd761b10-71a9-473d-aecb-520725947748.jpeg,3,Did the student label the columns?,YES,YES,True
634,1460146,e27de72d-22f5-4a2b-9c83-a252dd008301.jpeg,0,Did the student correctly draw 5 discs in the hundreds column?,NO,NO,True
634,1460146,e27de72d-22f5-4a2b-9c83-a252dd008301.jpeg,1,Did the student correctly draw 6 discs in the tens column?,YES,NO,False
634,1460146,e27de72d-22f5-4a2b-9c83-a252dd008301.jpeg,2,Did the student correctly draw zero discs in the ones column?,NO,NO,True
634,1460146,e27de72d-22f5-4a2b-9c83-a252dd008301.jpeg,3,Did the student label the columns?,NO,NO,True
636,1474564,057fc962-943d-4f55-b03e-c4c74289d2c9.jpeg,0,Did the student correctly rotate the triangle 270 degrees around Z?,YES,NO,False
636,1474564,057fc962-943d-4f55-b03e-c4c74289d2c9.jpeg,1,Did the student correctly rotate the triangle 90 degrees clockwise around Z?,NO,NO,True
636,1474564,057fc962-943d-4f55-b03e-c4c74289d2c9.jpeg,2,Did the student corretly rotate the triangle 180 degrees around Z?,YES,NO,False
636,1474564,057fc962-943d-4f55-b03e-c4c74289d2c9.jpeg,3,Did the student redraw the triangles shown in the problem?,YES,NO,False
637,1474564,1b8aed79-5f89-4b27-8143-4a95a3e2edc4.jpeg,0,Did the student correctly rotate the triangle 270 degrees around Z?,NO,YES,False
637,1474564,1b8aed79-5f89-4b27-8143-4a95a3e2edc4.jpeg,1,Did the student correctly rotate the triangle 90 degrees clockwise around Z?,NO,YES,False
637,1474564,1b8aed79-5f89-4b27-8143-4a95a3e2edc4.jpeg,2,Did the student corretly rotate the triangle 180 degrees around Z?,NO,YES,False
637,1474564,1b8aed79-5f89-4b27-8143-4a95a3e2edc4.jpeg,3,Did the student redraw the triangles shown in the problem?,NO,YES,False
641,1474564,5ed4af4e-72ed-415e-9dcd-fa114db5eb12.jpeg,0,Did the student correctly rotate the triangle 270 degrees around Z?,NO,YES,False
641,1474564,5ed4af4e-72ed-415e-9dcd-fa114db5eb12.jpeg,1,Did the student correctly rotate the triangle 90 degrees clockwise around Z?,NO,YES,False
641,1474564,5ed4af4e-72ed-415e-9dcd-fa114db5eb12.jpeg,2,Did the student corretly rotate the triangle 180 degrees around Z?,NO,YES,False
641,1474564,5ed4af4e-72ed-415e-9dcd-fa114db5eb12.jpeg,3,Did the student redraw the triangles shown in the problem?,YES,YES,True
639,1474564,442b0727-30c2-407c-94da-cf56e1cf5b84.jpeg,0,Did the student correctly rotate the triangle 270 degrees around Z?,YES,YES,True
639,1474564,442b0727-30c2-407c-94da-cf56e1cf5b84.jpeg,1,Did the student correctly rotate the triangle 90 degrees clockwise around Z?,YES,YES,True
639,1474564,442b0727-30c2-407c-94da-cf56e1cf5b84.jpeg,2,Did the student corretly rotate the triangle 180 degrees around Z?,YES,YES,True
639,1474564,442b0727-30c2-407c-94da-cf56e1cf5b84.jpeg,3,Did the student redraw the triangles shown in the problem?,YES,YES,True
638,1474564,3013e123-9228-46af-a087-681a09700bb3.jpeg,0,Did the student correctly rotate the triangle 270 degrees around Z?,YES,YES,True
638,1474564,3013e123-9228-46af-a087-681a09700bb3.jpeg,1,Did the student correctly rotate the triangle 90 degrees clockwise around Z?,YES,YES,True
638,1474564,3013e123-9228-46af-a087-681a09700bb3.jpeg,2,Did the student corretly rotate the triangle 180 degrees around Z?,YES,YES,True
638,1474564,3013e123-9228-46af-a087-681a09700bb3.jpeg,3,Did the student redraw the triangles shown in the problem?,NO,YES,False
642,1474564,6c454044-e6a7-49cf-9529-a50cede4e448.jpeg,0,Did the student correctly rotate the triangle 270 degrees around Z?,YES,YES,True
642,1474564,6c454044-e6a7-49cf-9529-a50cede4e448.jpeg,1,Did the student correctly rotate the triangle 90 degrees clockwise around Z?,YES,YES,True
642,1474564,6c454044-e6a7-49cf-9529-a50cede4e448.jpeg,2,Did the student corretly rotate the triangle 180 degrees around Z?,YES,YES,True
642,1474564,6c454044-e6a7-49cf-9529-a50cede4e448.jpeg,3,Did the student redraw the triangles shown in the problem?,NO,YES,False
640,1474564,536a563b-6aa6-429e-b8b0-63baec5b71f7.jpeg,0,Did the student correctly rotate the triangle 270 degrees around Z?,YES,YES,True
640,1474564,536a563b-6aa6-429e-b8b0-63baec5b71f7.jpeg,1,Did the student correctly rotate the triangle 90 degrees clockwise around Z?,YES,YES,True
640,1474564,536a563b-6aa6-429e-b8b0-63baec5b71f7.jpeg,2,Did the student corretly rotate the triangle 180 degrees around Z?,YES,YES,True
640,1474564,536a563b-6aa6-429e-b8b0-63baec5b71f7.jpeg,3,Did the student redraw the triangles shown in the problem?,YES,YES,True
644,1474564,783ac260-ee7f-410f-a113-e63a1ad96de1.jpeg,0,Did the student correctly rotate the triangle 270 degrees around Z?,YES,YES,True
644,1474564,783ac260-ee7f-410f-a113-e63a1ad96de1.jpeg,1,Did the student correctly rotate the triangle 90 degrees clockwise around Z?,YES,YES,True
644,1474564,783ac260-ee7f-410f-a113-e63a1ad96de1.jpeg,2,Did the student corretly rotate the triangle 180 degrees around Z?,YES,YES,True
644,1474564,783ac260-ee7f-410f-a113-e63a1ad96de1.jpeg,3,Did the student redraw the triangles shown in the problem?,N/A,NO,False
643,1474564,6cedc497-b09d-4207-abb6-ca9612a1566f.jpeg,0,Did the student correctly rotate the triangle 270 degrees around Z?,NO,YES,False
643,1474564,6cedc497-b09d-4207-abb6-ca9612a1566f.jpeg,1,Did the student correctly rotate the triangle 90 degrees clockwise around Z?,NO,NO,True
643,1474564,6cedc497-b09d-4207-abb6-ca9612a1566f.jpeg,2,Did the student corretly rotate the triangle 180 degrees around Z?,NO,NO,True
643,1474564,6cedc497-b09d-4207-abb6-ca9612a1566f.jpeg,3,Did the student redraw the triangles shown in the problem?,YES,YES,True
645,1474564,861f9321-d0cf-4388-a8b3-b7f7c88c9371.jpeg,0,Did the student correctly rotate the triangle 270 degrees around Z?,NO,YES,False
645,1474564,861f9321-d0cf-4388-a8b3-b7f7c88c9371.jpeg,1,Did the student correctly rotate the triangle 90 degrees clockwise around Z?,NO,YES,False
645,1474564,861f9321-d0cf-4388-a8b3-b7f7c88c9371.jpeg,2,Did the student corretly rotate the triangle 180 degrees around Z?,NO,YES,False
645,1474564,861f9321-d0cf-4388-a8b3-b7f7c88c9371.jpeg,3,Did the student redraw the triangles shown in the problem?,YES,YES,True
646,1474564,8746c73a-beed-4262-84c4-1300d6882fd9.jpeg,0,Did the student correctly rotate the triangle 270 degrees around Z?,YES,YES,True
646,1474564,8746c73a-beed-4262-84c4-1300d6882fd9.jpeg,1,Did the student correctly rotate the triangle 90 degrees clockwise around Z?,YES,YES,True
646,1474564,8746c73a-beed-4262-84c4-1300d6882fd9.jpeg,2,Did the student corretly rotate the triangle 180 degrees around Z?,YES,YES,True
646,1474564,8746c73a-beed-4262-84c4-1300d6882fd9.jpeg,3,Did the student redraw the triangles shown in the problem?,YES,YES,True
658,1483278,1e4a5a6a-756f-47c2-8eb3-dfa7b732fa9a.png,0,Did the student correctly graph the slope of the first line?,YES,YES,True
658,1483278,1e4a5a6a-756f-47c2-8eb3-dfa7b732fa9a.png,1,Did the student correctly graph the slope of the second line?,YES,YES,True
658,1483278,1e4a5a6a-756f-47c2-8eb3-dfa7b732fa9a.png,2,Did the student correctly graph the y-intercept of the first line?,YES,YES,True
658,1483278,1e4a5a6a-756f-47c2-8eb3-dfa7b732fa9a.png,3,Did the student correctly graph the y-intercept of the second line?,YES,YES,True
648,1474564,b797063f-6856-41c5-94f6-23252e076012.jpeg,0,Did the student correctly rotate the triangle 270 degrees around Z?,YES,YES,True
648,1474564,b797063f-6856-41c5-94f6-23252e076012.jpeg,1,Did the student correctly rotate the triangle 90 degrees clockwise around Z?,YES,YES,True
648,1474564,b797063f-6856-41c5-94f6-23252e076012.jpeg,2,Did the student corretly rotate the triangle 180 degrees around Z?,YES,YES,True
648,1474564,b797063f-6856-41c5-94f6-23252e076012.jpeg,3,Did the student redraw the triangles shown in the problem?,YES,YES,True
648,1474564,b797063f-6856-41c5-94f6-23252e076012.jpeg,4,Did the student use a ruler when drawing their response. with the answer.,NO,YES,False
659,1483278,30c45f14-5c32-4396-bc0d-319a1726bd2e.png,0,Did the student correctly graph the slope of the first line?,YES,YES,True
659,1483278,30c45f14-5c32-4396-bc0d-319a1726bd2e.png,1,Did the student correctly graph the slope of the second line?,YES,YES,True
659,1483278,30c45f14-5c32-4396-bc0d-319a1726bd2e.png,2,Did the student correctly graph the y-intercept of the first line?,YES,YES,True
659,1483278,30c45f14-5c32-4396-bc0d-319a1726bd2e.png,3,Did the student correctly graph the y-intercept of the second line?,YES,YES,True
649,1474564,cba0fac6-3bd2-4ee8-a51d-863042c5c090.jpeg,0,Did the student correctly rotate the triangle 270 degrees around Z?,NO,YES,False
649,1474564,cba0fac6-3bd2-4ee8-a51d-863042c5c090.jpeg,1,Did the student correctly rotate the triangle 90 degrees clockwise around Z?,NO,YES,False
649,1474564,cba0fac6-3bd2-4ee8-a51d-863042c5c090.jpeg,2,Did the student corretly rotate the triangle 180 degrees around Z?,YES,YES,True
649,1474564,cba0fac6-3bd2-4ee8-a51d-863042c5c090.jpeg,3,Did the student redraw the triangles shown in the problem?,YES,YES,True
649,1474564,cba0fac6-3bd2-4ee8-a51d-863042c5c090.jpeg,4,Did the student use a ruler when drawing thier rotations?,NO,NO,True
660,1483278,3eee367c-1da7-4934-9b5e-0cdac82d8e11.jpeg,0,Did the student correctly graph the slope of the first line?,NO,NO,True
660,1483278,3eee367c-1da7-4934-9b5e-0cdac82d8e11.jpeg,1,Did the student correctly graph the slope of the second line?,YES,NO,False
660,1483278,3eee367c-1da7-4934-9b5e-0cdac82d8e11.jpeg,2,Did the student correctly graph the y-intercept of the first line?,NO,NO,True
660,1483278,3eee367c-1da7-4934-9b5e-0cdac82d8e11.jpeg,3,Did the student correctly graph the y-intercept of the second line?,YES,NO,False
647,1474564,b0828e27-5bd0-442b-a0c1-31841eb07082.jpeg,0,Did the student correctly rotate the triangle 270 degrees around Z?,NO,YES,False
647,1474564,b0828e27-5bd0-442b-a0c1-31841eb07082.jpeg,1,Did the student correctly rotate the triangle 90 degrees clockwise around Z?,NO,YES,False
647,1474564,b0828e27-5bd0-442b-a0c1-31841eb07082.jpeg,2,Did the student corretly rotate the triangle 180 degrees around Z?,NO,YES,False
647,1474564,b0828e27-5bd0-442b-a0c1-31841eb07082.jpeg,3,Did the student redraw the triangles shown in the problem?,YES,YES,True
647,1474564,b0828e27-5bd0-442b-a0c1-31841eb07082.jpeg,4,Did the student use a ruler when drawing thier response.,NO,NO,True
661,1483278,47e512db-fc82-4162-b09c-e71aa9318f87.jpeg,0,Did the student correctly graph the slope of the first line?,YES,YES,True
661,1483278,47e512db-fc82-4162-b09c-e71aa9318f87.jpeg,1,Did the student correctly graph the slope of the second line?,YES,YES,True
661,1483278,47e512db-fc82-4162-b09c-e71aa9318f87.jpeg,2,Did the student correctly graph the y-intercept of the first line?,YES,YES,True
661,1483278,47e512db-fc82-4162-b09c-e71aa9318f87.jpeg,3,Did the student correctly graph the y-intercept of the second line?,YES,YES,True
663,1483278,74d70723-f3ca-49c0-9245-fd9d39da296c.jpeg,0,Did the student correctly graph the slope of the first line?,YES,NO,False
663,1483278,74d70723-f3ca-49c0-9245-fd9d39da296c.jpeg,1,Did the student correctly graph the slope of the second line?,YES,NO,False
663,1483278,74d70723-f3ca-49c0-9245-fd9d39da296c.jpeg,2,Did the student correctly graph the y-intercept of the first line?,YES,NO,False
663,1483278,74d70723-f3ca-49c0-9245-fd9d39da296c.jpeg,3,Did the student correctly graph the y-intercept of the second line?,YES,NO,False
662,1483278,4bbffeb6-ca64-40d2-9d66-24eeb41d610e.jpeg,0,Did the student correctly graph the slope of the first line?,YES,YES,True
662,1483278,4bbffeb6-ca64-40d2-9d66-24eeb41d610e.jpeg,1,Did the student correctly graph the slope of the second line?,YES,YES,True
662,1483278,4bbffeb6-ca64-40d2-9d66-24eeb41d610e.jpeg,2,Did the student correctly graph the y-intercept of the first line?,YES,YES,True
662,1483278,4bbffeb6-ca64-40d2-9d66-24eeb41d610e.jpeg,3,Did the student correctly graph the y-intercept of the second line?,YES,YES,True
664,1483278,81cb3b8e-2d86-4c32-8dbc-9bae70a167ec.png,0,Did the student correctly graph the slope of the first line?,YES,NO,False
664,1483278,81cb3b8e-2d86-4c32-8dbc-9bae70a167ec.png,1,Did the student correctly graph the slope of the second line?,YES,YES,True
664,1483278,81cb3b8e-2d86-4c32-8dbc-9bae70a167ec.png,2,Did the student correctly graph the y-intercept of the first line?,YES,YES,True
664,1483278,81cb3b8e-2d86-4c32-8dbc-9bae70a167ec.png,3,Did the student correctly graph the y-intercept of the second line?,YES,YES,True
667,1483278,dd5ab8c9-31d3-4ed4-a85b-075cc7f60318.jpeg,0,Did the student correctly graph the slope of the first line?,YES,YES,True
667,1483278,dd5ab8c9-31d3-4ed4-a85b-075cc7f60318.jpeg,1,Did the student correctly graph the slope of the second line?,YES,YES,True
667,1483278,dd5ab8c9-31d3-4ed4-a85b-075cc7f60318.jpeg,2,Did the student correctly graph the y-intercept of the first line?,YES,YES,True
667,1483278,dd5ab8c9-31d3-4ed4-a85b-075cc7f60318.jpeg,3,Did the student correctly graph the y-intercept of the second line?,YES,YES,True
666,1483278,daf5e0bd-cb92-4ce6-85f8-9020c56b9ef9.jpeg,0,Did the student correctly graph the slope of the first line?,YES,YES,True
666,1483278,daf5e0bd-cb92-4ce6-85f8-9020c56b9ef9.jpeg,1,Did the student correctly graph the slope of the second line?,YES,YES,True
666,1483278,daf5e0bd-cb92-4ce6-85f8-9020c56b9ef9.jpeg,2,Did the student correctly graph the y-intercept of the first line?,YES,YES,True
666,1483278,daf5e0bd-cb92-4ce6-85f8-9020c56b9ef9.jpeg,3,Did the student correctly graph the y-intercept of the second line?,YES,YES,True
668,1483278,e2d69ba8-90d6-4327-b8ef-5480e956176e.jpeg,0,Did the student correctly graph the slope of the first line?,YES,YES,True
668,1483278,e2d69ba8-90d6-4327-b8ef-5480e956176e.jpeg,1,Did the student correctly graph the slope of the second line?,YES,YES,True
668,1483278,e2d69ba8-90d6-4327-b8ef-5480e956176e.jpeg,2,Did the student correctly graph the y-intercept of the first line?,YES,YES,True
668,1483278,e2d69ba8-90d6-4327-b8ef-5480e956176e.jpeg,3,Did the student correctly graph the y-intercept of the second line?,YES,YES,True
671,1491529,159c43bc-4733-4c7a-ab89-b0c3ff413436.png,0,"Did the student correctly identify the y-intercept of (0,4)?",NO,NO,True
672,1491529,1cd1de92-1163-43f4-b343-dd417d5d4904.png,0,"Did the student correctly identify the y-intercept of (0,4)?",NO,NO,True
669,1483278,e569450b-b605-4e12-a213-51c9bb739ecc.jpeg,0,Did the student correctly graph the slope of the first line?,CANNOT DETERMINE,NO,False
669,1483278,e569450b-b605-4e12-a213-51c9bb739ecc.jpeg,1,Did the student correctly graph the slope of the second line?,NO,YES,False
669,1483278,e569450b-b605-4e12-a213-51c9bb739ecc.jpeg,2,Did the student correctly graph the y-intercept of the first line?,CANNOT DETERMINE,YES,False
669,1483278,e569450b-b605-4e12-a213-51c9bb739ecc.jpeg,3,Did the student correctly graph the y-intercept of the second line?,NO,YES,False
670,1483278,e6ea3fa7-6312-4bae-b4ea-a0a7a6bca686.jpeg,0,Did the student correctly graph the slope of the first line?,YES,YES,True
670,1483278,e6ea3fa7-6312-4bae-b4ea-a0a7a6bca686.jpeg,1,Did the student correctly graph the slope of the second line?,YES,YES,True
670,1483278,e6ea3fa7-6312-4bae-b4ea-a0a7a6bca686.jpeg,2,Did the student correctly graph the y-intercept of the first line?,YES,YES,True
670,1483278,e6ea3fa7-6312-4bae-b4ea-a0a7a6bca686.jpeg,3,Did the student correctly graph the y-intercept of the second line?,YES,YES,True
665,1483278,997b2274-f4d8-45c4-aef6-489ee337265d.jpeg,0,Did the student correctly graph the slope of the first line?,YES,YES,True
665,1483278,997b2274-f4d8-45c4-aef6-489ee337265d.jpeg,1,Did the student correctly graph the slope of the second line?,NO,YES,False
665,1483278,997b2274-f4d8-45c4-aef6-489ee337265d.jpeg,2,Did the student correctly graph the y-intercept of the first line?,YES,YES,True
665,1483278,997b2274-f4d8-45c4-aef6-489ee337265d.jpeg,3,Did the student correctly graph the y-intercept of the second line?,YES,YES,True
676,1491529,9c7145b2-2b7a-47c0-9680-0425394bfe42.png,0,"Did the student correctly identify the y-intercept of (0,4)?",NO,NO,True
677,1491529,ac369cef-133a-4285-88ac-ff7879685500.png,0,"Did the student correctly identify the y-intercept of (0,4)?",YES,YES,True
675,1491529,52ccb7a0-0b0a-4c69-a79a-d213ce92753c.png,0,"Did the student correctly identify the y-intercept of (0,4)?",NO,NO,True
678,1491529,b413d0da-6763-4233-aa09-3280eb6bfc15.png,0,"Did the student correctly identify the y-intercept of (0,4)?",NO,NO,True
681,1491529,e6471de2-d4ac-47a6-94f8-03c500665ee3.jpeg,0,"Did the student correctly identify the y-intercept of (0,4)?",YES,NO,False
680,1491529,cf8fb4fb-4580-44d9-b263-0aae4b4448fe.png,0,"Did the student correctly identify the y-intercept of (0,4)?",NO,NO,True
679,1491529,c059491c-2a85-402d-a974-d085f71f7bba.png,0,"Did the student correctly identify the y-intercept of (0,4)?",NO,NO,True
696,1501133,056ca998-872f-4fab-853a-6ea811eb3afe.jpeg,0,Did the student check their work using substitution?,NO,NO,True
696,1501133,056ca998-872f-4fab-853a-6ea811eb3afe.jpeg,1,Did the student correctly use inverse operations to isolate the variable?,YES,YES,True
697,1501133,158c5d4e-aad3-4177-aef7-28f13a1d9daa.jpeg,0,Did the student check their work using substitution?,NO,NO,True
697,1501133,158c5d4e-aad3-4177-aef7-28f13a1d9daa.jpeg,1,Did the student correctly use inverse operations to isolate the variable?,YES,YES,True
698,1501133,395810e9-ac4d-4792-9219-b9d5627541d8.jpeg,0,Did the student check their work using substitution?,NO,NO,True
698,1501133,395810e9-ac4d-4792-9219-b9d5627541d8.jpeg,1,Did the student correctly use inverse operations to isolate the variable?,YES,YES,True
699,1501133,45307c22-8f3f-429c-a10e-af8a697c9a8d.jpeg,0,Did the student check their work using substitution?,NO,NO,True
699,1501133,45307c22-8f3f-429c-a10e-af8a697c9a8d.jpeg,1,Did the student correctly use inverse operations to isolate the variable?,YES,YES,True
701,1501133,799f9846-8fbe-4b7f-9f68-bb579e5f3d6f.jpeg,0,Did the student check their work using substitution?,NO,NO,True
701,1501133,799f9846-8fbe-4b7f-9f68-bb579e5f3d6f.jpeg,1,Did the student correctly use inverse operations to isolate the variable?,YES,YES,True
700,1501133,45e06bcd-8a92-487d-93b0-a54f30c90f62.jpeg,0,Did the student check their work using substitution?,NO,NO,True
700,1501133,45e06bcd-8a92-487d-93b0-a54f30c90f62.jpeg,1,Did the student correctly use inverse operations to isolate the variable?,YES,YES,True
702,1501133,889a0a34-6f10-45c7-beaf-5d094c80fadc.jpeg,0,Did the student check their work using substitution?,NO,NO,True
702,1501133,889a0a34-6f10-45c7-beaf-5d094c80fadc.jpeg,1,Did the student correctly use inverse operations to isolate the variable?,NO,NO,True
703,1501133,8cc1573a-e8c9-4180-8a90-ffefa27c5e4e.jpeg,0,Did the student check their work using substitution?,NO,NO,True
703,1501133,8cc1573a-e8c9-4180-8a90-ffefa27c5e4e.jpeg,1,Did the student correctly use inverse operations to isolate the variable?,YES,NO,False
705,1501133,a0449af3-c264-49b7-8b86-e1addaf9a764.jpeg,0,Did the student check their work using substitution?,NO,NO,True
705,1501133,a0449af3-c264-49b7-8b86-e1addaf9a764.jpeg,1,Did the student correctly use inverse operations to isolate the variable?,YES,NO,False
704,1501133,92cb1ff9-6648-4b33-86dd-76874c77d18d.jpeg,0,Did the student check their work using substitution?,NO,NO,True
704,1501133,92cb1ff9-6648-4b33-86dd-76874c77d18d.jpeg,1,Did the student correctly use inverse operations to isolate the variable?,NO,YES,False
708,1507569,0996c280-17ed-47d7-8f48-7c6ac7719054.jpeg,0,Did the student correctly draw a closed circle above the number 5?,YES,YES,True
708,1507569,0996c280-17ed-47d7-8f48-7c6ac7719054.jpeg,1,Did the student correctly draw an arrow pointing left from the number 5?,YES,YES,True
706,1501133,ef6e689f-89a2-4e1e-bd79-13cda839e333.jpeg,0,Did the student check their work using substitution?,NO,NO,True
706,1501133,ef6e689f-89a2-4e1e-bd79-13cda839e333.jpeg,1,Did the student correctly use inverse operations to isolate the variable?,YES,NO,False
707,1501133,f722b6eb-e2fc-40c8-95f5-314ae6a61703.jpeg,0,Did the student check their work using substitution?,NO,NO,True
707,1501133,f722b6eb-e2fc-40c8-95f5-314ae6a61703.jpeg,1,Did the student correctly use inverse operations to isolate the variable?,NO,YES,False
709,1507569,3ba500a3-fd02-4183-aced-1cb169c8d322.jpeg,0,Did the student correctly draw a closed circle above or below the number 5?,YES,NO,False
709,1507569,3ba500a3-fd02-4183-aced-1cb169c8d322.jpeg,1,Did the student correctly draw an arrow pointing left from the number 5?,YES,YES,True
710,1507569,4a07c9dc-641d-48b6-a330-35b00bd1bf3e.jpeg,0,Did the student correctly draw a closed circle above or below the number 5?,YES,NO,False
710,1507569,4a07c9dc-641d-48b6-a330-35b00bd1bf3e.jpeg,1,Did the student correctly draw an arrow pointing left from the number 5?,NO,NO,True
712,1507569,770b417e-231f-4679-a557-d16f39f8f20f.jpeg,0,Did the student correctly draw a closed circle above the number 5?,YES,YES,True
712,1507569,770b417e-231f-4679-a557-d16f39f8f20f.jpeg,1,Did the student correctly draw an arrow pointing left from the number 5?,YES,YES,True
711,1507569,521d8c56-798b-4d0d-8e54-b4706bbe90c4.jpeg,0,Did the student correctly draw a closed circle above the number 5?,YES,YES,True
711,1507569,521d8c56-798b-4d0d-8e54-b4706bbe90c4.jpeg,1,Did the student correctly draw an arrow pointing left from the number 5?,YES,YES,True
713,1507569,81db90a1-20ae-47e0-bf96-1cb6a7fc1787.jpeg,0,Did the student correctly draw a closed circle above or below the number 5?,NO,NO,True
713,1507569,81db90a1-20ae-47e0-bf96-1cb6a7fc1787.jpeg,1,Did the student correctly draw an arrow pointing left from the number 5?,YES,YES,True
716,1507569,8769acd4-6ff8-48ff-8ecd-0aba54949656.jpeg,0,Did the student correctly draw a closed circle above the number 5?,YES,YES,True
716,1507569,8769acd4-6ff8-48ff-8ecd-0aba54949656.jpeg,1,Did the student correctly draw an arrow pointing left from the number 5?,NO,NO,True
715,1507569,8401d96c-17b7-4046-95a3-306715edffbf.png,0,Did the student correctly draw a closed circle above the number 5?,YES,YES,True
715,1507569,8401d96c-17b7-4046-95a3-306715edffbf.png,1,Did the student correctly draw an arrow pointing left from the number 5?,NO,NO,True
714,1507569,83c2569f-d5e8-463f-b6d2-9731e785e058.jpeg,0,Did the student correctly draw a closed circle above the number 5?,NO,YES,False
714,1507569,83c2569f-d5e8-463f-b6d2-9731e785e058.jpeg,1,Did the student correctly draw an arrow pointing left from the number 5?,NO,NO,True
718,1507569,f8e97ab3-8e0a-4a45-b75f-65a0af23d430.jpeg,0,Did the student correctly draw a closed circle above the number 5?,YES,YES,True
718,1507569,f8e97ab3-8e0a-4a45-b75f-65a0af23d430.jpeg,1,Did the student correctly draw an arrow pointing left from the number 5?,NO,YES,False
717,1507569,9f4bc01f-fdcb-4a64-9460-fe7938ab4488.jpeg,0,Did the student correctly draw a closed circle above or below the number 5?,NO,NO,True
717,1507569,9f4bc01f-fdcb-4a64-9460-fe7938ab4488.jpeg,1,Did the student correctly draw an arrow pointing left from the number 5?,NO,NO,True
721,1507612,3e5c97ab-6486-4a63-9b42-2f4fe6e2e027.jpeg,0,Did the student correctly identify the inequality's solution set?,YES,YES,True
721,1507612,3e5c97ab-6486-4a63-9b42-2f4fe6e2e027.jpeg,1,Did the student remember to flip the inequality sign when dividing by -5?,YES,YES,True
722,1507612,4436ef0a-33ff-47cc-8217-bee0a844f64c.jpeg,0,Did the student correctly identify the inequality's solution set?,NOT DISCERNIBLE FROM IMAGE,YES,False
722,1507612,4436ef0a-33ff-47cc-8217-bee0a844f64c.jpeg,1,Did the student remember to flip the inequality sign when dividing by -5?,NOT DISCERNIBLE FROM IMAGE,NO,False
719,1507612,16b7d7ca-d2ce-4960-bccd-959b26688cf4.jpeg,0,Did the student correctly identify the inequality's solution set?,INSUFFICIENT INFORMATION (ORIGINAL INEQUALITY NOT PROVIDED),YES,False
719,1507612,16b7d7ca-d2ce-4960-bccd-959b26688cf4.jpeg,1,Did the student remember to flip the inequality sign when dividing by -5?,INSUFFICIENT INFORMATION (ALGEBRAIC STEPS NOT SHOWN),NO,False
720,1507612,287405a6-5e5b-45de-b5d2-d9768d4bfc41.jpeg,0,Did the student correctly identify the inequality's solution set?,NO,NO,True
727,1507612,a5e5863d-62ac-47e8-baf2-adfa1fe2d9e8.png,0,Did the student correctly identify the inequality's solution set?,CANNOT DETERMINE FROM IMAGE,YES,False
727,1507612,a5e5863d-62ac-47e8-baf2-adfa1fe2d9e8.png,1,Did the student remember to flip the inequality sign when dividing by -5?,CANNOT DETERMINE FROM IMAGE,NO,False
724,1507612,58f8621c-be63-4b4b-92b6-124c2a52eff1.jpeg,0,Did the student correctly identify the inequality's solution set?,CANNOT DETERMINE,YES,False
724,1507612,58f8621c-be63-4b4b-92b6-124c2a52eff1.jpeg,1,Did the student remember to flip the inequality sign when dividing by -5?,CANNOT DETERMINE,NO,False
726,1507612,77d8170c-7f80-4a4d-835b-20daa3e9732d.png,0,Did the student correctly identify the inequality's solution set?,NO,YES,False
726,1507612,77d8170c-7f80-4a4d-835b-20daa3e9732d.png,1,Did the student remember to flip the inequality sign when dividing by -5?,NO,NO,True
723,1507612,4d689293-70a8-4b21-bc98-cd55114540a5.jpeg,0,Did the student correctly identify the inequality's solution set?,NO,YES,False
723,1507612,4d689293-70a8-4b21-bc98-cd55114540a5.jpeg,1,Did the student remember to flip the inequality sign when dividing by -5?,NO,NO,True
729,1507612,fbe50e8c-37fd-47c4-a8bc-740a081afc1c.png,0,Did the student correctly identify the inequality's solution set?,NO CONTENT,YES,False
729,1507612,fbe50e8c-37fd-47c4-a8bc-740a081afc1c.png,1,Did the student remember to flip the inequality sign when dividing by -5?,NO CONTENT,NO,False
728,1507612,b743f1cc-a1fa-4133-b50e-5ba5dc9c40b1.jpeg,0,Did the student correctly identify the inequality's solution set?,CANNOT DETERMINE FROM IMAGE,YES,False
728,1507612,b743f1cc-a1fa-4133-b50e-5ba5dc9c40b1.jpeg,1,Did the student remember to flip the inequality sign when dividing by -5?,CANNOT DETERMINE FROM IMAGE,NO,False
731,1507614,0eae61e9-b1a3-4a00-9a53-cc3a5495351c.jpeg,0,Did the student correctly draw a right angle?,YES,YES,True
730,1507612,fd6386c1-0b00-43f5-90ca-e5839a8e52db.png,0,Did the student correctly identify the inequality's solution set?,CANNOT BE DETERMINED FROM IMAGE,YES,False
730,1507612,fd6386c1-0b00-43f5-90ca-e5839a8e52db.png,1,Did the student remember to flip the inequality sign when dividing by -5?,CANNOT BE DETERMINED FROM IMAGE,NO,False
732,1507614,0ebc673f-f302-43e8-a796-ee8ac20f3f50.png,0,Did the student correctly draw a right angle?,NO,NO,True
733,1507614,144f2813-42a7-486c-bd1c-2b7c3159f8be.png,0,Did the student correctly draw a right angle?,NO,YES,False
734,1507614,15e87626-bd19-49b9-8746-80ad3512c96a.png,0,Did the student correctly draw a right angle?,NO,NO,True
735,1507614,1c086815-49fd-4ea8-9d07-5a8f75480517.jpeg,0,Did the student correctly draw a right angle?,YES,YES,True
737,1507614,3e146134-49d0-41c2-afeb-4973160dc6e5.png,0,Did the student correctly draw a right angle?,NO,YES,False
738,1507614,4ac54b77-c0ab-4329-94e6-137c17b14893.jpeg,0,Did the student correctly draw a right angle?,YES,YES,True
736,1507614,24763271-1787-4d47-9a24-87f25a87b3cf.png,0,Did the student correctly draw a right angle?,YES,YES,True
739,1507614,6390a879-d4ee-4616-a67d-233ab2e1f684.jpeg,0,Did the student correctly draw a right angle?,YES,YES,True
742,1507614,9bfe8b49-ad13-4a96-908e-4f5949d1957b.jpeg,0,Did the student correctly draw a right angle?,YES,YES,True
740,1507614,6a0d4cb0-e6f9-4004-b6b8-e256fcb0d1d8.jpeg,0,Did the student correctly draw a right angle?,YES,YES,True
741,1507614,6ba4df17-c87e-486b-8f62-b4ed14b3ed40.png,0,Did the student correctly draw a right angle?,NO,YES,False
743,1507614,9c046661-43b6-4917-bec0-3520445b66e7.png,0,Did the student correctly draw a right angle?,NO,YES,False
744,1507614,9d3bd238-9853-42fe-8144-ebdcd72d5e09.jpeg,0,Did the student correctly draw a right angle?,YES,YES,True
746,1507615,0721296a-5238-4b47-8ff3-9877eab1712e.jpeg,0,Did the student correctly draw a straight angle?,YES,YES,True
745,1507614,f1c7586d-2c10-4a0a-b9f8-eeb73400b4ac.jpeg,0,Did the student correctly draw a right angle?,YES,YES,True
747,1507615,1ced4e02-6498-41de-b7fc-74c7bd55005b.png,0,Did the student correctly draw a straight angle?,NO,YES,False
749,1507615,2810fb50-6867-469e-81b7-317a670d2dec.png,0,Did the student correctly draw a straight angle?,NO,NO,True
750,1507615,40c903fd-0b91-4cb9-8093-2e72212f9678.png,0,Did the student correctly draw a straight angle?,NO,YES,False
748,1507615,1f9767fa-4582-48e2-a7db-85d6bc02e8b9.jpeg,0,Did the student correctly draw a straight angle?,NO,YES,False
751,1507615,64577b81-2bfd-4495-b9bc-5c3f486a3ce0.png,0,Did the student correctly draw a straight angle?,NO,YES,False
752,1507615,657bdcb2-a82f-4bdf-84dd-3fc620be8297.jpeg,0,Did the student correctly draw a straight angle?,YES,YES,True
755,1507615,9a493ca2-41af-4f3d-b370-d91c055f2ba4.jpeg,0,Did the student correctly draw a straight angle?,YES,YES,True
754,1507615,80efc8da-6d54-4fea-9638-92fbe7001c00.png,0,Did the student correctly draw a straight angle?,NO,YES,False
756,1507615,a6a981db-0905-492d-811a-f0ac613a0974.png,0,Did the student correctly draw a straight angle?,NO,NO,True
756,1507615,a6a981db-0905-492d-811a-f0ac613a0974.png,1,Did the student use a ruler when drawing thier angle?,NO,NO,True
753,1507615,72871d6b-7f5c-4999-82bb-65b0030cbca0.jpeg,0,Did the student correctly draw a straight angle?,YES,YES,True
758,1507615,b9663421-d69b-4857-924f-c9e800d06654.png,0,Did the student correctly draw a straight angle?,NO,NO,True
757,1507615,ac4283a1-0e30-488a-9f86-03fea2e676dc.png,0,Did the student correctly draw a straight angle?,NO,NO,True
759,1507615,cd80f9d4-29fd-4279-8684-ea276afdb564.png,0,Did the student correctly draw a straight angle?,NO,NO,True
773,1508044,1aa2d425-de56-405f-9db8-9edf1bdf2b97.jpeg,0,Did the student correctly label the total was 20?,YES,YES,True
773,1508044,1aa2d425-de56-405f-9db8-9edf1bdf2b97.jpeg,1,Did the student correctly show that there are five groups of size x+1?,YES,YES,True
774,1508044,280ad95b-90d0-4598-8e54-3d4d93495dc5.jpeg,0,Did the student correctly label the total was 20?,YES,YES,True
774,1508044,280ad95b-90d0-4598-8e54-3d4d93495dc5.jpeg,1,Did the student correctly show that there are five groups of size x+1?,YES,YES,True
760,1507615,db411ecc-5a04-496a-a181-27c7293c3670.png,0,Did the student correctly draw a straight angle?,NO,YES,False
775,1508044,37e8714d-fc63-4d90-9be0-5bf0ad961d37.jpeg,0,Did the student correctly label the total was 20?,YES,YES,True
775,1508044,37e8714d-fc63-4d90-9be0-5bf0ad961d37.jpeg,1,Did the student correctly show that there are five groups of size x+1?,NO,NO,True
778,1508044,5a10c44b-9576-4618-82b2-4e74e56c5d65.jpeg,0,Did the student correctly label the total was 20?,YES,YES,True
778,1508044,5a10c44b-9576-4618-82b2-4e74e56c5d65.jpeg,1,Did the student correctly show that there are five groups of size x+1?,YES,YES,True
777,1508044,4ec33b99-62cb-4cad-a41b-ee587192ad9a.jpeg,0,Did the student correctly label the total was 20?,YES,NO,False
777,1508044,4ec33b99-62cb-4cad-a41b-ee587192ad9a.jpeg,1,Did the student correctly show that there are five groups of size x+1?,NO,NO,True
776,1508044,48689d5a-a549-4769-b9eb-4ff099c763a7.jpeg,0,Did the student correctly label the total was 20?,YES,YES,True
776,1508044,48689d5a-a549-4769-b9eb-4ff099c763a7.jpeg,1,Did the student correctly show that there are five groups of size x+1?,NO,NO,True
779,1508044,8e31c441-e48f-4778-8a07-35197d09c8ca.jpeg,0,Did the student correctly label the total was 20?,YES,YES,True
779,1508044,8e31c441-e48f-4778-8a07-35197d09c8ca.jpeg,1,Did the student correctly show that there are five groups of size x+1?,YES,YES,True
780,1508044,97d352fc-bd03-4a7c-b9a1-788209d86bd5.jpeg,0,Did the student correctly label the total was 20?,YES,YES,True
780,1508044,97d352fc-bd03-4a7c-b9a1-788209d86bd5.jpeg,1,Did the student correctly show that there are five groups of size x+1?,YES,YES,True
782,1508044,d6f0266f-c9dd-4037-a5cc-95516bc37a17.png,0,Did the student correctly label the total was 20?,NO,YES,False
782,1508044,d6f0266f-c9dd-4037-a5cc-95516bc37a17.png,1,Did the student correctly show that there are five groups of size x+1?,NO,YES,False
783,1508044,dec93e70-729a-493f-8533-a9211c9dabc3.jpeg,0,Did the student correctly label the total was 20?,YES,YES,True
783,1508044,dec93e70-729a-493f-8533-a9211c9dabc3.jpeg,1,Did the student correctly show that there are five groups of size x+1?,YES,YES,True
784,1508044,ebf3ed06-5f1b-4ac4-a0b5-692a50ddb447.jpeg,0,Did the student correctly label the total was 20?,YES,YES,True
784,1508044,ebf3ed06-5f1b-4ac4-a0b5-692a50ddb447.jpeg,1,Did the student correctly show that there are five groups of size x+1?,NO,NO,True
781,1508044,cea6b923-ef85-4cb1-8d87-70179d9ebe5f.jpeg,0,Did the student correctly label the total was 20?,CANNOT BE DETERMINED,YES,False
781,1508044,cea6b923-ef85-4cb1-8d87-70179d9ebe5f.jpeg,1,Did the student correctly show that there are five groups of size x+1?,CANNOT BE DETERMINED,YES,False
799,1508184,1201f146-5d1d-4bf9-a78e-cb33d42e29bb.jpeg,0,"Did the student correctly select A, B, C, and D as the prisms?",YES,YES,True
801,1508184,3f2cb679-7202-40d8-bc08-677fff9bb779.png,0,"Did the student correctly select A, B, C, and D as the prisms?",YES,YES,True
802,1508184,60da893f-ea7b-417c-8e58-2457519857cb.jpeg,0,"Did the student correctly select A, B, C, and D as the prisms?",YES,YES,True
804,1508184,80a9fd85-fb85-466d-b8d3-e461212d69d8.jpeg,0,"Did the student correctly select A, B, C, and D as the prisms?",YES,YES,True
800,1508184,2d072ce2-f5f6-4e73-8f79-fbdac46e7a45.jpeg,0,"Did the student correctly select A, B, C, and D as the prisms?","INFORMATION FOR A, B, C NOT AVAILABLE",NO,False
805,1508184,bd1ef5e6-95cb-48eb-bb62-071aa53b87ba.jpeg,0,"Did the student correctly select A, B, C, and D as the prisms?",NO,YES,False
806,1508184,c3483256-7bf3-47c6-8794-db5f5fafa043.jpeg,0,"Did the student correctly select A, B, C, and D as the prisms?",NO,YES,False
807,1508184,c8574766-316d-4511-895e-b3d3dc5f670a.jpeg,0,"Did the student correctly select A, B, C, and D as the prisms?",YES,YES,True
808,1508255,00cf89db-2398-4a83-a7ff-4a3f19925ab3.jpeg,0,Did the student redraw the polygon with a scale factor of 3?,NO,NO,True
808,1508255,00cf89db-2398-4a83-a7ff-4a3f19925ab3.jpeg,1,Did the student redraw the polygon?,NO,NO,True
803,1508184,6fdee34d-1dd4-4ecd-b879-9ba4eb22318d.jpeg,0,"Did the student correctly select A, B, C, and D as the prisms?",YES,NO,False
809,1508255,138d9d20-dcfc-4ca8-afb2-7d76f64865b7.jpeg,0,Did the student redraw the polygon with a scale factor of 3?,NO,NO,True
809,1508255,138d9d20-dcfc-4ca8-afb2-7d76f64865b7.jpeg,1,Did the student redraw the polygon?,NO,YES,False
812,1508255,2d8a46c8-8fd4-4129-a927-867e0e256ff2.jpeg,0,Did the student redraw the polygon with a scale factor of 3?,NO,NO,True
812,1508255,2d8a46c8-8fd4-4129-a927-867e0e256ff2.jpeg,1,Did the student redraw the polygon?,NO,NO,True
813,1508255,39368f26-54a8-4cf5-862d-8e91e0d9edca.jpeg,0,Did the student redraw the polygon with a scale factor of 3?,NO,NO,True
813,1508255,39368f26-54a8-4cf5-862d-8e91e0d9edca.jpeg,1,Did the student redraw the polygon?,NO,NO,True
810,1508255,15ed5c73-7e5c-49b4-8bac-e822b9f5b515.jpeg,0,Did the student redraw the polygon with a scale factor of 3?,NO,NO,True
810,1508255,15ed5c73-7e5c-49b4-8bac-e822b9f5b515.jpeg,1,Did the student redraw the polygon?,NO,YES,False
816,1508255,acb6c73c-e9fe-4d75-8426-99742d09eaf2.png,0,Did the student redraw the polygon with a scale factor of 3?,NO,NO,True
816,1508255,acb6c73c-e9fe-4d75-8426-99742d09eaf2.png,1,Did the student redraw the polygon?,NO,NO,True
815,1508255,963d5d59-a235-4262-a786-1b32e23673b2.jpeg,0,Did the student redraw the polygon with a scale factor of 3?,NO,NO,True
815,1508255,963d5d59-a235-4262-a786-1b32e23673b2.jpeg,1,Did the student redraw the polygon?,NO,YES,False
814,1508255,8112788e-746a-4e32-b083-c6c1b1e39f93.jpeg,0,Did the student redraw the polygon with a scale factor of 3?,NO,NO,True
814,1508255,8112788e-746a-4e32-b083-c6c1b1e39f93.jpeg,1,Did the student redraw the polygon?,NO,NO,True
817,1508255,d1619579-acad-4597-ba81-39f098cf61f4.png,0,Did the student redraw the polygon with a scale factor of 3?,NO,NO,True
817,1508255,d1619579-acad-4597-ba81-39f098cf61f4.png,1,Did the student redraw the polygon?,NO,NO,True
818,1508255,d59be59b-2006-46bf-ac46-99f297c9d9a2.jpeg,0,Did the student redraw the polygon with a scale factor of 3?,NO,NO,True
818,1508255,d59be59b-2006-46bf-ac46-99f297c9d9a2.jpeg,1,Did the student redraw the polygon?,NO,NO,True
819,1508259,02474ca8-ffea-4aa7-acee-e6dda8a3265a.jpeg,0,Did the student correctly apply the scale factor of 1/2?,NO,YES,False
819,1508259,02474ca8-ffea-4aa7-acee-e6dda8a3265a.jpeg,1,Did the student redraw the polygon?,YES,YES,True
811,1508255,1e74b21a-785c-4869-8d88-16d881f8b005.jpeg,0,Did the student redraw the polygon with a scale factor of 3?,NO,NO,True
811,1508255,1e74b21a-785c-4869-8d88-16d881f8b005.jpeg,1,Did the student redraw the polygon?,NO,YES,False
822,1508259,13f0c09f-3115-4204-9381-1b465448805e.jpeg,0,Did the student correctly apply the scale factor of 1/2?,NO,YES,False
822,1508259,13f0c09f-3115-4204-9381-1b465448805e.jpeg,1,Did the student redraw the polygon?,NO,YES,False
821,1508259,0498c145-c0b1-4d4a-89c9-60fcd3dbe614.jpeg,0,Did the student correctly apply the scale factor of 1/2?,NO,NO,True
821,1508259,0498c145-c0b1-4d4a-89c9-60fcd3dbe614.jpeg,1,Did the student redraw the polygon?,NO,YES,False
820,1508259,04284841-3b66-4361-a5a3-2d37490ffb75.jpeg,0,Did the student correctly apply the scale factor of 1/2?,NO,YES,False
820,1508259,04284841-3b66-4361-a5a3-2d37490ffb75.jpeg,1,Did the student redraw the polygon?,NO,YES,False
823,1508259,3fbfceb7-165d-4d89-ba18-1b2666c42cc9.jpeg,0,Did the student correctly apply the scale factor of 1/2?,YES,NO,False
823,1508259,3fbfceb7-165d-4d89-ba18-1b2666c42cc9.jpeg,1,Did the student redraw the polygon?,YES,YES,True
825,1508259,83faab4c-bc95-4eb9-b1e2-771e6837c7ce.jpeg,0,Did the student correctly apply the scale factor of 1/2?,NO,YES,False
825,1508259,83faab4c-bc95-4eb9-b1e2-771e6837c7ce.jpeg,1,Did the student redraw the polygon?,NO,YES,False
827,1508259,b20260c4-8499-419e-b875-8ee2828961ba.jpeg,0,Did the student correctly apply the scale factor of 1/2?,NO,YES,False
827,1508259,b20260c4-8499-419e-b875-8ee2828961ba.jpeg,1,Did the student redraw the polygon?,NO,YES,False
828,1508259,b26a7eed-cb6c-4e05-bd9b-81d021d97b10.jpeg,0,Did the student correctly apply the scale factor of 1/2?,NO,YES,False
828,1508259,b26a7eed-cb6c-4e05-bd9b-81d021d97b10.jpeg,1,Did the student redraw the polygon?,YES,YES,True
826,1508259,a63279a1-5517-4183-a5bf-8232473d3749.jpeg,0,Did the student correctly apply the scale factor of 1/2?,NO,YES,False
826,1508259,a63279a1-5517-4183-a5bf-8232473d3749.jpeg,1,Did the student redraw the polygon?,NO,YES,False
830,1508259,f19e4146-46d6-4414-b520-b31928411839.jpeg,0,Did the student correctly apply the scale factor of 1/2?,YES,YES,True
830,1508259,f19e4146-46d6-4414-b520-b31928411839.jpeg,1,Did the student redraw the polygon?,YES,YES,True
831,1508259,f1a4443a-1c73-4cbe-a4f9-65478fbcd271.jpeg,0,Did the student correctly apply the scale factor of 1/2?,YES,YES,True
831,1508259,f1a4443a-1c73-4cbe-a4f9-65478fbcd271.jpeg,1,Did the student redraw the polygon?,NO,YES,False
824,1508259,641b851c-b9f2-49ba-beae-7af5d27ca5e6.jpeg,0,Did the student correctly apply the scale factor of 1/2?,NO,YES,False
824,1508259,641b851c-b9f2-49ba-beae-7af5d27ca5e6.jpeg,1,Did the student redraw the polygon?,YES,YES,True
833,1508263,20995e54-0a34-4282-8e26-309f3e78c666.jpeg,0,Did the student correctly apply the scale of 1:50.,YES,NO,False
829,1508259,ece46ebe-3469-4a8b-9a67-6e8eb5a8968d.jpeg,0,Did the student correctly apply the scale factor of 1/2?,CANNOT BE DETERMINED FROM THE IMAGE,YES,False
829,1508259,ece46ebe-3469-4a8b-9a67-6e8eb5a8968d.jpeg,1,Did the student redraw the polygon?,YES,YES,True
832,1508259,f803f7f1-58d3-4598-a9c3-497e482c07e6.jpeg,0,Did the student correctly apply the scale factor of 1/2?,NO,YES,False
832,1508259,f803f7f1-58d3-4598-a9c3-497e482c07e6.jpeg,1,Did the student redraw the polygon?,NO,YES,False
835,1508263,5355efbb-dc01-4d35-b96b-6b19a089c5df.jpeg,0,Did the student correctly apply the scale of 1:50.,NO,YES,False
836,1508263,634455b3-3b30-4efb-9c5b-9205f912a0c5.jpeg,0,Did the student correctly apply the scale of 1:50.,NO,YES,False
834,1508263,498fe5f1-d1d9-4930-803d-77a0dfad3f54.jpeg,0,Did the student correctly apply the scale of 1:50.,CANNOT BE DETERMINED,NO,False
837,1508263,a4986862-b206-48f6-8a66-9504273bb08b.jpeg,0,Did the student correctly apply the scale of 1:50.,N/A,YES,False
838,1508263,aba3c27f-6785-405d-a8e5-51182f704e75.jpeg,0,Did the student correctly apply the scale of 1:50.,NO,YES,False
841,1508263,c9525c8c-ed4b-4593-b266-c649f4a43f05.jpeg,0,Did the student correctly apply the scale of 1:50.,I CANNOT DETERMINE IF THE STUDENT CORRECTLY APPLIED THE SCALE OF 1:50 AS THERE IS NO INFORMATION ABOUT SCALING IN THE IMAGE.,YES,False
840,1508263,c7692e7a-e291-45e0-aa8e-d9c1e380ae3b.jpeg,0,Did the student correctly apply the scale of 1:50.,NO,NO,True
843,1508263,cfb9d71b-da4a-4d42-872d-03884144634e.jpeg,0,Did the student correctly apply the scale of 1:50.,YES,YES,True
839,1508263,bcf278f8-36d4-4e08-bf5f-a1665b06fbf6.jpeg,0,Did the student correctly apply the scale of 1:50.,NO,YES,False
845,1508263,de7daa42-b989-49a0-8d85-6bd426115a4d.jpeg,0,Did the student correctly apply the scale of 1:50.,NO,NO,True
842,1508263,ccde37ee-939e-4f15-8253-b61f0dd41195.jpeg,0,Did the student correctly apply the scale of 1:50.,NO,YES,False
846,1508293,01f356ca-c8e4-40b3-8692-5e630ca44c30.jpeg,0,Did the student correctly place the 6 unit side between the 90 degree angle and the 20 degree angle?,YES,YES,True
846,1508293,01f356ca-c8e4-40b3-8692-5e630ca44c30.jpeg,1,Did the student draw a triangle on their paper?,YES,YES,True
844,1508263,d661a402-bae5-4452-b81c-b350c87719c1.jpeg,0,Did the student correctly apply the scale of 1:50.,NO,NO,True
847,1508293,0d028211-6e6f-4847-95de-5f9819ad4dbd.jpeg,0,Did the student correctly place the 6 unit side between the 90 degree angle and the 20 degree angle?,NO,NO,True
847,1508293,0d028211-6e6f-4847-95de-5f9819ad4dbd.jpeg,1,Did the student draw a triangle on their paper?,YES,YES,True
849,1508293,16019797-49e9-44d4-b4f7-2fc0dfd9c66b.png,0,Did the student correctly place the 6 unit side between the 90 degree angle and the 20 degree angle?,NO,YES,False
849,1508293,16019797-49e9-44d4-b4f7-2fc0dfd9c66b.png,1,Did the student draw a triangle on their paper?,NO,YES,False
850,1508293,355ffa79-c75e-4131-8459-fe2a289da77d.jpeg,0,Did the student correctly place the 6 unit side between the 90 degree angle and the 20 degree angle?,YES,YES,True
850,1508293,355ffa79-c75e-4131-8459-fe2a289da77d.jpeg,1,Did the student draw a triangle on their paper?,YES,YES,True
848,1508293,0f56fb1b-c5f6-405a-b97d-5adb1bd758b8.jpeg,0,Did the student correctly place the 6 unit side between the 90 degree angle and the 20 degree angle?,YES,YES,True
848,1508293,0f56fb1b-c5f6-405a-b97d-5adb1bd758b8.jpeg,1,Did the student draw a triangle on their paper?,YES,YES,True
852,1508293,5640902c-cdd5-4bb1-807d-d28bf4359f30.png,0,Did the student correctly place the 6 unit side between the 90 degree angle and the 20 degree angle?,YES,YES,True
852,1508293,5640902c-cdd5-4bb1-807d-d28bf4359f30.png,1,Did the student draw a triangle on their paper?,YES,YES,True
851,1508293,3d28b6a8-e839-4f7e-b7b9-301caf8f82bf.jpeg,0,Did the student correctly place the 6 unit side between the 90 degree angle and the 20 degree angle?,YES,YES,True
851,1508293,3d28b6a8-e839-4f7e-b7b9-301caf8f82bf.jpeg,1,Did the student draw a triangle on their paper?,YES,YES,True
854,1508293,a02c54fe-5c2a-4992-b644-4f0787cebe90.jpeg,0,Did the student correctly place the 6 unit side between the 90 degree angle and the 20 degree angle?,NO,YES,False
854,1508293,a02c54fe-5c2a-4992-b644-4f0787cebe90.jpeg,1,Did the student draw a triangle on their paper?,YES,YES,True
853,1508293,7f837a73-6d66-43dc-8ad8-1db76e68caf0.png,0,Did the student correctly place the 6 unit side between the 90 degree angle and the 20 degree angle?,NO,YES,False
853,1508293,7f837a73-6d66-43dc-8ad8-1db76e68caf0.png,1,Did the student draw a triangle on their paper?,YES,YES,True
856,1508293,b3a7dd42-1608-4ffb-8f59-58acd6a754aa.jpeg,0,Did the student correctly place the 6 unit side between the 90 degree angle and the 20 degree angle?,NO,NO,True
856,1508293,b3a7dd42-1608-4ffb-8f59-58acd6a754aa.jpeg,1,Did the student draw a triangle on their paper?,YES,YES,True
858,1508293,d114fd03-5004-4946-9c0a-36c189274d8f.png,0,Did the student correctly place the 6 unit side between the 90 degree angle and the 20 degree angle?,NO,NO,True
858,1508293,d114fd03-5004-4946-9c0a-36c189274d8f.png,1,Did the student draw a triangle on their paper?,NO,YES,False
860,1509058,0982150c-5702-44e5-9ae2-e4ff8d729236.jpeg,0,Did the student correctly label the x-axis vinegar?,NO,NO,True
860,1509058,0982150c-5702-44e5-9ae2-e4ff8d729236.jpeg,1,Did the student correctly label the y-axis oil?,NO,NO,True
855,1508293,a67ddc9c-8100-42fd-8385-11c000f7616e.jpeg,0,Did the student correctly place the 6 unit side between the 90 degree angle and the 20 degree angle?,I CANNOT ANSWER THIS QUESTION AS THERE IS NO SIDE LENGTH OF 6 UNITS LABELED ON THE DRAWING.,NO,False
855,1508293,a67ddc9c-8100-42fd-8385-11c000f7616e.jpeg,1,Did the student draw a triangle on their paper?,YES,YES,True
857,1508293,cdcb79ed-b015-46ad-8de3-6d34457f691e.jpeg,0,Did the student correctly place the 6 unit side between the 90 degree angle and the 20 degree angle?,NO,YES,False
857,1508293,cdcb79ed-b015-46ad-8de3-6d34457f691e.jpeg,1,Did the student draw a triangle on their paper?,YES,YES,True
859,1508293,f7de9c61-cbf3-4648-b6b3-0efaec2e7bd9.jpeg,0,Did the student correctly place the 6 unit side between the 90 degree angle and the 20 degree angle?,YES,YES,True
859,1508293,f7de9c61-cbf3-4648-b6b3-0efaec2e7bd9.jpeg,1,Did the student draw a triangle on their paper?,YES,YES,True
862,1509058,35a582fd-f298-43b6-a087-cd492b63443b.jpeg,0,Did the student correctly label the x-axis vinegar?,YES,YES,True
862,1509058,35a582fd-f298-43b6-a087-cd492b63443b.jpeg,1,Did the student correctly label the y-axis oil?,YES,YES,True
863,1509058,7f0ee2b5-ddad-4c7a-96a4-bc84969797fa.jpeg,0,Did the student correctly label the x-axis vinegar?,YES,YES,True
863,1509058,7f0ee2b5-ddad-4c7a-96a4-bc84969797fa.jpeg,1,Did the student correctly label the y-axis oil?,YES,YES,True
864,1509058,800e932a-05fd-431e-aa31-0ac2485a2954.jpeg,0,Did the student correctly label the x-axis vinegar?,NO,NO,True
864,1509058,800e932a-05fd-431e-aa31-0ac2485a2954.jpeg,1,Did the student correctly label the y-axis oil?,NO,NO,True
865,1509058,825f035c-e586-4f13-8b3c-933307b7fba1.jpeg,0,Did the student correctly label the x-axis vinegar?,YES,YES,True
865,1509058,825f035c-e586-4f13-8b3c-933307b7fba1.jpeg,1,Did the student correctly label the y-axis oil?,YES,YES,True
867,1509058,8bbc30eb-a1ad-404e-b7bf-f33f6a42ce22.jpeg,0,Did the student correctly label the x-axis vinegar?,YES,YES,True
867,1509058,8bbc30eb-a1ad-404e-b7bf-f33f6a42ce22.jpeg,1,Did the student correctly label the y-axis oil?,YES,YES,True
866,1509058,827adc53-df3b-4a67-a569-a05c00c87250.png,0,Did the student correctly label the x-axis vinegar?,NO,NO,True
866,1509058,827adc53-df3b-4a67-a569-a05c00c87250.png,1,Did the student correctly label the y-axis oil?,NO,NO,True
868,1509058,987e556a-b572-4451-b518-653a2b4d8c06.jpeg,0,Did the student correctly label the x-axis vinegar?,NO,NO,True
868,1509058,987e556a-b572-4451-b518-653a2b4d8c06.jpeg,1,Did the student correctly label the y-axis oil?,NO,NO,True
869,1509058,9e601292-924b-40c8-b835-e96e6ab7ae9c.jpeg,0,Did the student correctly label the x-axis vinegar?,YES,YES,True
869,1509058,9e601292-924b-40c8-b835-e96e6ab7ae9c.jpeg,1,Did the student correctly label the y-axis oil?,YES,YES,True
870,1509058,c8a9981d-10da-4f43-9b98-2bd67d5bf5d4.png,0,Did the student correctly label the x-axis vinegar?,NO,NO,True
870,1509058,c8a9981d-10da-4f43-9b98-2bd67d5bf5d4.png,1,Did the student correctly label the y-axis oil?,NO,NO,True
874,1509078,463fd462-467a-4e5b-9b36-36286de25e74.jpeg,0,Did the student correctly identify that the temperature was colder than -4 degrees after 4:30 AM?,I CANNOT ANSWER THIS QUESTION AS THERE IS NO INFORMATION IN THE IMAGE REGARDING TEMPERATURE OR TIME.,NO,False
873,1509078,07b95bb6-9be3-441e-9c6a-763385ce0160.jpeg,0,Did the student correctly identify that the temperature was colder than -4 degrees after 4:30 AM?,NO,NO,True
871,1509058,e403eb81-ca81-4b56-ba2a-5f7816cfa6e5.jpeg,0,Did the student correctly label the x-axis vinegar?,NO,NO,True
871,1509058,e403eb81-ca81-4b56-ba2a-5f7816cfa6e5.jpeg,1,Did the student correctly label the y-axis oil?,NO,NO,True
875,1509078,4a6c8618-7a80-4a58-8749-0e8fc2cd04e8.png,0,Did the student correctly identify that the temperature was colder than -4 degrees after 4:30 AM?,NO,YES,False
877,1509078,6d011410-7f2c-4db6-a54e-3b2732f8ed55.png,0,Did the student correctly identify that the temperature was colder than -4 degrees after 4:30 AM?,NO,NO,True
878,1509078,74bbe0c6-e062-48e1-81a9-0f4f138e6dac.jpeg,0,Did the student correctly identify that the temperature was colder than -4 degrees after 4:30 AM?,NO,YES,False
876,1509078,639948e5-2666-404f-9a6a-640dce6928df.jpeg,0,Did the student correctly identify that the temperature was colder than -4 degrees after 4:30 AM?,NO,YES,False
879,1509078,802f53ea-bfb0-4099-80e4-7907389c5fc1.jpeg,0,Did the student correctly identify that the temperature was colder than -4 degrees after 4:30 AM?,NO,NO,True
872,1509078,04fd0e4e-e73c-4c09-a4cb-2ca7f9212839.jpeg,0,Did the student correctly identify that the temperature was colder than -4 degrees after 4:30 AM?,NO,NO,True
880,1509078,8599045c-2c54-43bf-85fb-a7da11207c13.jpeg,0,Did the student correctly identify that the temperature was colder than -4 degrees after 4:30 AM?,NO,NO,True
883,1509078,c8c72998-81df-4cae-9206-13bb75edf8cd.jpeg,0,Did the student correctly identify that the temperature was colder than -4 degrees after 4:30 AM?,YES,NO,False
884,1509078,d1cb05d4-c450-4a7a-926f-bb332edc8cc0.jpeg,0,Did the student correctly identify that the temperature was colder than -4 degrees after 4:30 AM?,I CANNOT ANSWER THIS QUESTION AS THERE IS NO INFORMATION ABOUT TEMPERATURE OR TIME IN THE IMAGE.,NO,False
881,1509078,8752cfbd-2fb2-491f-bf42-197dd913d4e1.jpeg,0,Did the student correctly identify that the temperature was colder than -4 degrees after 4:30 AM?,NOT DISCERNIBLE FROM THE PROVIDED IMAGE,NO,False
885,1509078,fb8cc870-c95c-40d6-8fcc-9a071beb6d3d.jpeg,0,Did the student correctly identify that the temperature was colder than -4 degrees after 4:30 AM?,CANNOT DETERMINE FROM THE IMAGE,NO,False
882,1509078,c4bf632b-5d86-47ec-a492-c0b89c02b2ce.jpeg,0,Did the student correctly identify that the temperature was colder than -4 degrees after 4:30 AM?,NO,NO,True
888,1516613,35ab53c9-70e3-4ab8-a347-07474ec825c8.jpeg,0,Is the student's shape composed of the two parts of the reectangle?,NO,NO,True
886,1516613,06d22e29-3efb-47a6-baac-c8e5481a5d66.png,0,Is the student's shape composed of the two parts of the reectangle?,NO,NO,True
887,1516613,12e04ee3-415b-4815-a3f3-f4a5bf87e592.jpeg,0,Is the student's shape composed of the two parts of the reectangle?,NO,YES,False
889,1516613,5da06f1d-433b-4b75-8cf6-00a87abb2f46.jpeg,0,Is the student's shape composed of the two parts of the reectangle?,YES,YES,True
892,1516613,7b0a2f1b-f311-4ebb-9835-4ea79207122e.png,0,Is the student's shape composed of the two parts of the reectangle?,NO,YES,False
891,1516613,70a68678-5201-432a-9031-ceeba28baa33.jpeg,0,Is the student's shape composed of the two parts of the reectangle?,NO,NO,True
894,1516613,8f2eef22-2147-4308-a5f4-51fcd709c7b5.png,0,Is the student's shape composed of the two parts of the reectangle?,NO,YES,False
893,1516613,89d10594-4413-473e-926f-4397e31e4fcc.png,0,Is the student's shape composed of the two parts of the reectangle?,NO,NO,True
896,1516613,abcd7067-077f-4fab-a332-f83f5d724f9f.jpeg,0,Is the student's shape composed of the two parts of the reectangle?,YES,YES,True
897,1516613,ac77f705-644a-4db6-bac9-3516cf440a1b.jpeg,0,Is the student's shape composed of the two parts of the reectangle?,NO,YES,False
890,1516613,6a2ff67d-5cbb-4d6b-90cc-5993602dcee5.jpeg,0,Is the student's shape composed of the two parts of the reectangle?,NO,YES,False
895,1516613,944c671a-ef23-422d-99c5-09310784d867.jpeg,0,Is the student's shape composed of the two parts of the reectangle?,YES,YES,True
900,1516618,032bf53c-33fc-45b4-b981-d7955ada9c92.jpeg,0,Is the area of each of the rectangles 12 square units?,YES,YES,True
901,1516618,05315aff-d67d-4c4a-8f2b-3eded40243d0.jpeg,0,Is the area of each of the rectangles 12 square units?,YES,YES,True
899,1516613,f7962e06-481d-4770-a8f7-1f8f0eb7c722.jpeg,0,Is the student's shape composed of the two parts of the reectangle?,YES,YES,True
903,1516618,56f4dda5-9cf1-43df-a298-c8194c0258c4.png,0,Is the area of each of the rectangles 12 square units?,NO,NO,True
902,1516618,303a8801-8fa4-475e-8329-f204c08d6cf4.jpeg,0,Is the area of each of the rectangles 12 square units?,NO,YES,False
904,1516618,5f411f8d-da1d-4be0-97b4-eec1b894c6ac.jpeg,0,Is the area of each of the rectangles 12 square units?,NO,YES,False
905,1516618,7354df98-dcf5-493e-bbbf-d8b4fa69377b.jpeg,0,Is the area of each of the rectangles 12 square units?,NO,NO,True
906,1516618,8ced5809-7011-4800-aa8e-4f51ca51855e.jpeg,0,Is the area of each of the rectangles 12 square units?,NO,YES,False
907,1516618,a6609659-718f-4c08-aec6-9ed23d37b9b2.jpeg,0,Is the area of each of the rectangles 12 square units?,NO,YES,False
908,1516618,b16311ba-968a-4c62-8155-d0507421fe2a.jpeg,0,Is the area of each of the rectangles 12 square units?,YES,YES,True
898,1516613,f05c8787-c952-4e35-9110-3c90780c1d6a.jpeg,0,Is the student's shape composed of the two parts of the reectangle?,YES,YES,True
909,1516618,c1a0567c-0427-44ea-9108-99dc35257b01.jpeg,0,Is the area of each of the rectangles 12 square units?,NO,NO,True
910,1516618,ca5feb39-8df1-4cd4-80a0-939c564dad1e.jpeg,0,Is the area of each of the rectangles 12 square units?,YES,YES,True
913,1516618,fdd7cb8a-0f51-452e-a0d4-97d3de43d0c0.jpeg,0,Is the area of each of the rectangles 12 square units?,YES,YES,True
912,1516618,f916143f-3702-4321-b945-315ae740a665.jpeg,0,Is the area of each of the rectangles 12 square units?,YES,YES,True
914,1516619,03063258-445b-4d29-a2f9-79a1bcd0962c.jpeg,0,Are all of the rectangles the same size?,NO,NO,True
914,1516619,03063258-445b-4d29-a2f9-79a1bcd0962c.jpeg,1,Did the student use copies of the rectangle to tile the plane?,NO,NO,True
914,1516619,03063258-445b-4d29-a2f9-79a1bcd0962c.jpeg,2,Is the coordinate plane completely filled with tiles of the rectangle?,NO,NO,True
911,1516618,d3ac04d6-3e60-4e70-8c78-321cdc3d68e3.jpeg,0,Is the area of each of the rectangles 12 square units?,YES,YES,True
918,1516619,7247ddfe-71eb-4757-8a8c-69eac902b9b3.jpeg,0,Are all of the rectangles the same size?,YES,NO,False
918,1516619,7247ddfe-71eb-4757-8a8c-69eac902b9b3.jpeg,1,Did the student use copies of the rectangle to tile the plane?,YES,NO,False
918,1516619,7247ddfe-71eb-4757-8a8c-69eac902b9b3.jpeg,2,Is the coordinate plane completely filled with tiles of the rectangle?,NO,NO,True
916,1516619,119ce24b-360a-408c-b359-06d6f045d324.jpeg,0,Are all of the rectangles the same size?,NO,YES,False
916,1516619,119ce24b-360a-408c-b359-06d6f045d324.jpeg,1,Did the student use copies of the rectangle to tile the plane?,NO,YES,False
916,1516619,119ce24b-360a-408c-b359-06d6f045d324.jpeg,2,Is the coordinate plane completely filled with tiles of the rectangle?,NO,YES,False
919,1516619,7a683f27-f1ec-4c5a-b541-c6a3715149e6.jpeg,0,Are all of the rectangles the same size?,YES,YES,True
919,1516619,7a683f27-f1ec-4c5a-b541-c6a3715149e6.jpeg,1,Did the student use copies of the rectangle to tile the plane?,YES,YES,True
919,1516619,7a683f27-f1ec-4c5a-b541-c6a3715149e6.jpeg,2,Is the coordinate plane completely filled with tiles of the rectangle?,NO,YES,False
917,1516619,29535513-df06-4e8e-814b-c2a6f010e2bf.jpeg,0,Are all of the rectangles the same size?,NO,NO,True
917,1516619,29535513-df06-4e8e-814b-c2a6f010e2bf.jpeg,1,Did the student use copies of the rectangle to tile the plane?,NO,YES,False
917,1516619,29535513-df06-4e8e-814b-c2a6f010e2bf.jpeg,2,Is the coordinate plane completely filled with tiles of the rectangle?,NO,YES,False
922,1516619,9270add1-4f22-4c2c-9130-3011bc16ec0d.jpeg,0,Are all of the rectangles the same size?,NO,NO,True
922,1516619,9270add1-4f22-4c2c-9130-3011bc16ec0d.jpeg,1,Did the student use copies of the rectangle to tile the plane?,NO,NO,True
922,1516619,9270add1-4f22-4c2c-9130-3011bc16ec0d.jpeg,2,Is the coordinate plane completely filled with tiles of the rectangle?,NO,NO,True
920,1516619,8c3fad2c-eb78-4820-82b5-f5cd393ccf44.jpeg,0,Are all of the rectangles the same size?,NO,YES,False
920,1516619,8c3fad2c-eb78-4820-82b5-f5cd393ccf44.jpeg,1,Did the student use copies of the rectangle to tile the plane?,YES,YES,True
920,1516619,8c3fad2c-eb78-4820-82b5-f5cd393ccf44.jpeg,2,Is the coordinate plane completely filled with tiles of the rectangle?,NO,YES,False
921,1516619,8f1ca522-1c0e-4a41-a7de-109e04355ab2.jpeg,0,Are all of the rectangles the same size?,NO,YES,False
921,1516619,8f1ca522-1c0e-4a41-a7de-109e04355ab2.jpeg,1,Did the student use copies of the rectangle to tile the plane?,NO,YES,False
921,1516619,8f1ca522-1c0e-4a41-a7de-109e04355ab2.jpeg,2,Is the coordinate plane completely filled with tiles of the rectangle?,NO,NO,True
923,1516619,cde7fd70-1be9-4270-a715-492b270a55f3.jpeg,0,Are all of the rectangles the same size?,YES,YES,True
923,1516619,cde7fd70-1be9-4270-a715-492b270a55f3.jpeg,1,Did the student use copies of the rectangle to tile the plane?,NO,NO,True
923,1516619,cde7fd70-1be9-4270-a715-492b270a55f3.jpeg,2,Is the coordinate plane completely filled with tiles of the rectangle?,NO,YES,False
928,1516620,08277a17-2537-48cb-84bc-971fc455a6d7.jpeg,0,Did the student use copies of the given rectangle in their response?,YES,NO,False
928,1516620,08277a17-2537-48cb-84bc-971fc455a6d7.jpeg,1,Did the student's answer show that the rectangle could be used to not tile the plane?,NO,YES,False
926,1516619,f12c6e34-8842-49e1-9032-6c69ed61e210.jpeg,0,Are all of the rectangles the same size?,NO,NO,True
926,1516619,f12c6e34-8842-49e1-9032-6c69ed61e210.jpeg,1,Did the student use copies of the rectangle to tile the plane?,NO,NO,True
926,1516619,f12c6e34-8842-49e1-9032-6c69ed61e210.jpeg,2,Is the coordinate plane completely filled with tiles of the rectangle?,NO,NO,True
929,1516620,0c31bcb1-dc05-4e41-b9b5-2f78e58195b5.jpeg,0,Did the student use copies of the given rectangle in their response?,YES,NO,False
929,1516620,0c31bcb1-dc05-4e41-b9b5-2f78e58195b5.jpeg,1,Did the student's answer show that the rectangle could be used to not tile the plane?,YES,NO,False
924,1516619,d5efcaf8-d2b1-4dc6-bff2-3474e0a23437.jpeg,0,Are all of the rectangles the same size?,NO,YES,False
924,1516619,d5efcaf8-d2b1-4dc6-bff2-3474e0a23437.jpeg,1,Did the student use copies of the rectangle to tile the plane?,NO,YES,False
924,1516619,d5efcaf8-d2b1-4dc6-bff2-3474e0a23437.jpeg,2,Is the coordinate plane completely filled with tiles of the rectangle?,YES,YES,True
925,1516619,eab7c104-f234-4487-b419-f035e0741097.jpeg,0,Are all of the rectangles the same size?,NO,NO,True
925,1516619,eab7c104-f234-4487-b419-f035e0741097.jpeg,1,Did the student use copies of the rectangle to tile the plane?,NO,NO,True
925,1516619,eab7c104-f234-4487-b419-f035e0741097.jpeg,2,Is the coordinate plane completely filled with tiles of the rectangle?,NO,NO,True
930,1516620,1099fe66-fa46-490d-aa18-7f0b0ea76f86.jpeg,0,Did the student use copies of the given rectangle in their response?,YES,YES,True
930,1516620,1099fe66-fa46-490d-aa18-7f0b0ea76f86.jpeg,1,Did the student's answer show that the rectangle could be used to not tile the plane?,NO,YES,False
938,1516620,8d1c7d44-8c35-400e-97cb-e45841d670d2.jpeg,0,Did the student use copies of the given rectangle in their response?,YES,YES,True
938,1516620,8d1c7d44-8c35-400e-97cb-e45841d670d2.jpeg,1,Did the student's answer show that the rectangle could be used to not tile the plane?,NO,NO,True
936,1516620,794a9d67-4108-4601-9220-7e4582707766.jpeg,0,Did the student use copies of the given rectangle in their response?,YES,YES,True
936,1516620,794a9d67-4108-4601-9220-7e4582707766.jpeg,1,Did the student's answer show that the rectangle could be used to not tile the plane?,YES,NO,False
937,1516620,7c5a1283-aa27-4e5c-84bb-f14d6234016a.jpeg,0,Did the student use copies of the given rectangle in their response?,YES,YES,True
937,1516620,7c5a1283-aa27-4e5c-84bb-f14d6234016a.jpeg,1,Did the student's answer show that the rectangle could be used to not tile the plane?,NO,YES,False
939,1516620,a1c0f0c2-3304-4e40-912f-f1bb639d552e.jpeg,0,Did the student use copies of the given rectangle in their response?,YES,YES,True
939,1516620,a1c0f0c2-3304-4e40-912f-f1bb639d552e.jpeg,1,Did the student's answer show that the rectangle could be used to not tile the plane?,YES,NO,False
940,1516620,aac2c6b3-70a8-430c-8b5f-cef026397899.jpeg,0,Did the student use copies of the given rectangle in their response?,YES,YES,True
940,1516620,aac2c6b3-70a8-430c-8b5f-cef026397899.jpeg,1,Did the student's answer show that the rectangle could be used to not tile the plane?,YES,NO,False
941,1516620,ccf6c2ab-d98a-410c-99fb-3af589aa630d.jpeg,0,Did the student use copies of the given rectangle in their response?,YES,YES,True
941,1516620,ccf6c2ab-d98a-410c-99fb-3af589aa630d.jpeg,1,Did the student's answer show that the rectangle could be used to not tile the plane?,YES,NO,False
943,1516624,11f7afd6-0ebd-47c0-a417-54c400bc8a21.jpeg,0,Did the student use two different methods to find the area?,NO,NO,True
944,1516624,38740c2b-0e60-42df-8a76-7814e9e13b8c.jpeg,0,Did the student use two different methods to find the area?,YES,YES,True
948,1516624,642d6946-6e77-43c8-a56e-aa965de6f57f.jpeg,0,Did the student use two different methods to find the area?,NO,YES,False
946,1516624,4a09210d-b924-432a-a2de-1007aa77b57b.jpeg,0,Did the student use two different methods to find the area?,NO,NO,True
942,1516624,0f57eb0d-bae1-4581-ad97-333a5c30c4ba.jpeg,0,Did the student use two different methods to find the area?,NO,NO,True
950,1516624,78d80a3b-513d-4afc-b858-1afe9d79724e.jpeg,0,Did the student use two different methods to find the area?,NO,NO,True
951,1516624,7e21f45f-a2e1-4884-aae7-2f690234c0a1.jpeg,0,Did the student use two different methods to find the area?,NO,NO,True
953,1516624,ab48c2fd-714d-497f-88b6-fbef9e556638.jpeg,0,Did the student use two different methods to find the area?,NO,NO,True
949,1516624,6baa2605-e8d6-477a-9458-80c484377003.jpeg,0,Did the student use two different methods to find the area?,NO,NO,True
955,1516624,cefbe058-75c0-4e5b-9c03-6546b2992625.jpeg,0,Did the student use two different methods to find the area?,NO,NO,True
954,1516624,ac8471e2-65fa-4032-88e3-77f3807e730c.jpeg,0,Did the student use two different methods to find the area?,YES,NO,False
972,1516693,09527f65-263a-46bb-8ae9-463b3e2c3b7c.jpeg,0,"Did the student answer ""Yes"" or ""No""?",NO,NO,True
972,1516693,09527f65-263a-46bb-8ae9-463b3e2c3b7c.jpeg,1,Did the student correctly sketch a parallelogram that is not a square?,NO,NO,True
973,1516693,11d6cefb-3534-4078-8c39-602ef80ea1da.jpeg,0,"Did the student answer ""Yes"" or ""No""?",YES,YES,True
973,1516693,11d6cefb-3534-4078-8c39-602ef80ea1da.jpeg,1,Did the student correctly sketch a parallelogram that is not a square?,YES,YES,True
956,1516624,dbddd484-41aa-4459-bb43-459548b98be7.jpeg,0,Did the student use two different methods to find the area?,NO,YES,False
952,1516624,a3391580-fe6a-4300-a3cb-29c2a9c954f7.jpeg,0,Did the student use two different methods to find the area?,NO,YES,False
976,1516693,4e813fff-b7ed-4b5b-9874-42557825b7cc.jpeg,0,"Did the student answer ""Yes"" or ""No""?",NEITHER,NO,False
976,1516693,4e813fff-b7ed-4b5b-9874-42557825b7cc.jpeg,1,Did the student correctly sketch a parallelogram that is not a square?,NO,NO,True
974,1516693,1355daf8-216f-40ad-a999-e3f04bd19acd.png,0,"Did the student answer ""Yes"" or ""No""?",NO,NO,True
974,1516693,1355daf8-216f-40ad-a999-e3f04bd19acd.png,1,Did the student correctly sketch a parallelogram that is not a square?,YES,NO,False
975,1516693,4634056f-eb05-461c-8bdc-31aad0d69df4.jpeg,0,"Did the student answer ""Yes"" or ""No""?",NO,NO,True
975,1516693,4634056f-eb05-461c-8bdc-31aad0d69df4.jpeg,1,Did the student correctly sketch a parallelogram that is not a square?,NO,YES,False
977,1516693,5f7383c3-322e-4b57-a4fe-d00355905711.jpeg,0,"Did the student answer ""Yes"" or ""No""?",YES,YES,True
977,1516693,5f7383c3-322e-4b57-a4fe-d00355905711.jpeg,1,Did the student correctly sketch a parallelogram that is not a square?,YES,NO,False
978,1516693,61c298fc-7145-4866-96e7-3e76765dccec.png,0,"Did the student answer ""Yes"" or ""No""?",NO,NO,True
978,1516693,61c298fc-7145-4866-96e7-3e76765dccec.png,1,Did the student correctly sketch a parallelogram that is not a square?,YES,YES,True
980,1516693,8dc6f5c7-010f-4e19-9773-8fae25b54a12.jpeg,0,"Did the student answer ""Yes"" or ""No""?",N/A,NO,False
980,1516693,8dc6f5c7-010f-4e19-9773-8fae25b54a12.jpeg,1,Did the student correctly sketch a parallelogram that is not a square?,NO,NO,True
979,1516693,797a7cfd-4606-49a8-ad9e-010cf2bc1f87.jpeg,0,"Did the student answer ""Yes"" or ""No""?",NO,NO,True
979,1516693,797a7cfd-4606-49a8-ad9e-010cf2bc1f87.jpeg,1,Did the student correctly sketch a parallelogram that is not a square?,YES,NO,False
981,1516693,9ddcf278-cb8b-4f19-85fe-9e2d6252f705.jpeg,0,"Did the student answer ""Yes"" or ""No""?",YES,YES,True
981,1516693,9ddcf278-cb8b-4f19-85fe-9e2d6252f705.jpeg,1,Did the student correctly sketch a parallelogram that is not a square?,YES,YES,True
982,1516693,9fbe4adc-c858-43a0-8d88-7760856fb4d8.jpeg,0,"Did the student answer ""Yes"" or ""No""?",YES,NO,False
982,1516693,9fbe4adc-c858-43a0-8d88-7760856fb4d8.jpeg,1,Did the student correctly sketch a parallelogram that is not a square?,NO,NO,True
983,1516693,ac2a71b6-84bc-4b90-a22f-e25221e76976.png,0,"Did the student answer ""Yes"" or ""No""?",NO,NO,True
983,1516693,ac2a71b6-84bc-4b90-a22f-e25221e76976.png,1,Did the student correctly sketch a parallelogram that is not a square?,NO,NO,True
985,1516693,ce3bc039-e53d-412c-a735-f2f8a5e18065.jpeg,0,"Did the student answer ""Yes"" or ""No""?",NO,NO,True
985,1516693,ce3bc039-e53d-412c-a735-f2f8a5e18065.jpeg,1,Did the student correctly sketch a parallelogram that is not a square?,NO,NO,True
984,1516693,bbdb5063-d158-45eb-83ef-86206dac8ba2.jpeg,0,"Did the student answer ""Yes"" or ""No""?",N/A,NO,False
984,1516693,bbdb5063-d158-45eb-83ef-86206dac8ba2.jpeg,1,Did the student correctly sketch a parallelogram that is not a square?,NO,NO,True
986,1516695,1cf9e4ae-95f7-4001-9e82-cdb6cd7eeddd.png,0,Did the student draw the cut line on the three quadrilaterals?,NO,YES,False
986,1516695,1cf9e4ae-95f7-4001-9e82-cdb6cd7eeddd.png,1,Does one of the quadrilaterals have non-right angles?,NO,YES,False
987,1516695,2c501686-9d79-429a-92dd-708db46b469e.jpeg,0,Did the student draw the cut line on the three quadrilaterals?,YES,YES,True
987,1516695,2c501686-9d79-429a-92dd-708db46b469e.jpeg,1,Does one of the quadrilaterals have non-right angles?,YES,YES,True
988,1516695,327c94a2-c83d-40e9-941a-3174ddc2ec8f.jpeg,0,Did the student draw the cut line on the three quadrilaterals?,YES,YES,True
988,1516695,327c94a2-c83d-40e9-941a-3174ddc2ec8f.jpeg,1,Does one of the quadrilaterals have non-right angles?,YES,YES,True
989,1516695,3488225b-368b-4e4e-a720-170e45731102.jpeg,0,Did the student draw the cut line on the three quadrilaterals?,YES,YES,True
989,1516695,3488225b-368b-4e4e-a720-170e45731102.jpeg,1,Does one of the quadrilaterals have non-right angles?,YES,YES,True
990,1516695,4afd47cb-1057-43f6-bbae-e0cfc7549f5f.jpeg,0,Did the student draw the cut line on the three quadrilaterals?,YES,YES,True
990,1516695,4afd47cb-1057-43f6-bbae-e0cfc7549f5f.jpeg,1,Does one of the quadrilaterals have non-right angles?,YES,NO,False
993,1516695,6f1457ef-bc68-4367-8ba1-c74c2060870d.jpeg,0,Did the student draw the cut line on the three quadrilaterals?,YES,YES,True
993,1516695,6f1457ef-bc68-4367-8ba1-c74c2060870d.jpeg,1,Does one of the quadrilaterals have non-right angles?,YES,YES,True
991,1516695,604b321b-99d8-4607-99a5-7f4703d6ec07.jpeg,0,Did the student draw the cut line on the three quadrilaterals?,YES,YES,True
991,1516695,604b321b-99d8-4607-99a5-7f4703d6ec07.jpeg,1,Does one of the quadrilaterals have non-right angles?,NO,NO,True
992,1516695,65471e15-0743-4740-b285-d3462a387ebc.jpeg,0,Did the student draw the cut line on the three quadrilaterals?,YES,YES,True
992,1516695,65471e15-0743-4740-b285-d3462a387ebc.jpeg,1,Does one of the quadrilaterals have non-right angles?,YES,YES,True
994,1516695,72133daa-2f9a-4537-a20e-2d261bf652e7.jpeg,0,Did the student draw the cut line on the three quadrilaterals?,NO,YES,False
994,1516695,72133daa-2f9a-4537-a20e-2d261bf652e7.jpeg,1,Does one of the quadrilaterals have non-right angles?,NO,YES,False
995,1516695,93b5c869-caf0-4abf-9ca8-50f9e6d0093f.jpeg,0,Did the student draw the cut line on the three quadrilaterals?,YES,YES,True
995,1516695,93b5c869-caf0-4abf-9ca8-50f9e6d0093f.jpeg,1,Does one of the quadrilaterals have non-right angles?,YES,NO,False
997,1516695,d0daebf5-7d12-4bbb-87a9-4cbace2df88f.jpeg,0,Did the student draw the cut line on the three quadrilaterals?,NO,YES,False
997,1516695,d0daebf5-7d12-4bbb-87a9-4cbace2df88f.jpeg,1,Does one of the quadrilaterals have non-right angles?,YES,YES,True
998,1516695,d5e2ed49-d5d5-4729-ae2b-ac103069379d.jpeg,0,Did the student draw the cut line on the three quadrilaterals?,NO,YES,False
998,1516695,d5e2ed49-d5d5-4729-ae2b-ac103069379d.jpeg,1,Does one of the quadrilaterals have non-right angles?,YES,YES,True
999,1516695,faedf8a9-8895-4b8d-8915-e81d6e21ef36.jpeg,0,Did the student draw the cut line on the three quadrilaterals?,YES,YES,True
999,1516695,faedf8a9-8895-4b8d-8915-e81d6e21ef36.jpeg,1,Does one of the quadrilaterals have non-right angles?,YES,NO,False
996,1516695,b31385c4-ed60-4a56-b625-14457e08dcd8.jpeg,0,Did the student draw the cut line on the three quadrilaterals?,NO,YES,False
996,1516695,b31385c4-ed60-4a56-b625-14457e08dcd8.jpeg,1,Does one of the quadrilaterals have non-right angles?,YES,YES,True
1000,1524116,0fa93807-ab3f-49b5-b85b-ed8fe45121c0.jpeg,0,Did the student correctly find the product of 72.81?,YES,NO,False
1000,1524116,0fa93807-ab3f-49b5-b85b-ed8fe45121c0.jpeg,1,Did the student correctly show that multiplying by 100 shifts the digits two places to the left?,YES,YES,True
