Problem ID,Image Name,QA Teacher
1065658,04255753-0b36-495d-87eb-1e3cd0c97634.jpeg,"[{""question"": ""Did students label the number line correctly?"", ""answer"": ""YES""}, {""question"": ""Did students use arrows to indicate the direction of movement on the number line?"", ""answer"": ""YES""}, {""question"": ""Is the final answer clearly marked on the number line?"", ""answer"": ""YES""}, {""question"": ""Does the student label the magnitude of each arrow?"", ""answer"": ""NO""}]"
1065658,0a70eabf-c272-4d6b-a271-f44470be10dc.jpeg,"[{""question"": ""Did students label the number line correctly?"", ""answer"": ""YES""}, {""question"": ""Did students use arrows to indicate the direction of movement on the number line?"", ""answer"": ""YES""}, {""question"": ""Is the final answer clearly marked on the number line?"", ""answer"": ""YES""}, {""question"": ""Did the student label the magnitude of each arrow on the number line diagram?"", ""answer"": ""NO""}, {""question"": ""Did the student use straight arrows or curved arrows to represent the sum of the integers on the number line diagram?"", ""answer"": ""NO""}]"
1065658,2292f546-86ba-4150-9888-eb4ea29067bf.jpeg,"[{""question"": ""Did students label the number line correctly?"", ""answer"": ""YES""}, {""question"": ""Did students use arrows to indicate the direction of movement on the number line?"", ""answer"": ""YES""}, {""question"": ""Is the final answer clearly marked on the number line?"", ""answer"": ""NO""}, {""question"": ""Did the student label the magnitude of each arrow?"", ""answer"": ""NO""}]"
1065658,2b804ad7-6c17-4ae9-b830-17d3bfc445b2.png,"[{""question"": ""Did students label the number line correctly?"", ""answer"": ""YES""}, {""question"": ""Did students use arrows to indicate the direction of movement on the number line?"", ""answer"": ""NO""}, {""question"": ""Is the final answer clearly marked on the number line?"", ""answer"": ""NO""}, {""question"": ""Did the student label the magnitude of each arrow?"", ""answer"": ""NO""}]"
1065658,56005c1c-8182-423a-93cd-db884a59f7b0.png,"[{""question"": ""Did students label the number line correctly?"", ""answer"": ""YES""}, {""question"": ""Did students use arrows to indicate the direction of movement on the number line?"", ""answer"": ""NO""}, {""question"": ""Is the final answer clearly marked on the number line?"", ""answer"": ""NO""}, {""question"": ""Did the student label the magnitude of each arrow on the number line?"", ""answer"": ""NO""}]"
1065658,80545ef3-0616-4318-8bc3-ce431ef79f9f.jpeg,"[{""question"": ""Did students label the number line correctly?"", ""answer"": ""YES""}, {""question"": ""Did students use arrows to indicate the direction of movement on the number line?"", ""answer"": ""NO""}, {""question"": ""Is the final answer clearly marked on the number line?"", ""answer"": ""NO""}, {""question"": ""Does the depiction of each addend start at the end of the depiction of the previous addend?"", ""answer"": ""NO""}]"
1065658,8cbadb4e-42f0-43eb-abef-6c652c1d0542.jpeg,"[{""question"": ""Did students label the number line correctly?"", ""answer"": ""YES""}, {""question"": ""Did students use arrows to indicate the direction of movement on the number line?"", ""answer"": ""NO""}, {""question"": ""Is the final answer clearly marked on the number line?"", ""answer"": ""YES""}, {""question"": ""Did the student label the magnitude of each addend on the number line?"", ""answer"": ""NO""}]"
1065658,8ef9d302-d398-405c-990c-b7e5c7cf3be4.png,"[{""question"": ""Did students label the number line correctly?"", ""answer"": ""YES""}, {""question"": ""Did students use arrows to indicate the direction of movement on the number line?"", ""answer"": ""YES""}, {""question"": ""Is the final answer clearly marked on the number line?"", ""answer"": ""YES""}]"
1065658,a5c95313-cfb3-4455-8a8c-de8efcfc9847.png,"[{""question"": ""Did students label the number line correctly?"", ""answer"": ""NO""}, {""question"": ""Did students use arrows to indicate the direction of movement on the number line?"", ""answer"": ""YES""}, {""question"": ""Is the final answer clearly marked on the number line?"", ""answer"": ""NO""}, {""question"": ""Did the student label each addend on the number line?"", ""answer"": ""NO""}]"
1065658,b4214e02-e3fb-41ea-8339-a450fce2c071.png,"[{""question"": ""Did students label the number line correctly?"", ""answer"": ""YES""}, {""question"": ""Did students use arrows to indicate the direction of movement on the number line?"", ""answer"": ""YES""}, {""question"": ""Is the final answer clearly marked on the number line?"", ""answer"": ""YES""}]"
1065658,d3e07e18-11c1-4f8e-8cfa-32ef8a9a560e.jpeg,"[{""question"": ""Did students label the number line correctly?"", ""answer"": ""YES""}, {""question"": ""Did students use arrows to indicate the direction of movement on the number line?"", ""answer"": ""YES""}, {""question"": ""Is the final answer clearly marked on the number line?"", ""answer"": ""YES""}]"
1065658,e33295ea-2b5c-4952-a53f-1fc2f288f4a7.jpeg,"[{""question"": ""Did students label the number line correctly?"", ""answer"": ""YES""}, {""question"": ""Did students use arrows to indicate the direction of movement on the number line?"", ""answer"": ""NO""}, {""question"": ""Is the final answer clearly marked on the number line?"", ""answer"": ""YES""}]"
1065658,f0738571-7208-4c44-9083-11f5535cf3b4.jpeg,"[{""question"": ""Did students label the number line correctly?"", ""answer"": ""YES""}, {""question"": ""Did students use arrows to indicate the direction of movement on the number line?"", ""answer"": ""NO""}, {""question"": ""Is the final answer clearly marked on the number line?"", ""answer"": ""YES""}]"
1066525,0cbf496f-4429-4a5b-ad41-8737be8dc29c.jpeg,"[{""question"": ""Did the student correctly differentiate between the legs and the hypoteneuse?"", ""answer"": ""YES""}]"
1066525,26de330a-1430-4592-bd6f-4511ba1c49f1.png,"[{""question"": ""Did the student correctly differentiate between the legs and the hypoteneuse?"", ""answer"": ""YES""}]"
1066525,275ead9b-03d7-4ae7-8764-eb5eceff807e.png,"[{""question"": ""Did the student correctly differentiate between the legs and the hypoteneuse?"", ""answer"": ""YES""}]"
1066525,312e4a9d-da18-47ac-9bbb-9b51eb8252cb.jpeg,"[{""question"": ""Did the student correctly differentiate between the legs and the hypoteneuse?"", ""answer"": ""YES""}]"
1066525,38c71e85-7fea-458d-9ebe-955ded2fd5ce.jpeg,"[{""question"": ""Did the student correctly differentiate between the legs and the hypoteneuse?"", ""answer"": ""YES""}]"
1066525,44d4fea0-8cf5-445b-98b3-1b3d62ce617c.jpeg,"[{""question"": ""Did the student correctly differentiate between the legs and the hypoteneuse?"", ""answer"": ""YES""}]"
1066525,7cced3ee-6560-4c04-8af6-c2885c15fb93.jpeg,"[{""question"": ""Did the student correctly differentiate between the legs and the hypoteneuse?"", ""answer"": ""YES""}]"
1066525,7d69e46a-a244-41bc-9d4b-7c26620d74d5.png,"[{""question"": ""Did the student correctly differentiate between the legs and the hypoteneuse?"", ""answer"": ""YES""}]"
1066525,8ba1e3c4-07dc-421c-bb33-e7cd7c6bc6b1.png,"[{""question"": ""Did the student correctly differentiate between the legs and the hypoteneuse?"", ""answer"": ""YES""}]"
1066525,98aa4971-50a1-41ee-9df8-7b1884eeff7d.png,"[{""question"": ""Did the student correctly differentiate between the legs and the hypoteneuse?"", ""answer"": ""YES""}]"
1066525,b94bc548-da8c-420c-a259-da442e1c417f.jpeg,"[{""question"": ""Did the student correctly differentiate between the legs and the hypoteneuse?"", ""answer"": ""YES""}]"
1066525,ccef0c51-10f3-4af9-b2cf-b6b10769479d.jpeg,"[{""question"": ""Did the student correctly differentiate between the legs and the hypoteneuse?"", ""answer"": ""YES""}]"
1066525,dd8d3e19-7538-483d-a977-5324ebdcf1b2.jpeg,"[{""question"": ""Did the student correctly differentiate between the legs and the hypoteneuse?"", ""answer"": ""YES""}]"
1066525,e42732e9-3fa4-488e-808a-e4f1b8b7f303.jpeg,"[{""question"": ""Did the student correctly differentiate between the legs and the hypoteneuse?"", ""answer"": ""YES""}]"
1066525,eefba64c-8d9b-4130-bc74-8ea7499fde66.jpeg,"[{""question"": ""Did the student correctly differentiate between the legs and the hypoteneuse?"", ""answer"": ""NO""}]"
1066769,0bb9bd09-5694-4a71-893a-4f1e28bf7c28.jpeg,"[{""question"": ""Does the formula the student used match the number line model?"", ""answer"": ""NO""}]"
1066769,11714771-3bae-4b97-96c7-418aba7ae879.jpeg,"[{""question"": ""Does the formula the student used match the number line model?"", ""answer"": ""YES""}]"
1066769,1d71180e-3fce-4c8e-842c-a141421b72fa.jpeg,"[{""question"": ""Does the formula the student used match the number line model?"", ""answer"": ""YES""}]"
1066769,25d5fdf4-5007-4d7c-b503-bd8ac829e607.jpeg,"[{""question"": ""Does the formula the student used match the number line model?"", ""answer"": ""YES""}]"
1066769,3535abe9-ba97-4d29-af84-6a612ca25539.jpeg,"[{""question"": ""Does the formula the student used match the number line model?"", ""answer"": ""YES""}]"
1066769,55937e96-da9b-443c-8f1e-4b6e1035b29b.jpeg,"[{""question"": ""Does the formula the student used match the number line model?"", ""answer"": ""YES""}]"
1066769,801d70da-3db7-47ca-a6c9-6571d8be4e73.png,"[{""question"": ""Does the formula the student used match the number line model?"", ""answer"": ""YES""}]"
1066769,9b548fbb-5bf8-45f9-a24c-a114e01b1eb7.jpeg,"[{""question"": ""Does the formula the student used match the number line model?"", ""answer"": ""YES""}]"
1066769,b73fb06f-c997-4594-9f88-91a165ee69ca.png,"[{""question"": ""Does the formula the student used match the number line model?"", ""answer"": ""NO""}]"
1066769,d45e81b2-2271-49aa-a314-7b2d0d7a072d.jpeg,"[{""question"": ""Does the formula the student used match the number line model?"", ""answer"": ""NO""}]"
1066769,e91ba2f8-f9df-49a3-9f72-2c5fa2f2d9e0.jpeg,"[{""question"": ""Does the formula the student used match the number line model?"", ""answer"": ""NO""}]"
1066769,edd4f9f0-1e97-46c2-958d-f9c19e3eb0d4.jpeg,"[{""question"": ""Does the formula the student used match the number line model?"", ""answer"": ""NO""}]"
1066769,ee507113-578f-40c2-a721-f3b7fe6358d0.jpeg,"[{""question"": ""Does the formula the student used match the number line model?"", ""answer"": ""NO""}]"
1066816,00a97a80-2884-438b-a34d-adacbbf2058f.png,"[{""question"": ""Did the student correctly represent the water level using negative numbers?"", ""answer"": ""NO""}, {""question"": ""Did the student draw a horizontal number line diagram?"", ""answer"": ""YES""}, {""question"": ""Did the student label 0 as the normal water level on the diagram?"", ""answer"": ""NO""}]"
1066816,0826de7b-5f90-471d-8951-e5044117341c.png,"[{""question"": ""Did the student correctly represent the water level using negative numbers?"", ""answer"": ""NO""}, {""question"": ""Did the student draw a horizontal number line diagram?"", ""answer"": ""YES""}, {""question"": ""Did the student label 0 as the normal water level on the diagram?"", ""answer"": ""NO""}]"
1066816,20d2b8f9-cd36-442a-8e70-045138787f90.jpeg,"[{""question"": ""Did the student correctly represent the water level using negative numbers?"", ""answer"": ""NO""}, {""question"": ""Did the student draw a horizontal number line diagram?"", ""answer"": ""YES""}, {""question"": ""Did the student label 0 as the normal water level on the diagram?"", ""answer"": ""NO""}]"
1066816,67a02367-5fb8-461b-bb60-3fc053cc9ab9.jpeg,"[{""question"": ""Did the student correctly represent the water level using negative numbers?"", ""answer"": ""YES""}, {""question"": ""Did the student draw a horizontal number line diagram?"", ""answer"": ""YES""}, {""question"": ""Did the student label 0 as the normal water level on the diagram?"", ""answer"": ""NO""}]"
1066816,80207e6c-ce8f-4779-ae8a-4f0f7cfc936a.jpeg,"[{""question"": ""Did the student correctly represent the water level using negative numbers?"", ""answer"": ""NO""}, {""question"": ""Did the student draw a horizontal number line diagram?"", ""answer"": ""YES""}, {""question"": ""Did the student label 0 as the normal water level on the diagram?"", ""answer"": ""NO""}]"
1066816,8b74a953-5262-4e18-8a31-b4039aafa266.jpeg,"[{""question"": ""Did the student correctly represent the water level using negative numbers?"", ""answer"": ""NO""}, {""question"": ""Did the student draw a horizontal number line diagram?"", ""answer"": ""YES""}, {""question"": ""Did the student label 0 as the normal water level on the diagram?"", ""answer"": ""NO""}]"
1066816,a12e8fec-22b0-4622-8fa5-2b0a6c595383.jpeg,"[{""question"": ""Did the student correctly represent the water level using negative numbers?"", ""answer"": ""NO""}, {""question"": ""Did the student draw a horizontal number line diagram?"", ""answer"": ""YES""}, {""question"": ""Did the student label 0 as the normal water level on the diagram?"", ""answer"": ""NO""}]"
1066816,b91af8c8-4ab3-4807-b3e9-80189d0e3f9a.png,"[{""question"": ""Did the student correctly represent the water level using negative numbers?"", ""answer"": ""NO""}, {""question"": ""Did the student draw a horizontal number line diagram?"", ""answer"": ""YES""}, {""question"": ""Did the student label 0 as the normal water level on the diagram?"", ""answer"": ""YES""}]"
1066816,c1e61987-501a-4bcb-9eda-02bcf269c704.png,"[{""question"": ""Did the student correctly represent the water level using negative numbers?"", ""answer"": ""NO""}, {""question"": ""Did the student draw a vertical number line diagram?"", ""answer"": ""YES""}, {""question"": ""Did the student label 0 as the normal water level on the diagram?"", ""answer"": ""NO""}]"
1066816,e45adf34-47d1-4e6d-a8c9-ac58ac0faccb.png,"[{""question"": ""Did the student correctly represent the water level using negative numbers?"", ""answer"": ""NO""}, {""question"": ""Did the student draw a horizontal number line diagram?"", ""answer"": ""YES""}, {""question"": ""Did the student label 0 as the normal water level on the diagram?"", ""answer"": ""NO""}]"
1066819,161be5c1-1cb7-4811-9ded-b142b54df59a.jpeg,"[{""question"": ""Did the student use a horizontal number line to model this problem?"", ""answer"": ""YES""}, {""question"": ""Does the student's answer match the number line diagram?"", ""answer"": ""NO""}]"
1066819,2bd3b27b-c990-45b1-b3e0-7855da385a6b.png,"[{""question"": ""Did the student use a horizontal number line to model this problem?"", ""answer"": ""YES""}, {""question"": ""Does the student's answer match the number line diagram?"", ""answer"": ""NO""}]"
1066819,2f42939e-6f26-4954-9ba0-40dda0aeeab6.jpeg,"[{""question"": ""Did the student use a vertical number line to model this problem?"", ""answer"": ""YES""}, {""question"": ""Does the student's answer match the number line diagram?"", ""answer"": ""YES""}]"
1066819,377c0fd4-a0e0-4091-8a14-42f407ac05fb.jpeg,"[{""question"": ""Did the student use a horizontal number line to model this problem?"", ""answer"": ""YES""}, {""question"": ""Does the student's answer match the number line diagram?"", ""answer"": ""NO""}]"
1066819,3f7125d1-a084-48a6-b606-3edb36837c71.jpeg,"[{""question"": ""Did the student use a horizontal number line to model this problem?"", ""answer"": ""YES""}, {""question"": ""Does the student's answer match the number line diagram?"", ""answer"": ""YES""}]"
1066819,483bde13-b412-4858-9b9d-ef244c13ca98.png,"[{""question"": ""Did the student use a horizontal number line to model this problem?"", ""answer"": ""YES""}, {""question"": ""Does the student's answer match the number line diagram?"", ""answer"": ""YES""}]"
1066819,5bf4a6b3-601a-4578-9171-34c3b21c9fcf.jpeg,"[{""question"": ""Did the student use a horizontal number line to model this problem?"", ""answer"": ""YES""}, {""question"": ""Does the student's answer match the number line diagram?"", ""answer"": ""YES""}]"
1066819,5f37bea7-209b-49d9-b7cc-06d2abd39124.png,"[{""question"": ""Did the student use a horizontal number line to model this problem?"", ""answer"": ""YES""}, {""question"": ""Does the student's answer match the number line diagram?"", ""answer"": ""NO""}]"
1066819,61bccabc-1500-40e2-ab76-c69ded4bcc16.png,"[{""question"": ""Did the student use a vertical number line to model this problem?"", ""answer"": ""YES""}, {""question"": ""Does the student's answer match the number line diagram?"", ""answer"": ""YES""}]"
1066819,7438b611-d296-47e6-8507-e898337dce11.jpeg,"[{""question"": ""Did the student use a vertical number line to model this problem?"", ""answer"": ""YES""}, {""question"": ""Does the student's answer match the number line diagram?"", ""answer"": ""YES""}]"
1066819,93a06158-065e-43bc-a572-d889e24417ca.jpeg,"[{""question"": ""Did the student use a horizontal number line to model this problem?"", ""answer"": ""YES""}, {""question"": ""Does the student's answer match the number line diagram?"", ""answer"": ""NO""}]"
1066819,b4539436-38b4-4dda-87e5-aacc28e40130.jpeg,"[{""question"": ""Did the student use a horizontal or vertical number line to model this problem?"", ""answer"": ""NO""}, {""question"": ""Does the student's answer match the number line diagram?"", ""answer"": ""NO""}]"
1066819,deae1247-d706-4178-89f3-1f4e71060359.jpeg,"[{""question"": ""Did the student use a vertical number line to model this problem?"", ""answer"": ""YES""}, {""question"": ""Does the student's answer match the number line diagram?"", ""answer"": ""YES""}]"
1066820,27f288e8-6b14-4d9f-b4cd-9db39543b882.jpeg,"[{""question"": ""Did the student use a horizontal number line to model this problem?"", ""answer"": ""YES""}]"
1066820,2ff9f5b0-db48-46c2-afff-3041e517cfd6.jpeg,"[{""question"": ""Did the student use a horizontal number line to model this problem?"", ""answer"": ""YES""}]"
1066820,5568fa07-b294-40d7-9662-2906c21b28cb.jpeg,"[{""question"": ""Did the student use a horizontal or vertical number line to model this problem?"", ""answer"": ""NO""}]"
1066820,6dc3dd0c-0460-4539-ad08-528a028afd93.jpeg,"[{""question"": ""Did the student use a horizontal number line to model this problem?"", ""answer"": ""YES""}]"
1066820,88402054-bb18-4e68-8f95-ad9f9de33b74.png,"[{""question"": ""Did the student use a horizontal number line to model this problem?"", ""answer"": ""YES""}]"
1066820,9dbd56d5-c0ac-4119-82d3-5432ca4d73cd.jpeg,"[{""question"": ""Did the student use a horizontal or vertical number line to model this problem?"", ""answer"": ""NO""}]"
1066820,a0bec6da-7c2d-47b6-98e1-09d6f9ceaae3.png,"[{""question"": ""Did the student use a horizontal number line to model this problem?"", ""answer"": ""YES""}]"
1066820,a8f69f2b-95df-4720-b0d0-11990b06d2d7.jpeg,"[{""question"": ""Did the student use a horizontal number line to model this problem?"", ""answer"": ""YES""}]"
1066820,a9352065-a427-46e3-a043-78c7c8e652fc.jpeg,"[{""question"": ""Did the student use a horizontal number line to model this problem?"", ""answer"": ""YES""}]"
1066820,c34286af-81b2-49ea-ae00-52c0d71312b5.jpeg,"[{""question"": ""Did the student use a horizontal number line to model this problem?"", ""answer"": ""YES""}]"
1066820,d93ef0ca-ed8a-4438-96cb-ba3fbf57a78a.jpeg,"[{""question"": ""Did the student use a horizontal number line to model this problem?"", ""answer"": ""YES""}]"
1130632,10baecbd-c964-428c-9227-d9ac862f6aed.jpeg,"[{""question"": ""Did the student correctly draw five dots in each row in their array?"", ""answer"": ""NO""}, {""question"": ""Did the student correctly draw two rows in their array?"", ""answer"": ""YES""}, {""question"": ""Did the student draw a rectangular array?"", ""answer"": ""YES""}]"
1130632,2b358d81-ef56-4a91-a29d-7ec593fe5c3f.jpeg,"[{""question"": ""Did the student correctly draw five dots in each row in their array?"", ""answer"": ""NO""}, {""question"": ""Did the student correctly draw two rows in their array?"", ""answer"": ""NO""}, {""question"": ""Did the student draw a rectangular array?"", ""answer"": ""NO""}]"
1130632,3446a6e2-f16f-4b2f-a985-918fb7b9a2c1.jpeg,"[{""question"": ""Did the student correctly draw five dots in each row in their array?"", ""answer"": ""NO""}, {""question"": ""Did the student correctly draw two rows in their array?"", ""answer"": ""NO""}, {""question"": ""Did the student draw a rectangular array?"", ""answer"": ""YES""}]"
1130632,388cb3b7-4b2d-4aad-80ad-218bb83a4946.jpeg,"[{""question"": ""Did the student correctly draw five dots in each row in their array?"", ""answer"": ""NO""}, {""question"": ""Did the student correctly draw two rows in their array?"", ""answer"": ""NO""}, {""question"": ""Did the student draw a rectangular array?"", ""answer"": ""NO""}]"
1130632,3a95f227-c270-4ad6-8417-f2ec392b7005.jpeg,"[{""question"": ""Did the student correctly draw five dots in each row in their array?"", ""answer"": ""YES""}, {""question"": ""Did the student correctly draw two rows in their array?"", ""answer"": ""YES""}, {""question"": ""Did the student draw a rectangular array?"", ""answer"": ""YES""}]"
1130632,3d491565-f8c8-48bf-91cd-10c0c737f514.jpeg,"[{""question"": ""Did the student correctly draw five dots in each row in their array?"", ""answer"": ""YES""}, {""question"": ""Did the student correctly draw two rows in their array?"", ""answer"": ""YES""}, {""question"": ""Did the student draw a rectangular array?"", ""answer"": ""YES""}]"
1130632,3e7c051f-ae26-4de3-9f1a-78c02bd9f503.jpeg,"[{""question"": ""Did the student correctly draw five dots in each row in their array?"", ""answer"": ""NO""}, {""question"": ""Did the student correctly draw two rows in their array?"", ""answer"": ""YES""}, {""question"": ""Did the student draw a rectangular array?"", ""answer"": ""YES""}]"
1130632,99c36717-4145-4c85-a496-609e3a106bfb.jpeg,"[{""question"": ""Did the student correctly draw five dots in each row in their array?"", ""answer"": ""NO""}, {""question"": ""Did the student correctly draw two rows in their array?"", ""answer"": ""YES""}, {""question"": ""Did the student draw a rectangular array?"", ""answer"": ""YES""}]"
1130632,a25d30d1-e9ac-4f95-8df8-44fc223797eb.jpeg,"[{""question"": ""Did the student correctly draw five dots in each row in their array?"", ""answer"": ""NO""}, {""question"": ""Did the student correctly draw two rows in their array?"", ""answer"": ""NO""}, {""question"": ""Did the student draw a rectangular array?"", ""answer"": ""NO""}]"
1130632,cd32ba0e-92b0-4206-8886-2fef8f956ed3.jpeg,"[{""question"": ""Did the student correctly draw five dots in each row in their array?"", ""answer"": ""NO""}, {""question"": ""Did the student correctly draw two rows in their array?"", ""answer"": ""NO""}, {""question"": ""Did the student draw a rectangular array?"", ""answer"": ""NO""}]"
1130632,d1fc81ea-fb41-4a15-b82b-9e28f731c0f0.jpeg,"[{""question"": ""Did the student correctly draw five dots in each row in their array?"", ""answer"": ""NO""}, {""question"": ""Did the student correctly draw two rows in their array?"", ""answer"": ""NO""}, {""question"": ""Did the student draw a rectangular array?"", ""answer"": ""YES""}]"
1130632,dff7d4b6-02ef-40bf-8c91-290da61e8e42.jpeg,"[{""question"": ""Did the student correctly draw five dots in each row in their array?"", ""answer"": ""YES""}, {""question"": ""Did the student correctly draw two rows in their array?"", ""answer"": ""YES""}, {""question"": ""Did the student draw a rectangular array?"", ""answer"": ""YES""}]"
1130632,f69ba77c-306d-41fc-9365-58424748b7bf.jpeg,"[{""question"": ""Did the student correctly draw five dots in each row in their array?"", ""answer"": ""NO""}, {""question"": ""Did the student correctly draw two rows in their array?"", ""answer"": ""NO""}, {""question"": ""Did the student draw a rectangular array?"", ""answer"": ""NO""}]"
1130648,3761f796-9c7d-431b-86e8-436e363384df.jpeg,"[{""question"": ""Did the student correctly write 3x6=18 to describe the array?"", ""answer"": ""YES""}]"
1130648,3f268b62-59f8-447f-a5ac-4ff508210a2b.jpeg,"[{""question"": ""Did the student correctly write 3x6=18 to describe the array?"", ""answer"": ""NO""}]"
1130648,4d876298-454e-44e0-9267-5bce7c9e411f.jpeg,"[{""question"": ""Did the student correctly write 3x6=18 to describe the array?"", ""answer"": ""YES""}]"
1130648,52698222-a0bc-4b2a-8cdb-5168ba5e2570.jpeg,"[{""question"": ""Did the student correctly write 3x6=18 to describe the array?"", ""answer"": ""YES""}]"
1130648,67abc859-7b32-4f97-ac16-cf49ae734668.jpeg,"[{""question"": ""Did the student correctly write 3x6=18 to describe the array?"", ""answer"": ""NO""}]"
1130648,74f20c66-26eb-4445-ab67-20d999f95ffa.jpeg,"[{""question"": ""Did the student correctly write 3x6=18 to describe the array?"", ""answer"": ""NO""}]"
1130648,98382d6c-efcf-4631-afca-00927d043323.jpeg,"[{""question"": ""Did the student correctly write 3x6=18 to describe the array?"", ""answer"": ""NO""}]"
1130648,a318e406-88da-4ff7-87e0-d192cff29d61.jpeg,"[{""question"": ""Did the student correctly write 3x6=18 to describe the array?"", ""answer"": ""NO""}]"
1130648,c7b27dff-4d26-4853-9d16-ea6452df3dde.jpeg,"[{""question"": ""Did the student correctly write 3x6=18 to describe the array?"", ""answer"": ""YES""}]"
1130648,c7d6b338-e151-430b-ba3b-120db2b479bc.jpeg,"[{""question"": ""Did the student correctly write 3x6=18 to describe the array?"", ""answer"": ""YES""}]"
1130648,cad91cf3-538c-4b0b-a5ea-f74a7c22bb41.jpeg,"[{""question"": ""Did the student correctly write 3x6=18 to describe the array?"", ""answer"": ""YES""}]"
1130648,d114b635-a5dc-4f95-a1e6-36f5311f3f75.jpeg,"[{""question"": ""Did the student correctly write 3x6=18 to describe the array?"", ""answer"": ""NO""}]"
1130648,f79044ce-3ed1-43d3-8e83-66e20e07020b.jpeg,"[{""question"": ""Did the student correctly write 3x6=18 to describe the array?"", ""answer"": ""YES""}]"
1139245,3a109f71-11cb-4817-872f-bb23bfeca1c4.jpeg,"[{""question"": ""Did the student correctly create 5 groups of 3 balls?"", ""answer"": ""YES""}]"
1139245,3b9529d0-3045-4bde-8569-99f967020b26.jpeg,"[{""question"": ""Did the student correctly create 5 groups of 3 balls?"", ""answer"": ""YES""}]"
1139245,441847f9-84fe-4623-afcf-36737f39af01.jpeg,"[{""question"": ""Did the student correctly create 5 groups of 3 balls?"", ""answer"": ""NO""}]"
1139245,46865308-df50-4224-a933-2eaadf890ee5.jpeg,"[{""question"": ""Did the student correctly create 5 groups of 3 balls?"", ""answer"": ""YES""}]"
1139245,84d4691c-d988-4822-a812-3da5de297c0a.jpeg,"[{""question"": ""Did the student correctly create 5 groups of 3 balls?"", ""answer"": ""YES""}]"
1139245,8b911a43-3a35-4f24-b066-3dd37af6d8be.jpeg,"[{""question"": ""Did the student correctly create 5 groups of 3 balls?"", ""answer"": ""YES""}]"
1139245,8c9dbd3b-1c26-4a89-80a8-be8387d95e4c.jpeg,"[{""question"": ""Did the student correctly create 5 groups of 3 balls?"", ""answer"": ""YES""}]"
1139245,c0efe915-8189-4a0f-b022-e189e280e8e2.jpeg,"[{""question"": ""Did the student correctly create 5 groups of 3 balls?"", ""answer"": ""YES""}]"
1139245,df2c4b0a-b490-4a29-9234-47422683239b.jpeg,"[{""question"": ""Did the student correctly create 5 groups of 3 balls?"", ""answer"": ""YES""}]"
1139245,e4f23e92-7543-4257-9ee0-6b89e76a7a1f.jpeg,"[{""question"": ""Did the student correctly create 5 groups of 3 balls?"", ""answer"": ""YES""}]"
1139245,e5f55e28-66c7-4146-b712-a3f441ea564b.jpeg,"[{""question"": ""Did the student correctly create 5 groups of 3 balls?"", ""answer"": ""YES""}]"
1139245,f147039e-b4f8-4a08-ad77-c1188159bf9f.jpeg,"[{""question"": ""Did the student correctly create 5 groups of 3 balls?"", ""answer"": ""YES""}]"
1139245,fa40168e-7784-431a-97ba-bb0f52712233.jpeg,"[{""question"": ""Did the student correctly create 5 groups of 3 balls?"", ""answer"": ""YES""}]"
1139246,3026c539-3561-4b81-956b-6ba10cbf1899.jpeg,[]
1139246,34cd5c1b-4f1d-440e-935d-f3dd9fac2b22.jpeg,[]
1139246,35b82645-7a98-4153-a03a-bf9f2e11a878.jpeg,[]
1139246,3df785d2-8fb2-44d4-a3d7-2bb14f49b6b8.jpeg,[]
1139246,6dfd1a5b-3aad-47e4-8bd7-c7fe2a1ee86a.jpeg,[]
1139246,a11c5885-f363-45e8-badf-2c3584c00bf8.jpeg,[]
1139246,bb3216c3-08d6-4d9b-b218-6eb2d364cce6.jpeg,[]
1139246,d0e0d43e-7520-4dcc-ac4a-959697de9c33.jpeg,[]
1139246,d61cb129-f5a5-4ff6-8037-e97a5ccae7eb.jpeg,[]
1139246,eeb53e8a-3e5f-473e-8f82-75d8b689a2e4.jpeg,[]
1139246,f25c0aa4-921c-4437-a3cb-9042a3759ad4.jpeg,[]
1139246,f37f110b-53c2-48ce-9e61-0968f1a5935d.jpeg,[]
1139246,f394ad98-6d27-4a07-ad14-2f29cb026f5e.jpeg,[]
1139246,f8dbd35d-edac-4ec9-af8e-3c3942426caf.jpeg,[]
1139607,255d8258-ea32-4fe0-b564-7908b88367ab.jpeg,"[{""question"": ""Are the note cards arranged into two rows of six?"", ""answer"": ""NO""}, {""question"": ""Are the note cards arranged into two rows?"", ""answer"": ""NO""}, {""question"": ""Did the student use an array to represent this problem?"", ""answer"": ""NO""}]"
1139607,398c9957-63c6-485b-aeb4-1113450158e9.jpeg,"[{""question"": ""Are the note cards arranged into two rows of six?"", ""answer"": ""YES""}, {""question"": ""Are the note cards arranged into two rows?"", ""answer"": ""YES""}, {""question"": ""Did the student use an array to represent this problem?"", ""answer"": ""YES""}]"
1139607,47864fcb-d4d0-4d4b-afb0-1465015db89f.jpeg,"[{""question"": ""Are the note cards arranged into two rows of six?"", ""answer"": ""NO""}, {""question"": ""Are the note cards arranged into two rows?"", ""answer"": ""NO""}, {""question"": ""Did the student use an array to represent this problem?"", ""answer"": ""NO""}]"
1139607,4e034c74-7774-4a40-a0ab-ef5c4e0224d7.jpeg,"[{""question"": ""Are the note cards arranged into two rows of six?"", ""answer"": ""YES""}, {""question"": ""Are the note cards arranged into two rows?"", ""answer"": ""YES""}, {""question"": ""Did the student use an array to represent this problem?"", ""answer"": ""YES""}]"
1139607,56b985d8-6a92-4c9b-b118-57c034884437.jpeg,"[{""question"": ""Are the note cards arranged into two rows of six?"", ""answer"": ""YES""}, {""question"": ""Are the note cards arranged into two rows?"", ""answer"": ""YES""}, {""question"": ""Did the student use an array to represent this problem?"", ""answer"": ""YES""}]"
1139607,5efe51d5-f2bb-407d-bf60-33d191a24138.jpeg,"[{""question"": ""Are the note cards arranged into two rows of six?"", ""answer"": ""YES""}, {""question"": ""Are the note cards arranged into two rows?"", ""answer"": ""YES""}, {""question"": ""Did the student use an array to represent this problem?"", ""answer"": ""YES""}]"
1139607,6b91b152-5831-4185-a8f7-c8b626f62728.jpeg,"[{""question"": ""Are the note cards arranged into two rows of six?"", ""answer"": ""YES""}, {""question"": ""Are the note cards arranged into two rows?"", ""answer"": ""YES""}, {""question"": ""Did the student use an array to represent this problem?"", ""answer"": ""YES""}]"
1139607,8ad4487c-bb0d-4c47-8056-f8177e1c2d9d.jpeg,"[{""question"": ""Are the note cards arranged into two rows of six?"", ""answer"": ""NO""}, {""question"": ""Are the note cards arranged into two rows?"", ""answer"": ""NO""}, {""question"": ""Did the student use an array to represent this problem?"", ""answer"": ""NO""}]"
1139607,95cf3a9d-f5c7-4df5-b364-db71870f7c93.jpeg,"[{""question"": ""Are the note cards arranged into two rows of six?"", ""answer"": ""YES""}, {""question"": ""Are the note cards arranged into two rows?"", ""answer"": ""YES""}, {""question"": ""Did the student use an array to represent this problem?"", ""answer"": ""YES""}]"
1139607,a018a0ec-d578-485f-9696-9d22d7af21cb.jpeg,"[{""question"": ""Are the note cards arranged into two rows of six?"", ""answer"": ""YES""}, {""question"": ""Are the note cards arranged into two rows?"", ""answer"": ""YES""}, {""question"": ""Did the student use an array to represent this problem?"", ""answer"": ""YES""}]"
1139607,a124776f-a038-45a5-9179-7ab1613c88d5.jpeg,"[{""question"": ""Are the note cards arranged into two rows of six?"", ""answer"": ""YES""}, {""question"": ""Are the note cards arranged into two rows?"", ""answer"": ""YES""}, {""question"": ""Did the student use an array to represent this problem?"", ""answer"": ""YES""}]"
1139607,b2a898d6-4cf9-4873-8b64-e7c872ffcb03.jpeg,"[{""question"": ""Are the note cards arranged into two rows of six?"", ""answer"": ""NO""}, {""question"": ""Are the note cards arranged into two rows?"", ""answer"": ""NO""}, {""question"": ""Did the student use an array to represent this problem?"", ""answer"": ""NO""}]"
1139607,dbb57fc4-37da-420a-a19e-f8c874596e28.jpeg,"[{""question"": ""Are the note cards arranged into two rows of six?"", ""answer"": ""NO""}, {""question"": ""Are the note cards arranged into two rows?"", ""answer"": ""NO""}, {""question"": ""Did the student use an array to represent this problem?"", ""answer"": ""YES""}]"
1139607,f0895da3-189b-4fc0-87db-7cf6d8d1286f.jpeg,"[{""question"": ""Are the note cards arranged into two rows of six?"", ""answer"": ""NO""}, {""question"": ""Are the note cards arranged into two rows?"", ""answer"": ""NO""}, {""question"": ""Did the student use an array to represent this problem?"", ""answer"": ""YES""}]"
1188942,069d8ca8-8961-4bc3-8fe2-13887d3f58e1.jpeg,"[{""question"": ""Did the student identify that 26 is closer to 30 than to 20?"", ""answer"": ""NO""}]"
1188942,0b3110d3-754e-466e-9a44-ecf39dda7fe5.jpeg,"[{""question"": ""Did the student identify that 26 is closer to 30 than to 20?"", ""answer"": ""NO""}]"
1188942,2487c6c5-912d-4551-b6f2-bc1c2213fa0d.jpeg,"[{""question"": ""Did the student identify that 26 is closer to 30 than to 20?"", ""answer"": ""NO""}]"
1188942,4e74b7c2-21ed-46fa-a161-fbc0e8b90d8f.jpeg,"[{""question"": ""Did the student identify that 26 is closer to 30 than to 20?"", ""answer"": ""NO""}]"
1188942,5a7d6ee0-ea2c-4039-80c8-9181cc4bb657.jpeg,"[{""question"": ""Did the student identify that 26 is closer to 30 than to 20?"", ""answer"": ""NO""}]"
1188942,7895d8f2-c4c2-484d-bfb9-7c6f4d0f3bc5.jpeg,"[{""question"": ""Did the student identify that 26 is closer to 30 than to 20?"", ""answer"": ""YES""}]"
1188942,8ab53a2f-d7d7-4dfb-856d-51d4bb7a13b5.jpeg,"[{""question"": ""Did the student identify that 26 is closer to 30 than to 20?"", ""answer"": ""NO""}]"
1188942,a1111ddf-3ff5-4579-86ec-a9f2de5b1282.jpeg,"[{""question"": ""Did the student identify that 26 is closer to 30 than to 20?"", ""answer"": ""YES""}]"
1188942,ade30a9b-0cf2-4eda-8254-ee53a60562b5.jpeg,"[{""question"": ""Did the student identify that 26 is closer to 30 than to 20?"", ""answer"": ""NO""}]"
1188942,baa3d46c-37bc-40ff-8219-ea1bd785d857.jpeg,"[{""question"": ""Did the student identify that 26 is closer to 30 than to 20?"", ""answer"": ""NO""}]"
1188942,c8312640-e247-4e99-ae0b-72b333feb2db.jpeg,"[{""question"": ""Did the student identify that 26 is closer to 30 than to 20?"", ""answer"": ""YES""}]"
1188942,eb37e23a-6a05-4cc7-aa25-7d77bfd29fba.jpeg,"[{""question"": ""Did the student identify that 26 is closer to 30 than to 20?"", ""answer"": ""NO""}]"
1188942,fd7de4fd-07f7-4169-995e-88f08dc4413f.jpeg,"[{""question"": ""Did the student identify that 26 is closer to 30 than to 20?"", ""answer"": ""NO""}]"
1189490,12038948-c2bb-4a15-b112-0408c0084b02.jpeg,"[{""question"": ""Do the array and the tape diagram both show 18 divided by 2 equals 9?"", ""answer"": ""NO""}]"
1189490,1ef093cd-b981-4db0-a87e-713243d525c1.jpeg,"[{""question"": ""Do the array and the tape diagram both show 18 divided by 2 equals 9?"", ""answer"": ""NO""}]"
1189490,3677d93f-ba81-4d9e-8feb-aadc141a2790.jpeg,"[{""question"": ""Do the array and the tape diagram both show 18 divided by 2 equals 9?"", ""answer"": ""NO""}, {""question"": ""Does the student's tape diagram accurately represent the total number of stickers in the problem?"", ""answer"": ""YES""}]"
1189490,49a179ea-ade3-4c9a-875c-5f2385194e36.jpeg,"[{""question"": ""Do the array and the tape diagram both show 18 divided by 2 equals 9?"", ""answer"": ""YES""}]"
1189490,505bad11-2bbd-4df4-ab25-a87b4132d01a.jpeg,"[{""question"": ""Do the array and the tape diagram both show 18 divided by 2 equals 9?"", ""answer"": ""YES""}]"
1189490,53020be1-4ef0-41aa-935d-27e89ea51efe.jpeg,"[{""question"": ""Do the array and the tape diagram both show 18 divided by 2 equals 9?"", ""answer"": ""NO""}]"
1189490,60e59716-c691-4b05-8c3f-202b5e137147.jpeg,"[{""question"": ""Do the array and the tape diagram both show 18 divided by 2 equals 9?"", ""answer"": ""YES""}]"
1189490,6f401d4f-27cb-4493-a94a-a0fbfc65e5c2.jpeg,"[{""question"": ""Do the array and the tape diagram both show 18 divided by 2 equals 9?"", ""answer"": ""YES""}]"
1189490,768c9dca-9b70-4a39-936f-0248a231ec60.png,"[{""question"": ""Do the array and the tape diagram both show 18 divided by 2 equals 9?"", ""answer"": ""NO""}]"
1189490,76be28ca-9ab4-4a95-920a-d890254b6268.jpeg,"[{""question"": ""Do the array and the tape diagram both show 18 divided by 2 equals 9?"", ""answer"": ""YES""}]"
1189490,adf797fd-0c8c-433a-9f29-8d6f5e437c8b.jpeg,"[{""question"": ""Do the array and the tape diagram both show 18 divided by 2 equals 9?"", ""answer"": ""YES""}, {""question"": ""Is there a written response to this question?"", ""answer"": ""NO""}]"
1189490,c5418524-3c6a-48b3-a495-1b52a62ea262.jpeg,"[{""question"": ""Do the array and the tape diagram both show 18 divided by 2 equals 9?"", ""answer"": ""YES""}]"
1189490,c9a28a68-1f2f-48ea-acfe-98adbcb98759.jpeg,"[{""question"": ""Do the array and the tape diagram both show 18 divided by 2 equals 9?"", ""answer"": ""YES""}]"
1189490,ecb41d39-7e45-45c4-b7ef-5ce0bd304a83.jpeg,"[{""question"": ""Do the array and the tape diagram both show 18 divided by 2 equals 9?"", ""answer"": ""YES""}]"
1212590,05f2c44f-ea50-4990-bcf7-b187efcd95a1.jpeg,"[{""question"": ""Did the student correctly box 0/6, 6/6, and 12/6?"", ""answer"": ""YES""}]"
1212590,13070a73-d63f-4e46-b0df-8b6348347388.jpeg,"[{""question"": ""Did the student correctly box 0/6, 6/6, and 12/6?"", ""answer"": ""YES""}]"
1212590,14bc5766-113a-4135-88f7-b1f188086d29.jpeg,"[{""question"": ""Did the student correctly box 0/6, 6/6, and 12/6?"", ""answer"": ""YES""}]"
1212590,74e8cf54-7bd0-4dc9-a7eb-e08279db38a3.jpeg,"[{""question"": ""Did the student correctly box 0/6, 6/6, and 12/6?"", ""answer"": ""YES""}]"
1212590,76afe2af-38bd-476f-9f3d-83f498c23ac2.jpeg,"[{""question"": ""Did the student correctly box 0/6, 6/6, and 12/6?"", ""answer"": ""NO""}]"
1212590,7e6e645f-113c-4115-87a8-52116eef8d28.jpeg,"[{""question"": ""Did the student correctly box 0/6, 6/6, and 12/6?"", ""answer"": ""YES""}]"
1212590,b2f91059-7ab5-4b7f-a1d5-4f2b5f238989.jpeg,"[{""question"": ""Did the student correctly box 0/6, 6/6, and 12/6?"", ""answer"": ""NO""}]"
1212590,c23efa95-ba27-40b4-9376-631cf500e18e.jpeg,"[{""question"": ""Did the student correctly box 0/6, 6/6, and 12/6?"", ""answer"": ""NO""}]"
1212590,c5528640-81e2-43f1-b7dd-af600d0796ad.jpeg,"[{""question"": ""Did the student correctly box 0/6, 6/6, and 12/6?"", ""answer"": ""YES""}]"
1212590,ea392b84-56e3-4522-933a-89908577cfa5.jpeg,"[{""question"": ""Did the student correctly box 0/6, 6/6, and 12/6?"", ""answer"": ""YES""}]"
1212590,ec7ce70d-da87-465e-a1b5-adef3c33dcda.jpeg,"[{""question"": ""Did the student correctly box 0/6, 6/6, and 12/6?"", ""answer"": ""YES""}]"
1212590,f623a51f-dd3a-495c-8521-b4fd0bf8e29e.jpeg,"[{""question"": ""Did the student correctly box 0/6, 6/6, and 12/6?"", ""answer"": ""NO""}]"
1212638,00ce6679-7738-4bda-9654-514675db20ba.png,"[{""question"": ""Did the student correctly parition each whole into fourths?"", ""answer"": ""YES""}, {""question"": ""Did the student correctly write the wholes 1, 2, and 3 as fractions?"", ""answer"": ""NO""}]"
1212638,05b1fbfc-b36b-42cf-8c07-9382a50f70ed.jpeg,"[{""question"": ""Did the student correctly parition each whole into fourths?"", ""answer"": ""YES""}, {""question"": ""Did the student correctly write the wholes 1, 2, and 3 as fractions?"", ""answer"": ""YES""}]"
1212638,0ab024fa-71c6-4342-b5fa-926b25541a71.jpeg,"[{""question"": ""Did the student correctly parition each whole into fourths?"", ""answer"": ""NO""}, {""question"": ""Did the student correctly write the wholes 1, 2, and 3 as fractions?"", ""answer"": ""NO""}]"
1212638,1093f036-64e4-453f-a0c5-75d51693372f.jpeg,"[{""question"": ""Did the student correctly parition each whole into fourths?"", ""answer"": ""YES""}, {""question"": ""Did the student correctly write the wholes 1, 2, and 3 as fractions?"", ""answer"": ""NO""}]"
1212638,155ce6f2-55f2-442f-863b-d8b77645edcc.jpeg,"[{""question"": ""Did the student correctly parition each whole into fourths?"", ""answer"": ""NO""}, {""question"": ""Did the student correctly write the wholes 1, 2, and 3 as fractions?"", ""answer"": ""NO""}]"
1212638,66a62ca4-53d0-4c79-8439-34a1c3f71fba.jpeg,"[{""question"": ""Did the student correctly parition each whole into fourths?"", ""answer"": ""YES""}, {""question"": ""Did the student correctly write the wholes 1, 2, and 3 as fractions?"", ""answer"": ""NO""}]"
1212638,72a49c64-67e3-41c0-b35e-931a43462abe.jpeg,"[{""question"": ""Did the student correctly parition each whole into fourths?"", ""answer"": ""NO""}, {""question"": ""Did the student correctly write the wholes 1, 2, and 3 as fractions?"", ""answer"": ""NO""}]"
1212638,94e9ff58-574b-4468-a30c-e32cd3dd2425.jpeg,"[{""question"": ""Did the student correctly parition each whole into fourths?"", ""answer"": ""NO""}, {""question"": ""Did the student correctly write the wholes 1, 2, and 3 as fractions?"", ""answer"": ""NO""}]"
1212638,98f584a3-9845-47d7-99f3-3500537d95bf.jpeg,"[{""question"": ""Did the student correctly parition each whole into fourths?"", ""answer"": ""YES""}, {""question"": ""Did the student correctly write the wholes 1, 2, and 3 as fractions?"", ""answer"": ""NO""}]"
1212638,a5bec076-f4d4-43e0-aae3-5d859543d9b3.jpeg,"[{""question"": ""Did the student correctly parition each whole into fourths?"", ""answer"": ""YES""}, {""question"": ""Did the student correctly write the wholes 1, 2, and 3 as fractions?"", ""answer"": ""NO""}]"
1212638,bef3e5af-94fa-4d58-822d-88e7d9641106.jpeg,"[{""question"": ""Did the student correctly parition each whole into fourths?"", ""answer"": ""YES""}, {""question"": ""Did the student correctly write the wholes 1, 2, and 3 as fractions?"", ""answer"": ""YES""}]"
1212638,e7d1786f-2e07-4829-ac84-7705c1387ff0.jpeg,"[{""question"": ""Did the student correctly parition each whole into fourths?"", ""answer"": ""YES""}, {""question"": ""Did the student correctly write the wholes 1, 2, and 3 as fractions?"", ""answer"": ""NO""}]"
1212638,eb1b6b9e-0e30-4a9d-b517-1176be2b82b5.jpeg,"[{""question"": ""Did the student correctly parition each whole into fourths?"", ""answer"": ""NO""}, {""question"": ""Did the student correctly write the wholes 1, 2, and 3 as fractions?"", ""answer"": ""NO""}]"
1212638,f9e79038-b64f-47a3-a79b-e1146e235194.jpeg,"[{""question"": ""Did the student correctly parition each whole into fourths?"", ""answer"": ""NO""}, {""question"": ""Did the student correctly write the wholes 1, 2, and 3 as fractions?"", ""answer"": ""NO""}]"
1212658,013230c8-b16a-47b7-a1a3-a465d185a201.jpeg,"[{""question"": ""Did the student correctly show that 1, 2/2, and 6/6 are all at the same place on the number line?"", ""answer"": ""YES""}]"
1212658,1336ae8e-671c-4cc0-8846-9ae80fb07e48.jpeg,"[{""question"": ""Did the student correctly show that 1, 2/2, and 6/6 are all at the same place on the number line?"", ""answer"": ""NO""}]"
1212658,1864bdaf-7662-48a7-995c-86cadc247289.jpeg,"[{""question"": ""Did the student correctly show that 1, 2/2, and 6/6 are all at the same place on the number line?"", ""answer"": ""YES""}]"
1212658,28254e01-52cc-4cb7-b553-bb6f3694f5c9.jpeg,"[{""question"": ""Did the student correctly show that 1, 2/2, and 6/6 are all at the same place on the number line?"", ""answer"": ""YES""}]"
1212658,42c47990-6cff-4e4b-893e-2101cac83b10.jpeg,"[{""question"": ""Did the student correctly show that 1, 2/2, and 6/6 are all at the same place on the number line?"", ""answer"": ""YES""}]"
1212658,44e01132-c056-4daf-9515-8fb135484085.jpeg,"[{""question"": ""Did the student correctly show that 1, 2/2, and 6/6 are all at the same place on the number line?"", ""answer"": ""YES""}]"
1212658,72c3e47f-92be-4b7a-a16a-bc31243de3a9.jpeg,"[{""question"": ""Did the student correctly show that 1, 2/2, and 6/6 are all at the same place on the number line?"", ""answer"": ""NO""}]"
1212658,8ca3eeff-7958-4a9d-8483-29968081aa7b.jpeg,"[{""question"": ""Did the student correctly show that 1, 2/2, and 6/6 are all at the same place on the number line?"", ""answer"": ""NO""}]"
1212658,cb3a8cce-6b5e-4a70-844f-aa61aecbdaca.jpeg,"[{""question"": ""Did the student correctly show that 1, 2/2, and 6/6 are all at the same place on the number line?"", ""answer"": ""YES""}, {""question"": ""Does this diagram demonstrate 3/6 is equivilent to 1/2?"", ""answer"": ""NO""}]"
1212658,d1f1427d-90da-443d-b1a9-9b73a7a9e20b.jpeg,"[{""question"": ""Did the student correctly show that 1, 2/2, and 6/6 are all at the same place on the number line?"", ""answer"": ""YES""}]"
1212658,d99cd3f6-15ae-40a3-85d6-cc9f72780fea.jpeg,"[{""question"": ""Did the student correctly show that 1, 2/2, and 6/6 are all at the same place on the number line?"", ""answer"": ""NO""}]"
1212658,dc20426f-702c-46d6-bda8-e6a71491d2bb.jpeg,"[{""question"": ""Did the student correctly show that 1, 2/2, and 6/6 are all at the same place on the number line?"", ""answer"": ""YES""}]"
1212658,e527addd-1027-4f80-a09b-706a234b05b0.jpeg,"[{""question"": ""Did the student correctly show that 1, 2/2, and 6/6 are all at the same place on the number line?"", ""answer"": ""NO""}]"
1213327,0de3e3e7-bcd3-437f-a82b-e3b2f1fbdec9.jpeg,"[{""question"": ""Did the student correctly represent that 2 hundreds are equivalent to 20 tens?"", ""answer"": ""YES""}]"
1213327,402ce961-881c-4203-847a-6401af023bf5.jpeg,"[{""question"": ""Did the student correctly represent that 2 hundreds are equivalent to 20 tens?"", ""answer"": ""NO""}]"
1213327,4914f7f0-4105-460f-9d7b-93ecb22adc72.jpeg,"[{""question"": ""Did the student correctly represent that 2 hundreds are equivalent to 20 tens?"", ""answer"": ""NO""}]"
1213327,4aee2a7e-8159-406c-8e7b-2efc0727911a.jpeg,"[{""question"": ""Did the student correctly represent that 2 hundreds are equivalent to 20 tens?"", ""answer"": ""NO""}]"
1213327,532be0e6-7f5d-49f6-93a6-2cf12ac05372.jpeg,"[{""question"": ""Did the student correctly represent that 2 hundreds are equivalent to 20 tens?"", ""answer"": ""YES""}]"
1213327,75e2dbde-a983-4bf1-939f-5492a39d136c.jpeg,"[{""question"": ""Did the student correctly represent that 2 hundreds are equivalent to 20 tens?"", ""answer"": ""YES""}]"
1213327,799228a7-d598-4934-86bf-cc3bc863d78e.jpeg,"[{""question"": ""Did the student correctly represent that 2 hundreds are equivalent to 20 tens?"", ""answer"": ""NO""}]"
1213327,99a4f942-95ec-46c6-a79c-99a11cb1d576.jpeg,"[{""question"": ""Did the student correctly represent that 2 hundreds are equivalent to 20 tens?"", ""answer"": ""NO""}]"
1213327,d07bd749-3ca1-441a-8655-000b06450ce7.jpeg,"[{""question"": ""Did the student correctly represent that 2 hundreds are equivalent to 20 tens?"", ""answer"": ""YES""}]"
1213327,db348988-a377-4f38-a81b-14a8725a94fc.jpeg,"[{""question"": ""Did the student correctly represent that 2 hundreds are equivalent to 20 tens?"", ""answer"": ""YES""}]"
1213327,df7cb580-d3cb-4e1a-bb90-18ef02a3b86c.jpeg,"[{""question"": ""Did the student correctly represent that 2 hundreds are equivalent to 20 tens?"", ""answer"": ""NO""}]"
1213327,ebaef314-df98-4186-9ac4-ead6de54b86b.jpeg,"[{""question"": ""Did the student correctly represent that 2 hundreds are equivalent to 20 tens?"", ""answer"": ""NO""}]"
1213640,04a96d9a-07f4-432a-b06b-8d8289dd4a3c.jpeg,"[{""question"": ""Did the student correctly identify that 2/3 is equivalent to 4/6 in their explanation?"", ""answer"": ""YES""}, {""question"": ""Did the student correctly label the value 4/6 on the number line?"", ""answer"": ""NO""}, {""question"": ""Did the student place 2/3 and 4/6 at the same place on the number line?"", ""answer"": ""NO""}]"
1213640,548e414e-0054-4386-b4b3-3fde5933b36c.jpeg,"[{""question"": ""Did the student correctly identify that 2/3 is equivalent to 4/6 in their explanation?"", ""answer"": ""NO""}, {""question"": ""Did the student correctly label the value 4/6 on the number line?"", ""answer"": ""YES""}, {""question"": ""Did the student place 2/3 and 4/6 at the same place on the number line?"", ""answer"": ""YES""}]"
1213640,992c6bcf-166f-4503-be0a-c3c4a837346e.jpeg,"[{""question"": ""Did the student correctly identify that 2/3 is equivalent to 4/6 in their explanation?"", ""answer"": ""NO""}, {""question"": ""Did the student correctly label the value 4/6 on the number line?"", ""answer"": ""NO""}, {""question"": ""Did the student place 2/3 and 4/6 at the same place on the number line?"", ""answer"": ""NO""}]"
1213640,9c48b8a6-ded3-47d7-ab3c-524e80b101f0.jpeg,"[{""question"": ""Did the student correctly identify that 2/3 is equivalent to 4/6 in their explanation?"", ""answer"": ""YES""}, {""question"": ""Did the student correctly label the value 4/6 on the number line?"", ""answer"": ""NO""}, {""question"": ""Did the student place 2/3 and 4/6 at the same place on the number line?"", ""answer"": ""NO""}]"
1213640,af3c3547-3d5e-4f9d-8525-f1280b809abb.jpeg,"[{""question"": ""Did the student correctly identify that 2/3 is equivalent to 4/6 in their explanation?"", ""answer"": ""YES""}, {""question"": ""Did the student correctly label the value 4/6 on the number line?"", ""answer"": ""YES""}, {""question"": ""Did the student place 2/3 and 4/6 at the same place on the number line?"", ""answer"": ""YES""}]"
1213640,bac47510-7de1-4f9d-b9dc-995f9d5c5589.jpeg,"[{""question"": ""Did the student correctly identify that 2/3 is equivalent to 4/6 in their explanation?"", ""answer"": ""YES""}, {""question"": ""Did the student correctly label the value 4/6 on the number line?"", ""answer"": ""YES""}, {""question"": ""Did the student place 2/3 and 4/6 at the same place on the number line?"", ""answer"": ""YES""}]"
1213640,cbea8053-e587-4cfd-988d-e2652cef7ebd.jpeg,"[{""question"": ""Did the student correctly identify that 2/3 is equivalent to 4/6 in their explanation?"", ""answer"": ""NO""}, {""question"": ""Did the student correctly label the value 4/6 on the number line?"", ""answer"": ""NO""}, {""question"": ""Did the student place 2/3 and 4/6 at the same place on the number line?"", ""answer"": ""NO""}]"
1213640,e0bd2e3b-85c6-4b98-ae70-660d6a529592.jpeg,"[{""question"": ""Did the student correctly identify that 2/3 is equivalent to 4/6 in their explanation?"", ""answer"": ""NO""}, {""question"": ""Did the student correctly label the value 4/6 on the number line?"", ""answer"": ""NO""}, {""question"": ""Did the student place 2/3 and 4/6 at the same place on the number line?"", ""answer"": ""NO""}]"
1213640,e85507a3-5eaa-472e-b53c-42b8f45b8f68.jpeg,"[{""question"": ""Did the student correctly identify that 2/3 is equivalent to 4/6 in their explanation?"", ""answer"": ""YES""}, {""question"": ""Did the student correctly label the value 4/6 on the number line?"", ""answer"": ""YES""}, {""question"": ""Did the student place 2/3 and 4/6 at the same place on the number line?"", ""answer"": ""YES""}]"
1213640,e8727fac-bff7-405d-99a8-5fc3a5f2552d.jpeg,"[{""question"": ""Did the student correctly identify that 2/3 is equivalent to 4/6 in their explanation?"", ""answer"": ""YES""}, {""question"": ""Did the student correctly label the value 4/6 on the number line?"", ""answer"": ""YES""}, {""question"": ""Did the student place 2/3 and 4/6 at the same place on the number line?"", ""answer"": ""YES""}]"
1213640,f8717f8a-7358-43f8-a65a-98f634b78a7b.jpeg,"[{""question"": ""Did the student correctly identify that 2/3 is equivalent to 4/6 in their explanation?"", ""answer"": ""YES""}, {""question"": ""Did the student correctly label the value 4/6 on the number line?"", ""answer"": ""YES""}, {""question"": ""Did the student place 2/3 and 4/6 at the same place on the number line?"", ""answer"": ""YES""}]"
1213643,09148984-0814-4f08-bc6a-aeecfcc90403.jpeg,"[{""question"": ""Did the student correctly state that there are four copies of 1/4 in one whole?"", ""answer"": ""YES""}]"
1213643,11e40909-0483-45d7-b084-f922e164d925.jpeg,"[{""question"": ""Did the student correctly state that there are four copies of 1/4 in one whole?"", ""answer"": ""YES""}]"
1213643,340ce907-eec8-4f60-a3c4-c1717feaf895.jpeg,"[{""question"": ""Did the student correctly state that there are four copies of 1/4 in one whole?"", ""answer"": ""NO""}]"
1213643,432805bc-761b-4b5b-9954-8e3e6fc9d002.jpeg,"[{""question"": ""Did the student correctly state that there are four copies of 1/4 in one whole?"", ""answer"": ""NO""}]"
1213643,5bb0f529-4ce7-4ba9-b726-5e8650051e2b.jpeg,"[{""question"": ""Did the student correctly state that there are four copies of 1/4 in one whole?"", ""answer"": ""YES""}]"
1213643,735946ad-34e8-4f06-a897-11e4d7d2fc97.jpeg,"[{""question"": ""Did the student correctly state that there are four copies of 1/4 in one whole?"", ""answer"": ""YES""}]"
1213643,74c2e022-6240-4715-ac67-f3f6e20251ca.jpeg,"[{""question"": ""Did the student correctly state that there are four copies of 1/4 in one whole?"", ""answer"": ""YES""}]"
1213643,76dc3154-e3ef-40ad-94b1-7a1faae1cc51.jpeg,"[{""question"": ""Did the student correctly state that there are four copies of 1/4 in one whole?"", ""answer"": ""YES""}]"
1213643,7e2198cd-5540-4a4c-96be-73a01d4aca87.jpeg,"[{""question"": ""Did the student correctly state that there are four copies of 1/4 in one whole?"", ""answer"": ""YES""}]"
1213643,9142071f-567e-4484-8f34-2a2bf6a73e5d.jpeg,"[{""question"": ""Did the student correctly state that there are four copies of 1/4 in one whole?"", ""answer"": ""YES""}]"
1213643,9fb2e22b-d8cc-4705-b047-0d812bf16dc7.jpeg,"[{""question"": ""Did the student correctly state that there are four copies of 1/4 in one whole?"", ""answer"": ""YES""}]"
1213643,b2bee459-0880-46c5-948a-4df2a7ef8dc8.jpeg,"[{""question"": ""Did the student correctly state that there are four copies of 1/4 in one whole?"", ""answer"": ""YES""}]"
1213643,dbacd54f-553f-4349-a55c-14285a4587b4.jpeg,"[{""question"": ""Did the student correctly state that there are four copies of 1/4 in one whole?"", ""answer"": ""YES""}]"
1213643,e8744139-d393-47fd-9763-69dbe485a055.jpeg,"[{""question"": ""Did the student correctly state that there are four copies of 1/4 in one whole?"", ""answer"": ""YES""}]"
1220849,17d95adb-d1df-4da2-8320-3e4f451bef63.jpeg,"[{""question"": ""Did the student correctly place -2 1/2 to the right of -3 on the number line?"", ""answer"": ""YES""}, {""question"": ""Did the student state that because -2 1/2 is to the right of -3 on the number line, -2 1/2 is the greater value?"", ""answer"": ""NO""}]"
1220849,7e7a5a00-0ee7-4c8c-992b-1644d4dcbbc3.jpeg,"[{""question"": ""Did the student correctly place -2 1/2 to the right of -3 on the number line?"", ""answer"": ""YES""}, {""question"": ""Did the student state that because -2 1/2 is to the right of -3 on the number line, -2 1/2 is the greater value?"", ""answer"": ""NO""}]"
1220849,9907b993-3f7a-4fd0-bbb9-e92e28bce19a.jpeg,"[{""question"": ""Did the student correctly place -2 1/2 to the right of -3 on the number line?"", ""answer"": ""YES""}, {""question"": ""Did the student state that because -2 1/2 is to the right of -3 on the number line, -2 1/2 is the greater value?"", ""answer"": ""YES""}]"
1220849,bd431df1-5f54-4297-8ac6-9c2595844101.png,"[{""question"": ""Did the student correctly place -2 1/2 to the right of -3 on the number line?"", ""answer"": ""YES""}, {""question"": ""Did the student state that because -2 1/2 is to the right of -3 on the number line, -2 1/2 is the greater value?"", ""answer"": ""NO""}]"
1220849,d40b4063-9837-4d19-bebb-7a854edb99d4.jpeg,"[{""question"": ""Did the student correctly place -2 1/2 to the right of -3 on the number line?"", ""answer"": ""YES""}, {""question"": ""Did the student state that because -2 1/2 is to the right of -3 on the number line, -2 1/2 is the greater value?"", ""answer"": ""NO""}]"
1220849,df6dab81-d0fd-40d9-823d-4728b86defde.png,"[{""question"": ""Did the student correctly place -2 1/2 to the right of -3 on the number line?"", ""answer"": ""YES""}, {""question"": ""Did the student state that because -2 1/2 is to the right of -3 on the number line, -2 1/2 is the greater value?"", ""answer"": ""NO""}]"
1220849,e85104bc-f1d3-4c90-8b2b-d2c4f621d502.jpeg,"[{""question"": ""Did the student correctly place -2 1/2 to the right of -3 on the number line?"", ""answer"": ""YES""}, {""question"": ""Did the student state that because -2 1/2 is to the right of -3 on the number line, -2 1/2 is the greater value?"", ""answer"": ""NO""}]"
1220849,f8c187c0-9840-4838-9f3c-e76a46c82a06.jpeg,"[{""question"": ""Did the student correctly place -2 1/2 to the right of -3 on the number line?"", ""answer"": ""YES""}, {""question"": ""Did the student state that because -2 1/2 is to the right of -3 on the number line, -2 1/2 is the greater value?"", ""answer"": ""NO""}]"
1221395,21602f72-9a79-4aaa-896c-f34f9d846131.jpeg,"[{""question"": ""Are the numbers plotted correctly given the scale?"", ""answer"": ""NO""}]"
1221395,2b564f4b-7a18-422a-a4f8-7a9acc5a2414.jpeg,"[{""question"": ""Are the numbers plotted correctly given the scale?"", ""answer"": ""YES""}]"
1221395,31f093f0-70e7-420c-bcfd-d3cdeace48af.png,"[{""question"": ""Are the numbers plotted correctly given the scale?"", ""answer"": ""YES""}]"
1221395,34461f7f-6e36-46d3-9292-7b9ed27e30d6.jpeg,"[{""question"": ""Are the numbers plotted correctly given the scale?"", ""answer"": ""NO""}]"
1221395,5125456f-eb82-43f0-9077-63e74727bf8b.jpeg,"[{""question"": ""Are the numbers plotted correctly given the scale?"", ""answer"": ""NO""}]"
1221395,7f81b63c-1879-4a0b-96a7-73f51df533f4.jpeg,"[{""question"": ""Are the numbers plotted correctly given the scale?"", ""answer"": ""NO""}]"
1221395,8cf498bb-0ccf-46d9-b2b6-dc96e8648ae9.jpeg,"[{""question"": ""Are the numbers plotted correctly given the scale?"", ""answer"": ""YES""}]"
1221395,95058d9e-8062-4eeb-86ac-9524dbfc34d1.jpeg,"[{""question"": ""Are the numbers plotted correctly given the scale?"", ""answer"": ""YES""}]"
1221395,ed3397a3-c8a3-4422-bef0-6647ded6ef8f.jpeg,"[{""question"": ""Are the numbers plotted correctly given the scale?"", ""answer"": ""YES""}]"
1222298,0c9cc50f-fb86-4cc9-8649-9ae80c078b10.jpeg,"[{""question"": ""Did the student correctly represent the picnic area as 0?"", ""answer"": ""YES""}]"
1222298,61c27dd6-e665-4b2b-a8f2-f5cb13659743.jpeg,"[{""question"": ""Did the student correctly represent the picnic area as 0?"", ""answer"": ""YES""}]"
1222298,74d63c25-f46b-4155-bb08-d6f3f332fadf.jpeg,"[{""question"": ""Did the student correctly represent the picnic area as 0?"", ""answer"": ""YES""}]"
1222298,8c39b75f-c6fa-4b80-a53c-cb8c995c4c2e.jpeg,"[{""question"": ""Did the student correctly represent the picnic area as 0?"", ""answer"": ""YES""}]"
1222298,bbcb69c8-96db-49bc-911b-29011e3992e8.jpeg,"[{""question"": ""Did the student correctly represent the picnic area as 0?"", ""answer"": ""YES""}]"
1222298,d5fff899-4efa-4eb9-88ae-22f3cf557bd6.jpeg,"[{""question"": ""Did the student correctly represent the picnic area as 0?"", ""answer"": ""YES""}]"
1222298,d74df408-b767-4742-a893-16e81aa90852.jpeg,"[{""question"": ""Did the student correctly represent the picnic area as 0?"", ""answer"": ""YES""}]"
1222298,e151bd4b-51b1-4b10-b820-9f89d5885f79.jpeg,"[{""question"": ""Did the student correctly represent the picnic area as 0?"", ""answer"": ""YES""}]"
1222298,e92b2601-6d07-4df3-bd44-60c96323480b.jpeg,"[{""question"": ""Did the student correctly represent the picnic area as 0?"", ""answer"": ""YES""}]"
1222537,380b0a62-cd36-423f-b6b4-f2c54d27e8a0.jpeg,"[{""question"": ""Did the student correctly round 283 to 300 and 416 to 400?"", ""answer"": ""NO""}, {""question"": ""Is the student's estimate of the product reasonable?"", ""answer"": ""NO""}]"
1222537,3dce09a8-c171-4cec-be41-549a505e41dd.jpeg,"[{""question"": ""Did the student correctly estiamte the product as 1,200?"", ""answer"": ""NO""}, {""question"": ""Did the student correctly round 283 to 300 and 416 to 400?"", ""answer"": ""YES""}, {""question"": ""Is the student's estimate of the product reasonable?"", ""answer"": ""NO""}]"
1222537,3ecd77aa-cd03-4ca2-bf87-f555b7c3bc78.jpeg,"[{""question"": ""Did the student correctly estiamte the product as 1,200?"", ""answer"": ""YES""}, {""question"": ""Did the student correctly round 283 to 300 and 416 to 400?"", ""answer"": ""YES""}, {""question"": ""Is the student's estimate of the product reasonable?"", ""answer"": ""NO""}]"
1222537,57e28287-bc17-4798-937d-a12fdd358efa.jpeg,"[{""question"": ""Did the student correctly estiamte the product as 1,200?"", ""answer"": ""YES""}, {""question"": ""Did the student correctly round 283 to 300 and 416 to 400?"", ""answer"": ""YES""}, {""question"": ""Is the student's estimate of the product reasonable?"", ""answer"": ""YES""}]"
1222537,5cdf44ab-4fc1-4889-8f05-536a403ea59a.jpeg,"[{""question"": ""Did the student correctly estiamte the product as 1,200?"", ""answer"": ""YES""}, {""question"": ""Did the student correctly round 283 to 300 and 416 to 400?"", ""answer"": ""YES""}, {""question"": ""Is the student's estimate of the product reasonable?"", ""answer"": ""YES""}]"
1222537,7d9ea07e-42eb-4e2e-9eb9-9b3bc4a6189d.jpeg,"[{""question"": ""Did the student correctly estiamte the product as 1,200?"", ""answer"": ""YES""}, {""question"": ""Did the student correctly round 283 to 300 and 416 to 400?"", ""answer"": ""YES""}, {""question"": ""Is the student's estimate of the product reasonable?"", ""answer"": ""YES""}]"
1222537,8a0f02a5-dd55-49b6-96c1-eaeed45682c0.jpeg,"[{""question"": ""Did the student correctly estiamte the product as 1,200?"", ""answer"": ""YES""}, {""question"": ""Did the student correctly round 283 to 300 and 416 to 400?"", ""answer"": ""YES""}, {""question"": ""Is the student's estimate of the product reasonable?"", ""answer"": ""YES""}]"
1222537,93ee2d1e-c233-4ef9-8c96-7efb92f34c13.jpeg,"[{""question"": ""Did the student correctly estiamte the product as 1,200?"", ""answer"": ""NO""}, {""question"": ""Did the student correctly round 283 to 300 and 416 to 400?"", ""answer"": ""YES""}, {""question"": ""Is the student's estimate of the product reasonable?"", ""answer"": ""NO""}]"
1222537,98c58ee6-215d-44b9-aaa8-e763451b5624.jpeg,"[{""question"": ""Did the student correctly estiamte the product as 1,200?"", ""answer"": ""NO""}, {""question"": ""Did the student correctly round 283 to 300 and 416 to 400?"", ""answer"": ""YES""}, {""question"": ""Is the student's estimate of the product reasonable?"", ""answer"": ""NO""}]"
1222537,ab62544b-82c1-45af-a3dc-bf6a4ae37104.jpeg,"[{""question"": ""Did the student correctly estiamte the product as 1,200?"", ""answer"": ""YES""}, {""question"": ""Did the student correctly round 283 to 300 and 416 to 400?"", ""answer"": ""YES""}, {""question"": ""Is the student's estimate of the product reasonable?"", ""answer"": ""YES""}]"
1222537,c8e4c6fc-3d9d-472b-a3f0-5bfffac73683.jpeg,"[{""question"": ""Did the student correctly estiamte the product as 1,200?"", ""answer"": ""YES""}, {""question"": ""Did the student correctly round 283 to 300 and 416 to 400?"", ""answer"": ""YES""}, {""question"": ""Is the student's estimate of the product reasonable?"", ""answer"": ""YES""}]"
1222537,f678392b-38ef-4b40-9818-3d37691d1c5a.jpeg,"[{""question"": ""Did the student correctly estiamte the product as 1,200?"", ""answer"": ""NO""}, {""question"": ""Did the student correctly round 283 to 300 and 416 to 400?"", ""answer"": ""YES""}, {""question"": ""Is the student's estimate of the product reasonable?"", ""answer"": ""YES""}]"
1222537,f80406ad-2229-4cec-b015-9efeadfeda27.jpeg,"[{""question"": ""Did the student correctly estiamte the product as 1,200?"", ""answer"": ""YES""}, {""question"": ""Did the student correctly round 283 to 300 and 416 to 400?"", ""answer"": ""YES""}, {""question"": ""Is the student's estimate of the product reasonable?"", ""answer"": ""YES""}]"
1222625,035d602d-5f4e-47cc-9d29-0807d9d5f6aa.jpeg,"[{""question"": ""Did the student estimate the product within reason?"", ""answer"": ""NO""}, {""question"": ""Did the student remember to include the decimal in the correct location in their final answer?"", ""answer"": ""YES""}, {""question"": ""Did the student solve using an area model?"", ""answer"": ""YES""}, {""question"": ""Did the student solve using the standard algorithm?"", ""answer"": ""NO""}, {""question"": ""Is the product expressed in standard form?"", ""answer"": ""YES""}, {""question"": ""Is the student's answer reasoanble?"", ""answer"": ""NO""}]"
1222625,1eabc7a8-0f42-4ade-b057-00eb926ae3a8.jpeg,"[{""question"": ""Did the student estimate the product within reason?"", ""answer"": ""NO""}, {""question"": ""Did the student remember to include the decimal in the correct location in their final answer?"", ""answer"": ""YES""}, {""question"": ""Did the student solve using an area model?"", ""answer"": ""NO""}, {""question"": ""Did the student solve using the standard algorithm?"", ""answer"": ""NO""}, {""question"": ""Is the product expressed in standard form?"", ""answer"": ""YES""}, {""question"": ""Is the student's answer reasoanble?"", ""answer"": ""YES""}]"
1222625,31f5bea0-ad01-432f-a0e7-dcc9fcaddfe9.jpeg,"[{""question"": ""Did the student estimate the product within reason?"", ""answer"": ""NO""}, {""question"": ""Did the student remember to include the decimal in the correct location in their final answer?"", ""answer"": ""YES""}, {""question"": ""Did the student solve using an area model?"", ""answer"": ""NO""}, {""question"": ""Did the student solve using the standard algorithm?"", ""answer"": ""YES""}, {""question"": ""Is the product expressed in standard form?"", ""answer"": ""YES""}, {""question"": ""Is the student's answer reasoanble?"", ""answer"": ""NO""}]"
1222625,4cf5dbf1-1ffc-4a70-bbd8-6f240b15acfb.jpeg,"[{""question"": ""Did the student estimate the product within reason?"", ""answer"": ""NO""}, {""question"": ""Did the student remember to include the decimal in the correct location in their final answer?"", ""answer"": ""YES""}, {""question"": ""Did the student solve using an area model?"", ""answer"": ""NO""}, {""question"": ""Did the student solve using the standard algorithm?"", ""answer"": ""YES""}, {""question"": ""Is the product expressed in standard form?"", ""answer"": ""YES""}, {""question"": ""Is the student's answer reasoanble?"", ""answer"": ""YES""}]"
1222625,50a06820-4a2d-4ede-8159-8e8046dbbf6f.jpeg,"[{""question"": ""Did the student estimate the product within reason?"", ""answer"": ""NO""}, {""question"": ""Did the student remember to include the decimal in the correct location in their final answer?"", ""answer"": ""NO""}, {""question"": ""Did the student solve using an area model?"", ""answer"": ""NO""}, {""question"": ""Did the student solve using the standard algorithm?"", ""answer"": ""YES""}, {""question"": ""Is the product expressed in standard form?"", ""answer"": ""NO""}, {""question"": ""Is the student's answer reasoanble?"", ""answer"": ""NO""}]"
1222625,766717e5-6ecf-4c77-9775-84a81d302400.jpeg,"[{""question"": ""Did the student estimate the product within reason?"", ""answer"": ""NO""}, {""question"": ""Did the student remember to include the decimal in the correct location in their final answer?"", ""answer"": ""NO""}, {""question"": ""Did the student solve using an area model?"", ""answer"": ""NO""}, {""question"": ""Did the student solve using the standard algorithm?"", ""answer"": ""YES""}, {""question"": ""Is the product expressed in standard form?"", ""answer"": ""NO""}, {""question"": ""Is the student's answer reasoanble?"", ""answer"": ""NO""}]"
1222625,94acabec-4e37-49c5-b7d8-163da67820c1.jpeg,"[{""question"": ""Did the student estimate the product within reason?"", ""answer"": ""NO""}, {""question"": ""Did the student remember to include the decimal in the correct location in their final answer?"", ""answer"": ""NO""}, {""question"": ""Did the student solve using an area model?"", ""answer"": ""NO""}, {""question"": ""Did the student solve using the standard algorithm?"", ""answer"": ""NO""}, {""question"": ""Is the product expressed in standard form?"", ""answer"": ""NO""}, {""question"": ""Is the student's answer reasoanble?"", ""answer"": ""NO""}]"
1222625,bd51703b-8745-425d-aade-77bf407f58a0.jpeg,"[{""question"": ""Did the student estimate the product within reason?"", ""answer"": ""YES""}, {""question"": ""Did the student remember to include the decimal in the correct location in their final answer?"", ""answer"": ""YES""}, {""question"": ""Did the student solve using an area model?"", ""answer"": ""YES""}, {""question"": ""Did the student solve using the standard algorithm?"", ""answer"": ""YES""}, {""question"": ""Is the product expressed in standard form?"", ""answer"": ""YES""}, {""question"": ""Is the student's answer reasoanble?"", ""answer"": ""YES""}]"
1222625,c1532f85-f18c-4410-a7b4-707a73b2c9e8.jpeg,"[{""question"": ""Did the student estimate the product within reason?"", ""answer"": ""YES""}, {""question"": ""Did the student remember to include the decimal in the correct location in their final answer?"", ""answer"": ""NO""}, {""question"": ""Did the student solve using an area model?"", ""answer"": ""NO""}, {""question"": ""Did the student solve using the standard algorithm?"", ""answer"": ""YES""}, {""question"": ""Is the product expressed in standard form?"", ""answer"": ""YES""}, {""question"": ""Is the student's answer reasoanble?"", ""answer"": ""YES""}]"
1222625,d15322f0-ab59-4ba0-b0cb-67f3fef287d4.jpeg,"[{""question"": ""Did the student estimate the product within reason?"", ""answer"": ""YES""}, {""question"": ""Did the student remember to include the decimal in the correct location in their final answer?"", ""answer"": ""NO""}, {""question"": ""Did the student solve using an area model?"", ""answer"": ""NO""}, {""question"": ""Did the student solve using the standard algorithm?"", ""answer"": ""NO""}, {""question"": ""Is the product expressed in standard form?"", ""answer"": ""NO""}, {""question"": ""Is the student's answer reasoanble?"", ""answer"": ""YES""}]"
1222625,d8ddf62d-c6a5-40c5-bcc2-64e7e2f17178.jpeg,"[{""question"": ""Did the student estimate the product within reason?"", ""answer"": ""NO""}, {""question"": ""Did the student remember to include the decimal in the correct location in their final answer?"", ""answer"": ""NO""}, {""question"": ""Did the student solve using an area model?"", ""answer"": ""YES""}, {""question"": ""Did the student solve using the standard algorithm?"", ""answer"": ""NO""}, {""question"": ""Is the product expressed in standard form?"", ""answer"": ""YES""}, {""question"": ""Is the student's answer reasoanble?"", ""answer"": ""NO""}]"
1222625,d9505dc7-dd60-49ca-9c57-0827d463e4f3.jpeg,"[{""question"": ""Did the student estimate the product within reason?"", ""answer"": ""YES""}, {""question"": ""Did the student remember to include the decimal in the correct location in their final answer?"", ""answer"": ""NO""}, {""question"": ""Did the student solve using an area model?"", ""answer"": ""YES""}, {""question"": ""Did the student solve using the standard algorithm?"", ""answer"": ""YES""}, {""question"": ""Is the product expressed in standard form?"", ""answer"": ""YES""}, {""question"": ""Is the student's answer reasoanble?"", ""answer"": ""YES""}]"
1222625,eb7ae36c-debe-4c28-a386-210bc697a123.jpeg,"[{""question"": ""Did the student estimate the product within reason?"", ""answer"": ""YES""}, {""question"": ""Did the student remember to include the decimal in the correct location in their final answer?"", ""answer"": ""NO""}, {""question"": ""Did the student solve using an area model?"", ""answer"": ""YES""}, {""question"": ""Did the student solve using the standard algorithm?"", ""answer"": ""NO""}, {""question"": ""Is the product expressed in standard form?"", ""answer"": ""NO""}, {""question"": ""Is the student's answer reasoanble?"", ""answer"": ""NO""}]"
1222676,0a53c170-eed6-460c-be13-e191a8954503.jpeg,"[{""question"": ""Did the student correctly estimate 3.03 as 3?"", ""answer"": ""NO""}, {""question"": ""Did the student correctly estimate 402 as 400?"", ""answer"": ""NO""}, {""question"": ""Did the student correctly estimate the product as 1,200?"", ""answer"": ""NO""}]"
1222676,1ed99274-09f7-4fd5-81a4-09ed232e2649.jpeg,"[{""question"": ""Did the student correctly estimate 3.03 as 3?"", ""answer"": ""YES""}, {""question"": ""Did the student correctly estimate 402 as 400?"", ""answer"": ""YES""}, {""question"": ""Did the student correctly estimate the product as 1,200?"", ""answer"": ""YES""}]"
1222676,1fb55ef5-b915-4aae-89d1-071f97110514.jpeg,"[{""question"": ""Did the student correctly estimate 3.03 as 3?"", ""answer"": ""YES""}, {""question"": ""Did the student correctly estimate 402 as 400?"", ""answer"": ""YES""}, {""question"": ""Did the student correctly estimate the product as 1,200?"", ""answer"": ""YES""}]"
1222676,38372f52-fafb-4e1c-a379-7cf6be85e528.jpeg,"[{""question"": ""Did the student correctly estimate 3.03 as 3?"", ""answer"": ""YES""}, {""question"": ""Did the student correctly estimate 402 as 400?"", ""answer"": ""YES""}, {""question"": ""Did the student correctly estimate the product as 1,200?"", ""answer"": ""YES""}]"
1222676,3c71d776-716e-485f-ab6b-45e8111c2f04.jpeg,"[{""question"": ""Did the student correctly estimate 3.03 as 3?"", ""answer"": ""YES""}, {""question"": ""Did the student correctly estimate 402 as 400?"", ""answer"": ""YES""}, {""question"": ""Did the student correctly estimate the product as 1,200?"", ""answer"": ""YES""}]"
1222676,597b9e1a-4870-4012-b564-639abc3aa4b3.jpeg,"[{""question"": ""Did the student correctly estimate 3.03 as 3?"", ""answer"": ""YES""}, {""question"": ""Did the student correctly estimate 402 as 400?"", ""answer"": ""YES""}, {""question"": ""Did the student correctly estimate the product as 1,200?"", ""answer"": ""YES""}]"
1222676,7f0bc3c8-226d-405a-bf6b-dc858cdb708a.jpeg,"[{""question"": ""Did the student correctly estimate 3.03 as 3?"", ""answer"": ""YES""}, {""question"": ""Did the student correctly estimate 402 as 400?"", ""answer"": ""YES""}, {""question"": ""Did the student correctly estimate the product as 1,200?"", ""answer"": ""YES""}]"
1222676,82342606-de60-4ff1-b2aa-6ef5826ebcc2.jpeg,"[{""question"": ""Did the student correctly estimate 3.03 as 3?"", ""answer"": ""YES""}, {""question"": ""Did the student correctly estimate 402 as 400?"", ""answer"": ""YES""}, {""question"": ""Did the student correctly estimate the product as 1,200?"", ""answer"": ""YES""}]"
1222676,9ada022d-9406-4e05-af69-1c0bd1426021.png,"[{""question"": ""Did the student correctly estimate 3.03 as 3?"", ""answer"": ""YES""}, {""question"": ""Did the student correctly estimate 402 as 400?"", ""answer"": ""NO""}, {""question"": ""Did the student correctly estimate the product as 1,200?"", ""answer"": ""NO""}]"
1222676,bfc02239-526c-45ea-b0e2-5f4a18bd41d9.jpeg,"[{""question"": ""Did the student correctly estimate 3.03 as 3?"", ""answer"": ""NO""}, {""question"": ""Did the student correctly estimate 402 as 400?"", ""answer"": ""NO""}, {""question"": ""Did the student correctly estimate the product as 1,200?"", ""answer"": ""NO""}]"
1222676,d3909705-8320-4702-9ad8-50b09cf77f1f.jpeg,"[{""question"": ""Did the student correctly estimate 3.03 as 3?"", ""answer"": ""YES""}, {""question"": ""Did the student correctly estimate 402 as 400?"", ""answer"": ""YES""}, {""question"": ""Did the student correctly estimate the product as 1,200?"", ""answer"": ""YES""}]"
1222676,e5abfcdc-d9cf-4689-a0b1-4f4cfcffa966.jpeg,"[{""question"": ""Did the student correctly estimate 3.03 as 3?"", ""answer"": ""YES""}, {""question"": ""Did the student correctly estimate 402 as 400?"", ""answer"": ""YES""}, {""question"": ""Did the student correctly estimate the product as 1,200?"", ""answer"": ""NO""}]"
1228874,0c81a2e9-e74c-4dc2-8b01-365f8931054d.jpeg,"[{""question"": ""Did the student correctly state that the product is 1/9?"", ""answer"": ""YES""}, {""question"": ""Did the student split up their rectanguar model into three rows and three columns?"", ""answer"": ""YES""}]"
1228874,0f2f70ea-61e9-4029-8916-e8b9918787df.jpeg,"[{""question"": ""Did the student correctly state that the product is 1/9?"", ""answer"": ""NO""}, {""question"": ""Did the student split up their rectanguar model into three rows and three columns?"", ""answer"": ""NO""}]"
1228874,25d5bfa0-e7df-49b1-a596-20f0e035a9aa.jpeg,"[{""question"": ""Did the student correctly state that the product is 1/9?"", ""answer"": ""NO""}, {""question"": ""Did the student split up their rectanguar model into three rows and three columns?"", ""answer"": ""YES""}]"
1228874,28e320c7-f656-4351-9af0-bd677c6939a9.jpeg,"[{""question"": ""Did the student correctly state that the product is 1/9?"", ""answer"": ""YES""}, {""question"": ""Did the student split up their rectanguar model into three rows and three columns?"", ""answer"": ""NO""}]"
1228874,3efad145-1903-48c2-99c8-1a2e9c3a1f7b.jpeg,"[{""question"": ""Did the student correctly state that the product is 1/9?"", ""answer"": ""YES""}, {""question"": ""Did the student split up their rectanguar model into three rows and three columns?"", ""answer"": ""NO""}]"
1228874,4d1a2faf-4557-494c-96a3-e398f29fce28.jpeg,"[{""question"": ""Did the student correctly state that the product is 1/9?"", ""answer"": ""YES""}, {""question"": ""Did the student split up their rectanguar model into three rows and three columns?"", ""answer"": ""YES""}]"
1228874,50d89880-3468-46b2-839e-5c605c6efbc0.jpeg,"[{""question"": ""Did the student correctly state that the product is 1/9?"", ""answer"": ""YES""}, {""question"": ""Did the student split up their rectanguar model into three rows and three columns?"", ""answer"": ""YES""}]"
1228874,5899c36d-562f-48ba-aa58-7d82a0d6e6be.jpeg,"[{""question"": ""Did the student correctly state that the product is 1/9?"", ""answer"": ""YES""}, {""question"": ""Did the student split up their rectanguar model into three rows and three columns?"", ""answer"": ""YES""}]"
1228874,82257c75-bcef-4696-bb2e-fb49b43e7657.jpeg,"[{""question"": ""Did the student correctly state that the product is 1/9?"", ""answer"": ""NO""}, {""question"": ""Did the student split up their rectanguar model into three rows and three columns?"", ""answer"": ""NO""}]"
1228874,8fc24d49-55ce-4873-993e-cfca0abcc8af.jpeg,"[{""question"": ""Did the student correctly state that the product is 1/9?"", ""answer"": ""NO""}, {""question"": ""Did the student split up their rectanguar model into three rows and three columns?"", ""answer"": ""YES""}]"
1228874,a347adb2-3338-422a-ae13-3f5b43e9a7ce.jpeg,"[{""question"": ""Did the student correctly state that the product is 1/9?"", ""answer"": ""YES""}, {""question"": ""Did the student split up their rectanguar model into three rows and three columns?"", ""answer"": ""NO""}]"
1228874,ab5ed89e-5b09-4856-87bf-a7863b0a5023.jpeg,"[{""question"": ""Did the student correctly state that the product is 1/9?"", ""answer"": ""YES""}, {""question"": ""Did the student split up their rectanguar model into three rows and three columns?"", ""answer"": ""YES""}]"
1228874,b65ab935-22c0-413a-89ff-85040b4a8bd9.jpeg,"[{""question"": ""Did the student correctly state that the product is 1/9?"", ""answer"": ""YES""}, {""question"": ""Did the student split up their rectanguar model into three rows and three columns?"", ""answer"": ""YES""}]"
1228874,e0d2c606-8d11-454c-a59f-fbf0fe8b2e98.jpeg,"[{""question"": ""Did the student correctly state that the product is 1/9?"", ""answer"": ""YES""}, {""question"": ""Did the student split up their rectanguar model into three rows and three columns?"", ""answer"": ""YES""}]"
1228891,1b20734e-ec36-477e-87a9-23566d92e253.jpeg,"[{""question"": ""Did the student correctly state the answer of 3/21?"", ""answer"": ""YES""}, {""question"": ""Does the student's model match the number sentence 1/3 times 3/7 = 3/21?"", ""answer"": ""YES""}]"
1228891,85282674-5fbd-4e9c-a7a1-684df07ab0fa.jpeg,"[{""question"": ""Did the student correctly state the answer of 3/21?"", ""answer"": ""YES""}, {""question"": ""Does the student's model match the number sentence 1/3 times 3/7 = 3/21?"", ""answer"": ""YES""}]"
1228891,a02c4e08-33d5-4b0b-9916-66ffb86c34d5.png,"[{""question"": ""Did the student correctly state the answer of 3/21?"", ""answer"": ""NO""}, {""question"": ""Does the student's model match the number sentence 1/3 times 3/7 = 3/21?"", ""answer"": ""NO""}]"
1228891,ac53cf79-5a66-4d18-845d-f2466feaf7c6.jpeg,"[{""question"": ""Did the student correctly state the answer of 3/21?"", ""answer"": ""YES""}, {""question"": ""Does the student's model match the number sentence 1/3 times 3/7 = 3/21?"", ""answer"": ""NO""}]"
1228891,b42279a6-e8e1-4280-882c-2ae53b6c167b.jpeg,"[{""question"": ""Did the student correctly state the answer of 3/21?"", ""answer"": ""NO""}, {""question"": ""Does the student's model match the number sentence 1/3 times 3/7 = 3/21?"", ""answer"": ""NO""}]"
1228891,b561ba05-44ec-47db-8cb4-fbbfff16432c.jpeg,"[{""question"": ""Did the student correctly state the answer of 3/21?"", ""answer"": ""YES""}, {""question"": ""Does the student's model match the number sentence 1/3 times 3/7 = 3/21?"", ""answer"": ""NO""}]"
1228891,dae6ebbe-48d4-47b1-a40d-b8146a1b588a.png,"[{""question"": ""Did the student correctly state the answer of 3/21?"", ""answer"": ""NO""}, {""question"": ""Does the student's model match the number sentence 1/3 times 3/7 = 3/21?"", ""answer"": ""NO""}]"
1228891,e0d53b46-f047-4d2a-984e-4db4d458d78f.jpeg,"[{""question"": ""Did the student correctly state the answer of 3/21?"", ""answer"": ""YES""}, {""question"": ""Does the student's model match the number sentence 1/3 times 3/7 = 3/21?"", ""answer"": ""YES""}]"
1228891,e0dedc98-144f-4966-9ba7-ed694dae15a5.jpeg,"[{""question"": ""Did the student correctly state the answer of 3/21?"", ""answer"": ""NO""}, {""question"": ""Does the student's model match the number sentence 1/3 times 3/7 = 3/21?"", ""answer"": ""NO""}]"
1228891,e2f2737b-3528-412a-89c8-a5996cfd58da.jpeg,"[{""question"": ""Did the student correctly state the answer of 3/21?"", ""answer"": ""NO""}, {""question"": ""Does the student's model match the number sentence 1/3 times 3/7 = 3/21?"", ""answer"": ""YES""}]"
1228891,f3e8f285-8dd5-4081-bedc-29b9758aa743.jpeg,"[{""question"": ""Did the student correctly state the answer of 3/21?"", ""answer"": ""YES""}, {""question"": ""Does the student's model match the number sentence 1/3 times 3/7 = 3/21?"", ""answer"": ""NO""}]"
1228891,f7174a02-a115-4328-a86a-819657f71cfe.jpeg,"[{""question"": ""Did the student correctly state the answer of 3/21?"", ""answer"": ""NO""}, {""question"": ""Does the student's model match the number sentence 1/3 times 3/7 = 3/21?"", ""answer"": ""YES""}]"
1228891,fb8c3c47-10e9-4f53-9240-af628856b71c.jpeg,"[{""question"": ""Did the student correctly state the answer of 3/21?"", ""answer"": ""NO""}, {""question"": ""Does the student's model match the number sentence 1/3 times 3/7 = 3/21?"", ""answer"": ""NO""}]"
1228910,11417b6a-468b-4c8c-bec1-a388b81364bc.jpeg,"[{""question"": ""Did the student correctly find a product of 6/15, or equivalent?"", ""answer"": ""NO""}, {""question"": ""Did they draw a rectangular fraction model?"", ""answer"": ""YES""}, {""question"": ""Did they group 3 out of the 5 sections to show 3/5?"", ""answer"": ""NO""}, {""question"": ""Did they label 2 out of the 3 shaded sections as 2/5?"", ""answer"": ""NO""}, {""question"": ""Did they label each section of the fraction model with 1/5?"", ""answer"": ""NO""}, {""question"": ""Did they write a multiplication sentence?"", ""answer"": ""NO""}]"
1228910,1ee1bbce-cb7e-4eeb-97d2-c5ce73b493eb.jpeg,"[{""question"": ""Did the student correctly find a product of 6/15, or equivalent?"", ""answer"": ""NO""}, {""question"": ""Did they draw a rectangular fraction model?"", ""answer"": ""YES""}, {""question"": ""Did they group 3 out of the 5 sections to show 3/5?"", ""answer"": ""YES""}, {""question"": ""Did they label 2 out of the 3 shaded sections as 2/5?"", ""answer"": ""NO""}, {""question"": ""Did they label each section of the fraction model with 1/5?"", ""answer"": ""NO""}, {""question"": ""Did they write a multiplication sentence?"", ""answer"": ""NO""}]"
1228910,3ed97c74-f661-47e2-b184-416025e7836a.jpeg,"[{""question"": ""Did the student correctly find a product of 6/15, or equivalent?"", ""answer"": ""NO""}, {""question"": ""Did they draw a rectangular fraction model?"", ""answer"": ""NO""}, {""question"": ""Did they group 3 out of the 5 sections to show 3/5?"", ""answer"": ""NO""}, {""question"": ""Did they label 2 out of the 3 shaded sections as 2/5?"", ""answer"": ""NO""}, {""question"": ""Did they label each section of the fraction model with 1/5?"", ""answer"": ""NO""}, {""question"": ""Did they write a multiplication sentence?"", ""answer"": ""NO""}]"
1228910,42564d9f-a4cb-49a1-9aa2-88d7f968495b.jpeg,"[{""question"": ""Did the student correctly find a product of 6/15, or equivalent?"", ""answer"": ""NO""}, {""question"": ""Did they draw a rectangular fraction model?"", ""answer"": ""YES""}, {""question"": ""Did they group 3 out of the 5 sections to show 3/5?"", ""answer"": ""YES""}, {""question"": ""Did they label 2 out of the 3 shaded sections as 2/5?"", ""answer"": ""NO""}, {""question"": ""Did they label each section of the fraction model with 1/5?"", ""answer"": ""NO""}, {""question"": ""Did they write a multiplication sentence?"", ""answer"": ""NO""}]"
1228910,5cf1edad-1788-456e-a635-d15fbcdcadc5.jpeg,"[{""question"": ""Did the student correctly find a product of 6/15, or equivalent?"", ""answer"": ""NO""}, {""question"": ""Did they draw a rectangular fraction model?"", ""answer"": ""YES""}, {""question"": ""Did they group 3 out of the 5 sections to show 3/5?"", ""answer"": ""YES""}, {""question"": ""Did they label 2 out of the 3 shaded sections as 2/5?"", ""answer"": ""YES""}, {""question"": ""Did they label each section of the fraction model with 1/5?"", ""answer"": ""NO""}, {""question"": ""Did they write a multiplication sentence?"", ""answer"": ""NO""}]"
1228910,b67679de-6431-46c5-9380-5f5fc79df859.jpeg,"[{""question"": ""Did the student correctly find a product of 6/15, or equivalent?"", ""answer"": ""YES""}, {""question"": ""Did they draw a rectangular fraction model?"", ""answer"": ""YES""}, {""question"": ""Did they group 3 out of the 5 sections to show 3/5?"", ""answer"": ""YES""}, {""question"": ""Did they label 2 out of the 3 shaded sections as 2/5?"", ""answer"": ""NO""}, {""question"": ""Did they label each section of the fraction model with 1/5?"", ""answer"": ""YES""}, {""question"": ""Did they write a multiplication sentence?"", ""answer"": ""YES""}]"
1228910,be60d7cf-342f-4c3c-a6b4-b0c968c09c5f.jpeg,"[{""question"": ""Did the student correctly find a product of 6/15, or equivalent?"", ""answer"": ""NO""}, {""question"": ""Did they draw a rectangular fraction model?"", ""answer"": ""YES""}, {""question"": ""Did they group 3 out of the 5 sections to show 3/5?"", ""answer"": ""YES""}, {""question"": ""Did they label 2 out of the 3 shaded sections as 2/5?"", ""answer"": ""YES""}, {""question"": ""Did they label each section of the fraction model with 1/5?"", ""answer"": ""YES""}, {""question"": ""Did they write a multiplication sentence?"", ""answer"": ""NO""}]"
1228910,daec0d73-946b-48ad-b4c8-ff29015ffe70.jpeg,"[{""question"": ""Did the student correctly find a product of 6/15, or equivalent?"", ""answer"": ""YES""}, {""question"": ""Did they draw a rectangular fraction model?"", ""answer"": ""YES""}, {""question"": ""Did they group 3 out of the 5 sections to show 3/5?"", ""answer"": ""YES""}, {""question"": ""Did they label 2 out of the 3 shaded sections as 2/5?"", ""answer"": ""NO""}, {""question"": ""Did they label each section of the fraction model with 1/5?"", ""answer"": ""NO""}, {""question"": ""Did they write a multiplication sentence?"", ""answer"": ""YES""}]"
1228910,dd3836f0-cecb-4a31-90b5-62a44cd054dc.jpeg,"[{""question"": ""Did the student correctly find a product of 6/15, or equivalent?"", ""answer"": ""YES""}, {""question"": ""Did they draw a rectangular fraction model?"", ""answer"": ""YES""}, {""question"": ""Did they group 3 out of the 5 sections to show 3/5?"", ""answer"": ""YES""}, {""question"": ""Did they label 2 out of the 3 shaded sections as 2/5?"", ""answer"": ""NO""}, {""question"": ""Did they label each section of the fraction model with 1/5?"", ""answer"": ""NO""}, {""question"": ""Did they write a multiplication sentence?"", ""answer"": ""NO""}]"
1228910,df9baea9-8710-4db3-bdb7-0ca8cec268f5.jpeg,"[{""question"": ""Did the student correctly find a product of 6/15, or equivalent?"", ""answer"": ""YES""}, {""question"": ""Did they draw a rectangular fraction model?"", ""answer"": ""YES""}, {""question"": ""Did they group 3 out of the 5 sections to show 3/5?"", ""answer"": ""NO""}, {""question"": ""Did they label 2 out of the 3 shaded sections as 2/5?"", ""answer"": ""NO""}, {""question"": ""Did they label each section of the fraction model with 1/5?"", ""answer"": ""NO""}, {""question"": ""Did they write a multiplication sentence?"", ""answer"": ""YES""}]"
1228910,e34c8b99-04fa-464a-8d5c-365d94dfab8a.jpeg,"[{""question"": ""Did the student correctly find a product of 6/15, or equivalent?"", ""answer"": ""YES""}, {""question"": ""Did they draw a rectangular fraction model?"", ""answer"": ""YES""}, {""question"": ""Did they group 3 out of the 5 sections to show 3/5?"", ""answer"": ""YES""}, {""question"": ""Did they label 2 out of the 3 shaded sections as 2/5?"", ""answer"": ""NO""}, {""question"": ""Did they label each section of the fraction model with 1/5?"", ""answer"": ""NO""}, {""question"": ""Did they write a multiplication sentence?"", ""answer"": ""YES""}]"
1228910,edaf68a3-a81c-4a82-b3a5-04f889735a1d.jpeg,"[{""question"": ""Did the student correctly find a product of 6/15, or equivalent?"", ""answer"": ""YES""}, {""question"": ""Did they draw a rectangular fraction model?"", ""answer"": ""YES""}, {""question"": ""Did they group 3 out of the 5 sections to show 3/5?"", ""answer"": ""YES""}, {""question"": ""Did they label 2 out of the 3 shaded sections as 2/5?"", ""answer"": ""YES""}, {""question"": ""Did they label each section of the fraction model with 1/5?"", ""answer"": ""NO""}, {""question"": ""Did they write a multiplication sentence?"", ""answer"": ""NO""}]"
1228910,ffa27498-336f-43d1-b598-be01d8371310.jpeg,"[{""question"": ""Did the student correctly find a product of 6/15, or equivalent?"", ""answer"": ""YES""}, {""question"": ""Did they draw a rectangular fraction model?"", ""answer"": ""YES""}, {""question"": ""Did they group 3 out of the 5 sections to show 3/5?"", ""answer"": ""YES""}, {""question"": ""Did they label 2 out of the 3 shaded sections as 2/5?"", ""answer"": ""NO""}, {""question"": ""Did they label each section of the fraction model with 1/5?"", ""answer"": ""NO""}, {""question"": ""Did they write a multiplication sentence?"", ""answer"": ""NO""}]"
1229255,08209a0b-89f8-416c-9606-a3d076dc7da7.jpeg,[]
1229255,29cce8ad-041f-4cb9-b16f-a1a79db6d887.png,[]
1229255,347d2568-37fe-417f-b0df-9b448f4ffea4.jpeg,[]
1229255,4cfca413-1f98-4eff-b620-e0c541a7932c.jpeg,[]
1229255,5fad3153-881e-4bc4-8357-b21c0efd364b.jpeg,[]
1229255,68810d6c-8704-40a3-adeb-ec7ed9226ad6.jpeg,[]
1229255,6fc3396f-e881-4685-b681-5f8cd384f92c.jpeg,[]
1229255,929326ce-aa28-4441-8f08-6a9b04363424.jpeg,[]
1229255,9600faf0-2128-4d9a-ad86-c6ba643036a8.jpeg,[]
1229255,a49304af-08ce-4896-92e6-0858e535f947.jpeg,[]
1229255,a5069c42-4372-4da0-bc08-9561e5cf355c.jpeg,[]
1229255,d45bc48f-2831-433d-bf00-8b4f7a14fcbf.jpeg,[]
1229255,f9ed75f8-118e-4dfb-b504-27b22162d4cd.jpeg,[]
1287671,061b5696-1fb4-493a-8bbf-20265ee2e6c1.jpeg,"[{""question"": ""Did the student correctly represent that the value of each digit increases by two place values?"", ""answer"": ""YES""}, {""question"": ""Did the student correctly state that the product was 345.2?"", ""answer"": ""YES""}]"
1287671,13a25894-8c1d-4e7e-9f5f-2a937dbfebce.jpeg,"[{""question"": ""Did the student correctly represent that the value of each digit increases by two place values?"", ""answer"": ""YES""}, {""question"": ""Did the student correctly state that the product was 345.2?"", ""answer"": ""YES""}]"
1287671,275f3f7a-c03b-445c-99f4-c072e4700574.jpeg,"[{""question"": ""Did the student correctly represent that the value of each digit increases by two place values?"", ""answer"": ""NO""}, {""question"": ""Did the student correctly state that the product was 345.2?"", ""answer"": ""YES""}]"
1287671,33a04e50-e993-4807-ac2e-1198343b7783.jpeg,"[{""question"": ""Did the student correctly represent that the value of each digit increases by two place values?"", ""answer"": ""NO""}, {""question"": ""Did the student correctly state that the product was 345.2?"", ""answer"": ""NO""}]"
1287671,35a5a317-578c-4779-8fee-df3a12c5c5d3.jpeg,"[{""question"": ""Did the student correctly represent that the value of each digit increases by two place values?"", ""answer"": ""NO""}, {""question"": ""Did the student correctly state that the product was 345.2?"", ""answer"": ""YES""}]"
1287671,459d01da-0ddd-466d-be20-abeda5acd101.jpeg,"[{""question"": ""Did the student correctly represent that the value of each digit increases by two place values?"", ""answer"": ""NO""}, {""question"": ""Did the student correctly state that the product was 345.2?"", ""answer"": ""NO""}]"
1287671,78ddb27b-d0a8-4e3d-b793-789646beaf4a.jpeg,"[{""question"": ""Did the student correctly represent that the value of each digit increases by two place values?"", ""answer"": ""YES""}, {""question"": ""Did the student correctly state that the product was 345.2?"", ""answer"": ""YES""}]"
1287671,97860ae0-6cf7-4d98-a9ad-e84c03db3ec5.jpeg,"[{""question"": ""Did the student correctly represent that the value of each digit increases by two place values?"", ""answer"": ""YES""}, {""question"": ""Did the student correctly state that the product was 345.2?"", ""answer"": ""YES""}]"
1287671,a969e495-c958-4cb8-893b-e21cb1904898.jpeg,"[{""question"": ""Did the student correctly represent that the value of each digit increases by two place values?"", ""answer"": ""YES""}, {""question"": ""Did the student correctly state that the product was 345.2?"", ""answer"": ""YES""}]"
1287671,be5ae751-c26f-4cd3-8bbb-dbb3840cd5f7.jpeg,"[{""question"": ""Did the student correctly represent that the value of each digit increases by two place values?"", ""answer"": ""YES""}, {""question"": ""Did the student correctly state that the product was 345.2?"", ""answer"": ""YES""}]"
1287671,c9cdabc1-7feb-41b6-8214-0fb8f035e39c.jpeg,"[{""question"": ""Did the student correctly represent that the value of each digit increases by two place values?"", ""answer"": ""YES""}, {""question"": ""Did the student correctly state that the product was 345.2?"", ""answer"": ""NO""}]"
1287671,f62c8669-1156-4702-8917-66729979836e.jpeg,"[{""question"": ""Did the student correctly represent that the value of each digit increases by two place values?"", ""answer"": ""YES""}, {""question"": ""Did the student correctly state that the product was 345.2?"", ""answer"": ""YES""}]"
1287672,3dcea030-04e0-48e7-a065-28491c9719a4.jpeg,"[{""question"": ""Did the student correctly identify that dividing by 100 shifts the digits two place values to the right?"", ""answer"": ""NO""}, {""question"": ""Did the student identify the correct quotient of 3.45?"", ""answer"": ""NO""}]"
1287672,5fc02617-3987-47f4-99b5-1557cf2ff1ea.jpeg,"[{""question"": ""Did the student correctly identify that dividing by 100 shifts the digits two place values to the right?"", ""answer"": ""NO""}, {""question"": ""Did the student identify the correct quotient of 3.45?"", ""answer"": ""NO""}]"
1287672,63f5077f-d829-42f0-be19-50bedd91845c.jpeg,"[{""question"": ""Did the student correctly identify that dividing by 100 shifts the digits two place values to the right?"", ""answer"": ""YES""}, {""question"": ""Did the student identify the correct quotient of 3.45?"", ""answer"": ""YES""}]"
1287672,75753237-57f7-4a42-8211-0405c64e77b7.jpeg,"[{""question"": ""Did the student correctly identify that dividing by 100 shifts the digits two place values to the right?"", ""answer"": ""NO""}, {""question"": ""Did the student identify the correct quotient of 3.45?"", ""answer"": ""NO""}]"
1287672,759e66c9-d21b-4ceb-8739-61e1cd51de64.jpeg,"[{""question"": ""Did the student correctly identify that dividing by 100 shifts the digits two place values to the right?"", ""answer"": ""YES""}, {""question"": ""Did the student identify the correct quotient of 3.45?"", ""answer"": ""YES""}]"
1287672,9036e1e1-ec3b-4fae-af56-9a5caf4451c9.jpeg,"[{""question"": ""Did the student correctly identify that dividing by 100 shifts the digits two place values to the right?"", ""answer"": ""YES""}, {""question"": ""Did the student identify the correct quotient of 3.45?"", ""answer"": ""YES""}]"
1287672,a2afdc87-1df5-437b-aa61-0a9eaa0ed5c9.jpeg,"[{""question"": ""Did the student correctly identify that dividing by 100 shifts the digits two place values to the right?"", ""answer"": ""NO""}, {""question"": ""Did the student identify the correct quotient of 3.45?"", ""answer"": ""YES""}]"
1287672,aa409bf8-c779-4083-a899-e58aebbce2ca.jpeg,"[{""question"": ""Did the student correctly identify that dividing by 100 shifts the digits two place values to the right?"", ""answer"": ""NO""}, {""question"": ""Did the student identify the correct quotient of 3.45?"", ""answer"": ""NO""}]"
1287672,b2c2c39d-b36c-4afb-a259-87737863883f.jpeg,"[{""question"": ""Did the student correctly identify that dividing by 100 shifts the digits two place values to the right?"", ""answer"": ""YES""}, {""question"": ""Did the student identify the correct quotient of 3.45?"", ""answer"": ""YES""}]"
1287672,cc6af163-b437-4d84-8e1e-d937b7acb38d.jpeg,"[{""question"": ""Did the student correctly identify that dividing by 100 shifts the digits two place values to the right?"", ""answer"": ""YES""}, {""question"": ""Did the student identify the correct quotient of 3.45?"", ""answer"": ""YES""}]"
1287672,ddef0be2-a077-49d7-8882-cafbf103adf5.jpeg,"[{""question"": ""Did the student correctly identify that dividing by 100 shifts the digits two place values to the right?"", ""answer"": ""YES""}, {""question"": ""Did the student identify the correct quotient of 3.45?"", ""answer"": ""YES""}]"
1287672,ef9d8e36-2162-4798-b396-7f8ce789c222.jpeg,"[{""question"": ""Did the student correctly identify that dividing by 100 shifts the digits two place values to the right?"", ""answer"": ""NO""}, {""question"": ""Did the student identify the correct quotient of 3.45?"", ""answer"": ""NO""}]"
1287672,efb3633b-d107-4d1a-a330-1e3cb97ad0e5.jpeg,"[{""question"": ""Did the student correctly identify that dividing by 100 shifts the digits two place values to the right?"", ""answer"": ""YES""}, {""question"": ""Did the student identify the correct quotient of 3.45?"", ""answer"": ""YES""}]"
1287672,f8069aed-b3ca-4289-8dfe-1dc16d486809.jpeg,"[{""question"": ""Did the student correctly identify that dividing by 100 shifts the digits two place values to the right?"", ""answer"": ""NO""}, {""question"": ""Did the student identify the correct quotient of 3.45?"", ""answer"": ""NO""}]"
1287672,fac41e96-d966-4709-868d-52d53ac4ce2b.jpeg,"[{""question"": ""Did the student correctly identify that dividing by 100 shifts the digits two place values to the right?"", ""answer"": ""YES""}, {""question"": ""Did the student identify the correct quotient of 3.45?"", ""answer"": ""YES""}]"
1295292,086f5c88-d5f3-4b51-b0d4-0f5cdb499290.jpeg,"[{""question"": ""Did the student use hundredths number disks to represent 7/100?"", ""answer"": ""YES""}, {""question"": ""Did the student use tenths number disks to represent 7/100?"", ""answer"": ""NO""}]"
1295292,16f58012-5f65-44e2-82a4-fb92814e5155.jpeg,"[{""question"": ""Did the student use hundredths number disks to represent 7/100?"", ""answer"": ""NO""}, {""question"": ""Did the student use tenths number disks to represent 7/100?"", ""answer"": ""YES""}]"
1295292,3450cc5e-58a5-4183-a973-8feba436237c.jpeg,"[{""question"": ""Did the student use hundredths number disks to represent 7/100?"", ""answer"": ""YES""}, {""question"": ""Did the student use tenths number disks to represent 7/100?"", ""answer"": ""NO""}]"
1295292,3a94f87c-6243-4b3a-a703-ddf691f2aa96.jpeg,"[{""question"": ""Did the student use hundredths number disks to represent 7/100?"", ""answer"": ""NO""}, {""question"": ""Did the student use tenths number disks to represent 7/100?"", ""answer"": ""YES""}]"
1295292,3cf68ce6-cd4d-47b9-9f99-440981c3c27a.jpeg,"[{""question"": ""Did the student use hundredths number disks to represent 7/100?"", ""answer"": ""YES""}, {""question"": ""Did the student use tenths number disks to represent 7/100?"", ""answer"": ""NO""}]"
1295292,516536e6-d0df-4567-9dac-5178814ee1fc.jpeg,"[{""question"": ""Did the student use hundredths number disks to represent 7/100?"", ""answer"": ""YES""}, {""question"": ""Did the student use tenths number disks to represent 7/100?"", ""answer"": ""NO""}]"
1295292,520e108b-885a-47e5-b34a-802ab7bb5b87.jpeg,"[{""question"": ""Did the student use hundredths number disks to represent 7/100?"", ""answer"": ""NO""}, {""question"": ""Did the student use tenths number disks to represent 7/100?"", ""answer"": ""YES""}]"
1295292,53108b43-7e5c-45b9-b0de-612ca3f3fe15.jpeg,"[{""question"": ""Did the student use hundredths number disks to represent 7/100?"", ""answer"": ""YES""}, {""question"": ""Did the student use tenths number disks to represent 7/100?"", ""answer"": ""NO""}]"
1295292,873c97b9-85a8-4082-a39f-596da394b39c.jpeg,"[{""question"": ""Did the student use hundredths number disks to represent 7/100?"", ""answer"": ""NO""}, {""question"": ""Did the student use tenths number disks to represent 7/100?"", ""answer"": ""YES""}]"
1295292,9c3d164d-851b-416e-a576-d0ce9d3a9b3f.jpeg,"[{""question"": ""Did the student use hundredths number disks to represent 7/100?"", ""answer"": ""YES""}, {""question"": ""Did the student use tenths number disks to represent 7/100?"", ""answer"": ""YES""}]"
1295292,b8146b21-a4ae-44a5-a85e-19ed2111a002.jpeg,"[{""question"": ""Did the student use hundredths number disks to represent 7/100?"", ""answer"": ""YES""}, {""question"": ""Did the student use tenths number disks to represent 7/100?"", ""answer"": ""NO""}]"
1295292,efee0301-97f6-4201-9727-b1dcb367e528.jpeg,"[{""question"": ""Did the student use hundredths number disks to represent 7/100?"", ""answer"": ""NO""}, {""question"": ""Did the student use tenths number disks to represent 7/100?"", ""answer"": ""NO""}]"
1295292,f4124fe4-eca2-44a4-b32f-7ae157222e97.jpeg,"[{""question"": ""Did the student use hundredths number disks to represent 7/100?"", ""answer"": ""YES""}, {""question"": ""Did the student use tenths number disks to represent 7/100?"", ""answer"": ""YES""}]"
1295301,2578be6b-cf8f-4080-9e13-487cb01a1774.jpeg,[]
1295301,493de345-6e12-43c5-b565-fcd1fd9b17e2.jpeg,"[{""question"": ""Did the student correctly identify that each tick marks represents one tenth or ten hundredths?"", ""answer"": ""NO""}]"
1295301,988cf7fa-cba8-4ea5-843c-ed96c0b94b41.jpeg,"[{""question"": ""Did the student correctly identify that each tick marks represents one tenth or ten hundredths?"", ""answer"": ""NO""}]"
1295301,9b6dab34-9654-4e13-8595-02cfcd586aec.jpeg,"[{""question"": ""Did the student correctly identify that each tick marks represents one tenth or ten hundredths?"", ""answer"": ""NO""}]"
1295301,aa59c3ca-5cf7-4e55-956c-30a85ed38745.jpeg,"[{""question"": ""Did the student correctly identify that each tick marks represents one tenth or ten hundredths?"", ""answer"": ""NO""}]"
1295301,ac6984d7-624b-4b6d-b24f-c33134cd1e84.jpeg,"[{""question"": ""Did the student correctly identify that each tick marks represents one tenth or ten hundredths?"", ""answer"": ""NO""}]"
1295301,afdd7ebf-fd27-4562-8cd7-34f63209b547.jpeg,[]
1295301,b80fe3e0-0af0-403f-8911-0dc5f70a36c2.jpeg,"[{""question"": ""Did the student correctly identify that each tick marks represents one tenth or ten hundredths?"", ""answer"": ""NO""}]"
1295301,bceec425-e158-4286-b5c9-6523009a5a09.jpeg,"[{""question"": ""Did the student correctly identify that each tick marks represents one tenth or ten hundredths?"", ""answer"": ""NO""}]"
1295301,bf53cc1e-85df-4b54-8004-0717c579afca.jpeg,"[{""question"": ""Did the student correctly identify that each tick marks represents one tenth or ten hundredths?"", ""answer"": ""NO""}]"
1295301,e098442b-79b4-41f2-af3c-4da7c6bd9392.jpeg,[]
1295301,e57d12b4-fb2f-4f7b-9a9b-34f2f55978ca.jpeg,[]
1295301,f02b60ac-fd53-4e8c-8628-2a0ce6f21588.jpeg,[]
1295301,fac6c241-9056-42f6-b91d-e39f324fff93.jpeg,"[{""question"": ""Did the student correctly identify that each tick marks represents one tenth or ten hundredths?"", ""answer"": ""NO""}]"
1295366,1d3de175-7315-45d0-b380-2d00b40d6694.jpeg,"[{""question"": ""Did the student find the correct value of 30?"", ""answer"": ""NO""}]"
1295366,27ea8971-deea-4cb3-9a04-faeb4a619130.jpeg,"[{""question"": ""Did the student find the correct value of 30?"", ""answer"": ""NO""}]"
1295366,5002a32f-e248-4fa8-8934-14fdefe9080b.jpeg,"[{""question"": ""Did the student find the correct value of 30?"", ""answer"": ""NO""}]"
1295366,7a492cf4-88a0-4a02-845e-720f87ba055a.jpeg,"[{""question"": ""Did the student find the correct value of 30?"", ""answer"": ""YES""}]"
1295366,7e2b4d1c-9aa0-4d41-b88a-508dfedd01e7.jpeg,"[{""question"": ""Did the student find the correct value of 30?"", ""answer"": ""YES""}]"
1295366,825256f5-eee0-4a87-835c-141f0312f390.jpeg,"[{""question"": ""Did the student find the correct value of 30?"", ""answer"": ""NO""}]"
1295366,9cafdf63-999c-465b-aeb0-54afbd7e6465.jpeg,"[{""question"": ""Did the student find the correct value of 30?"", ""answer"": ""NO""}]"
1295366,ab523c00-adfc-4e97-94c1-24a7f24c5e91.jpeg,"[{""question"": ""Did the student find the correct value of 30?"", ""answer"": ""YES""}]"
1295366,bb9c0d5b-727d-4b8d-83a4-6284caf2dca7.jpeg,"[{""question"": ""Did the student find the correct value of 30?"", ""answer"": ""NO""}]"
1295366,f803dbb5-23c5-4e62-8c6d-858a4313fa0a.jpeg,"[{""question"": ""Did the student find the correct value of 30?"", ""answer"": ""YES""}]"
1295366,fcc2033c-0ca8-48c9-bbc5-5e97642f99d1.jpeg,"[{""question"": ""Did the student find the correct value of 30?"", ""answer"": ""NO""}]"
1295686,0529aff0-625f-45b6-a399-81392614f026.jpeg,[]
1295686,53fc43b7-d77d-43c9-bf23-662a55829029.jpeg,[]
1295686,574e3b65-7d42-4d12-ae80-1735532f3435.jpeg,[]
1295686,65945faa-ac97-400f-8976-36a7dd7be72b.jpeg,[]
1295686,75237aa1-a18f-4bcc-b25e-3f3ff93cbc18.jpeg,[]
1295686,79d90b65-e663-448b-958f-6c15e1cb9828.jpeg,[]
1295686,7b532ae6-ee3d-4cb8-80c0-41b9bf710329.jpeg,[]
1295686,862ece86-f771-440a-9181-3ca5bde9a525.jpeg,[]
1295686,885ed7b0-f2e0-4dce-8ce1-6f4bf4224e13.jpeg,[]
1295686,9711d095-ecc7-408c-9677-1719a35f5095.jpeg,[]
1295686,b90e215a-62fb-421f-935a-06bea75570c0.jpeg,[]
1295686,d51d409c-3df7-452b-b655-4857fa8dbf47.jpeg,[]
1295735,0ce1fba6-d194-40c0-bb53-e4ba3e7f922b.jpeg,[]
1295735,1713ee88-08ac-41a4-bdfd-423abdbe0f61.jpeg,[]
1295735,256ac4c4-a3e2-42f2-8a66-120d715d2396.jpeg,[]
1295735,4c5f30d6-879e-43ac-a952-5de67b2cdb47.jpeg,[]
1295735,7f9f3e91-7bb1-452c-8ad2-211985b7d8fc.jpeg,[]
1295735,a1a5ee0c-15e4-4c43-9203-630c43dc9a9f.jpeg,[]
1295735,ab81953f-7a1f-4f5a-b9c1-503550fafaa3.jpeg,[]
1295735,b12f22dc-c878-4bd0-8d20-a4d6af5e4a24.jpeg,[]
1295735,e51ac369-1b7b-4abf-a971-62ba368889c8.jpeg,[]
1295735,ec19ed3e-4320-4361-9b12-34b120e28ffd.jpeg,[]
1394545,0deaface-1975-472d-bb47-f944df2a43a9.png,"[{""question"": ""Did the student correctly place 11/20 and 55/100 as equivalent on the tape diagram?"", ""answer"": ""YES""}, {""question"": ""Did the student correctly state the percent form of 11/20 is 55%?"", ""answer"": ""YES""}, {""question"": ""Is the tape diagram split into 20ths on one side and hundredths on the other?"", ""answer"": ""YES""}]"
1394545,17631426-c25b-4444-beb9-f38bda2d3063.jpeg,"[{""question"": ""Did the student correctly place 11/20 and 55/100 as equivalent on the tape diagram?"", ""answer"": ""YES""}, {""question"": ""Did the student correctly state the percent form of 11/20 is 55%?"", ""answer"": ""YES""}, {""question"": ""Is the tape diagram split into 20ths on one side and hundredths on the other?"", ""answer"": ""YES""}]"
1394545,22399312-c44b-4ccb-a62f-48ad9f1f3e15.jpeg,"[{""question"": ""Did the student correctly place 11/20 and 55/100 as equivalent on the tape diagram?"", ""answer"": ""NO""}, {""question"": ""Did the student correctly state the percent form of 11/20 is 55%?"", ""answer"": ""NO""}, {""question"": ""Is the tape diagram split into 20ths on one side and hundredths on the other?"", ""answer"": ""NO""}]"
1394545,26783f2c-717e-4211-9ff5-05ef5977da09.jpeg,"[{""question"": ""Did the student correctly place 11/20 and 55/100 as equivalent on the tape diagram?"", ""answer"": ""NO""}, {""question"": ""Did the student correctly state the percent form of 11/20 is 55%?"", ""answer"": ""NO""}, {""question"": ""Is the tape diagram split into 20ths on one side and hundredths on the other?"", ""answer"": ""NO""}]"
1394545,2c9ae801-076d-40c3-99d3-be296a874e4b.jpeg,"[{""question"": ""Did the student correctly place 11/20 and 55/100 as equivalent on the tape diagram?"", ""answer"": ""NO""}, {""question"": ""Did the student correctly state the percent form of 11/20 is 55%?"", ""answer"": ""NO""}, {""question"": ""Is the tape diagram split into 20ths on one side and hundredths on the other?"", ""answer"": ""NO""}]"
1394545,3b4b7ea5-92d0-44f2-b70c-5c82c9e0667c.jpeg,"[{""question"": ""Did the student correctly place 11/20 and 55/100 as equivalent on the tape diagram?"", ""answer"": ""NO""}, {""question"": ""Did the student correctly state the percent form of 11/20 is 55%?"", ""answer"": ""NO""}, {""question"": ""Is the tape diagram split into 20ths on one side and hundredths on the other?"", ""answer"": ""NO""}]"
1394545,48b4b519-a8b5-407f-840c-1dd76bb788f9.jpeg,"[{""question"": ""Did the student correctly place 11/20 and 55/100 as equivalent on the tape diagram?"", ""answer"": ""YES""}, {""question"": ""Did the student correctly state the percent form of 11/20 is 55%?"", ""answer"": ""YES""}, {""question"": ""Is the tape diagram split into 20ths on one side and hundredths on the other?"", ""answer"": ""YES""}]"
1394545,6c47dfce-91a8-4533-a03f-5e588c1966db.jpeg,"[{""question"": ""Did the student correctly place 11/20 and 55/100 as equivalent on the tape diagram?"", ""answer"": ""NO""}, {""question"": ""Did the student correctly state the percent form of 11/20 is 55%?"", ""answer"": ""NO""}, {""question"": ""Is the tape diagram split into 20ths on one side and hundredths on the other?"", ""answer"": ""NO""}]"
1394545,7977424a-07e1-4e8a-af3d-67c5589d384b.jpeg,"[{""question"": ""Did the student correctly place 11/20 and 55/100 as equivalent on the tape diagram?"", ""answer"": ""NO""}, {""question"": ""Did the student correctly state the percent form of 11/20 is 55%?"", ""answer"": ""NO""}, {""question"": ""Is the tape diagram split into 20ths on one side and hundredths on the other?"", ""answer"": ""NO""}]"
1394545,8d183092-d7d4-4c11-905f-bcc746bda25a.jpeg,"[{""question"": ""Did the student correctly place 11/20 and 55/100 as equivalent on the tape diagram?"", ""answer"": ""YES""}, {""question"": ""Did the student correctly state the percent form of 11/20 is 55%?"", ""answer"": ""YES""}, {""question"": ""Is the tape diagram split into 20ths on one side and hundredths on the other?"", ""answer"": ""YES""}]"
1394545,b7c19ddc-69d1-4d63-b33d-4e51b105bde7.jpeg,"[{""question"": ""Did the student correctly place 11/20 and 55/100 as equivalent on the tape diagram?"", ""answer"": ""YES""}, {""question"": ""Did the student correctly state the percent form of 11/20 is 55%?"", ""answer"": ""YES""}, {""question"": ""Is the tape diagram split into 20ths on one side and hundredths on the other?"", ""answer"": ""YES""}]"
1394545,b7d66391-fdf2-42f3-afa2-123830c829b1.jpeg,"[{""question"": ""Did the student correctly place 11/20 and 55/100 as equivalent on the tape diagram?"", ""answer"": ""NO""}, {""question"": ""Did the student correctly state the percent form of 11/20 is 55%?"", ""answer"": ""YES""}, {""question"": ""Is the tape diagram split into 20ths on one side and hundredths on the other?"", ""answer"": ""NO""}]"
1394545,baf9b0ab-410f-4ba1-b8d3-ca1b51c3bdd9.jpeg,"[{""question"": ""Did the student correctly place 11/20 and 55/100 as equivalent on the tape diagram?"", ""answer"": ""NO""}, {""question"": ""Did the student correctly state the percent form of 11/20 is 55%?"", ""answer"": ""NO""}, {""question"": ""Is the tape diagram split into 20ths on one side and hundredths on the other?"", ""answer"": ""NO""}]"
1394545,dc4f8b22-ab5e-4f30-bbcc-561a84c0e09f.jpeg,"[{""question"": ""Did the student correctly place 11/20 and 55/100 as equivalent on the tape diagram?"", ""answer"": ""NO""}, {""question"": ""Did the student correctly state the percent form of 11/20 is 55%?"", ""answer"": ""YES""}, {""question"": ""Is the tape diagram split into 20ths on one side and hundredths on the other?"", ""answer"": ""NO""}]"
1394545,e5d59a95-4097-4d1a-b235-e9b001dba8dc.jpeg,"[{""question"": ""Did the student correctly place 11/20 and 55/100 as equivalent on the tape diagram?"", ""answer"": ""NO""}, {""question"": ""Did the student correctly state the percent form of 11/20 is 55%?"", ""answer"": ""NO""}, {""question"": ""Is the tape diagram split into 20ths on one side and hundredths on the other?"", ""answer"": ""NO""}]"
1425492,16cc496f-878d-42ba-a0f2-74c3c7631ce9.jpeg,"[{""question"": ""Did the student correctly idenitfy the quotient as 4?"", ""answer"": ""YES""}, {""question"": ""Did the student correctly show that there are four copies of 1/5 in 4/5?"", ""answer"": ""YES""}]"
1425492,1b6dc27b-7a8f-49c4-a80a-7f5a43a55bad.jpeg,"[{""question"": ""Did the student correctly idenitfy the quotient as 4?"", ""answer"": ""YES""}, {""question"": ""Did the student correctly show that there are four copies of 1/5 in 4/5?"", ""answer"": ""NO""}]"
1425492,2fa89458-8057-4403-956d-5f70284c7f9d.jpeg,"[{""question"": ""Did the student correctly idenitfy the quotient as 4?"", ""answer"": ""NO""}, {""question"": ""Did the student correctly show that there are four copies of 1/5 in 4/5?"", ""answer"": ""NO""}]"
1425492,3593dac2-c5c5-4d9d-98d0-ced3192494f2.jpeg,"[{""question"": ""Did the student correctly idenitfy the quotient as 4?"", ""answer"": ""YES""}, {""question"": ""Did the student correctly show that there are four copies of 1/5 in 4/5?"", ""answer"": ""NO""}]"
1425492,6446ad15-f74d-4b01-88c2-8cbf6d5eb784.jpeg,"[{""question"": ""Did the student correctly idenitfy the quotient as 4?"", ""answer"": ""NO""}, {""question"": ""Did the student correctly show that there are four copies of 1/5 in 4/5?"", ""answer"": ""NO""}]"
1425492,9700a08b-c429-4204-9d30-58c938a0b0db.jpeg,"[{""question"": ""Did the student correctly idenitfy the quotient as 4?"", ""answer"": ""YES""}, {""question"": ""Did the student correctly show that there are four copies of 1/5 in 4/5?"", ""answer"": ""NO""}]"
1425492,a6b2bf44-c2d3-4237-958b-c1ff4bc800a6.jpeg,"[{""question"": ""Did the student correctly idenitfy the quotient as 4?"", ""answer"": ""YES""}, {""question"": ""Did the student correctly show that there are four copies of 1/5 in 4/5?"", ""answer"": ""YES""}]"
1425492,b359b18a-91ff-4be8-a75c-18669cfaa043.jpeg,"[{""question"": ""Did the student correctly idenitfy the quotient as 4?"", ""answer"": ""YES""}, {""question"": ""Did the student correctly show that there are four copies of 1/5 in 4/5?"", ""answer"": ""NO""}]"
1425492,b66a1a91-f0b2-41f4-a991-a39338d5dd35.jpeg,"[{""question"": ""Did the student correctly idenitfy the quotient as 4?"", ""answer"": ""YES""}, {""question"": ""Did the student correctly show that there are four copies of 1/5 in 4/5?"", ""answer"": ""YES""}]"
1425492,cc3525ab-c264-4b3a-b919-d36f0743c0fd.jpeg,"[{""question"": ""Did the student correctly idenitfy the quotient as 4?"", ""answer"": ""YES""}]"
1425492,ce155339-1437-4881-ac36-8dcfeb1f3449.jpeg,"[{""question"": ""Did the student correctly idenitfy the quotient as 4?"", ""answer"": ""YES""}, {""question"": ""Did the student correctly show that there are four copies of 1/5 in 4/5?"", ""answer"": ""NO""}]"
1425492,dc06a66c-fca5-4ee3-a3e2-97c153db5f5a.jpeg,"[{""question"": ""Did the student correctly idenitfy the quotient as 4?"", ""answer"": ""YES""}, {""question"": ""Did the student correctly show that there are four copies of 1/5 in 4/5?"", ""answer"": ""YES""}]"
1425504,0a3dbc72-f09e-4436-b28b-dd59d8a73668.png,"[{""question"": ""Did the student correctly show that there are 2 copies of 4/9 in 8/9?"", ""answer"": ""YES""}, {""question"": ""Did the student correctly state that the quotient is 2?"", ""answer"": ""NO""}]"
1425504,28e956fe-c7b5-43c8-b3d3-f95c5cf51add.jpeg,"[{""question"": ""Did the student correctly show that there are 2 copies of 4/9 in 8/9?"", ""answer"": ""YES""}, {""question"": ""Did the student correctly state that the quotient is 2?"", ""answer"": ""YES""}]"
1425504,3149a5bb-5dcf-472a-9ad6-a3f2b7abb3f2.jpeg,"[{""question"": ""Did the student correctly show that there are 2 copies of 4/9 in 8/9?"", ""answer"": ""YES""}, {""question"": ""Did the student correctly state that the quotient is 2?"", ""answer"": ""YES""}]"
1425504,3417db4d-d68a-4fca-90ca-1ab5eee89f64.jpeg,"[{""question"": ""Did the student correctly show that there are 2 copies of 4/9 in 8/9?"", ""answer"": ""NO""}, {""question"": ""Did the student correctly state that the quotient is 2?"", ""answer"": ""NO""}]"
1425504,346ff603-a000-422a-be0d-92d912bdf598.jpeg,"[{""question"": ""Did the student correctly show that there are 2 copies of 4/9 in 8/9?"", ""answer"": ""YES""}, {""question"": ""Did the student correctly state that the quotient is 2?"", ""answer"": ""YES""}]"
1425504,40a15545-ccdb-42cd-b385-a03d5e9a81ae.jpeg,"[{""question"": ""Did the student correctly show that there are 2 copies of 4/9 in 8/9?"", ""answer"": ""YES""}, {""question"": ""Did the student correctly state that the quotient is 2?"", ""answer"": ""NO""}]"
1425504,47c36ef9-695b-4b1a-9ae5-b9c88a682ca1.jpeg,"[{""question"": ""Did the student correctly show that there are 2 copies of 4/9 in 8/9?"", ""answer"": ""YES""}, {""question"": ""Did the student correctly state that the quotient is 2?"", ""answer"": ""YES""}]"
1425504,5998646a-388e-4577-9499-c59a22b5756e.jpeg,"[{""question"": ""Did the student correctly show that there are 2 copies of 4/9 in 8/9?"", ""answer"": ""YES""}, {""question"": ""Did the student correctly state that the quotient is 2?"", ""answer"": ""YES""}]"
1425504,6d093706-6c4f-4ac1-840f-569d10b5d6f6.jpeg,"[{""question"": ""Did the student correctly show that there are 2 copies of 4/9 in 8/9?"", ""answer"": ""NO""}, {""question"": ""Did the student correctly state that the quotient is 2?"", ""answer"": ""YES""}]"
1425504,74c6ca7c-ba43-44a5-9376-35494dce3765.jpeg,"[{""question"": ""Did the student correctly show that there are 2 copies of 4/9 in 8/9?"", ""answer"": ""YES""}, {""question"": ""Did the student correctly state that the quotient is 2?"", ""answer"": ""NO""}]"
1425504,925d3d15-a7a6-456d-93bf-a008a14574dd.jpeg,"[{""question"": ""Did the student correctly show that there are 2 copies of 4/9 in 8/9?"", ""answer"": ""YES""}, {""question"": ""Did the student correctly state that the quotient is 2?"", ""answer"": ""YES""}]"
1425504,a0b14cf0-45a4-4362-98c7-41bd763dcbc8.jpeg,"[{""question"": ""Did the student correctly show that there are 2 copies of 4/9 in 8/9?"", ""answer"": ""NO""}, {""question"": ""Did the student correctly state that the quotient is 2?"", ""answer"": ""YES""}]"
1425504,a1d75a83-638c-4216-abbc-dd56e000ada6.jpeg,"[{""question"": ""Did the student correctly show that there are 2 copies of 4/9 in 8/9?"", ""answer"": ""YES""}, {""question"": ""Did the student correctly state that the quotient is 2?"", ""answer"": ""YES""}]"
1425504,f4618f09-5e26-444f-92cd-e8743fbfdd34.jpeg,"[{""question"": ""Did the student correctly show that there are 2 copies of 4/9 in 8/9?"", ""answer"": ""YES""}, {""question"": ""Did the student correctly state that the quotient is 2?"", ""answer"": ""NO""}]"
1425504,f82a333b-312c-4b2f-8738-a59af93068b0.png,"[{""question"": ""Did the student correctly show that there are 2 copies of 4/9 in 8/9?"", ""answer"": ""YES""}, {""question"": ""Did the student correctly state that the quotient is 2?"", ""answer"": ""NO""}]"
1425516,1ac7d70e-d7e4-4d69-b041-b1156f83357d.jpeg,"[{""question"": ""Did the student correctly show that there are 5 copies of 3/4 in 15/4?"", ""answer"": ""YES""}, {""question"": ""Did the student correctly state the quotient is 5?"", ""answer"": ""YES""}]"
1425516,1e8ae4fa-7d24-4460-9962-41f85ba440c8.jpeg,"[{""question"": ""Did the student correctly show that there are 5 copies of 3/4 in 15/4?"", ""answer"": ""YES""}, {""question"": ""Did the student correctly state the quotient is 5?"", ""answer"": ""YES""}]"
1425516,3b53eff2-4e04-42b8-96f3-85c104efc05e.jpeg,"[{""question"": ""Did the student correctly show that there are 5 copies of 3/4 in 15/4?"", ""answer"": ""NO""}, {""question"": ""Did the student correctly state the quotient is 5?"", ""answer"": ""NO""}]"
1425516,5a1c795e-ee9b-4acd-8c94-96891f03b325.jpeg,"[{""question"": ""Did the student correctly show that there are 5 copies of 3/4 in 15/4?"", ""answer"": ""NO""}, {""question"": ""Did the student correctly state the quotient is 5?"", ""answer"": ""YES""}]"
1425516,994e542d-432a-4daa-abd3-e72beffc3b9d.jpeg,"[{""question"": ""Did the student correctly show that there are 5 copies of 3/4 in 15/4?"", ""answer"": ""YES""}, {""question"": ""Did the student correctly state the quotient is 5?"", ""answer"": ""YES""}]"
1425516,b1d26452-e43b-4642-a222-e450f33c64dc.jpeg,"[{""question"": ""Did the student correctly show that there are 5 copies of 3/4 in 15/4?"", ""answer"": ""YES""}, {""question"": ""Did the student correctly state the quotient is 5?"", ""answer"": ""YES""}]"
1425516,c180ca48-b359-42d6-ac10-dd575ddcbace.jpeg,"[{""question"": ""Did the student correctly show that there are 5 copies of 3/4 in 15/4?"", ""answer"": ""YES""}, {""question"": ""Did the student correctly state the quotient is 5?"", ""answer"": ""YES""}]"
1425516,c499523d-91e8-4bfa-954f-3a6631b3b0a2.jpeg,"[{""question"": ""Did the student correctly show that there are 5 copies of 3/4 in 15/4?"", ""answer"": ""YES""}, {""question"": ""Did the student correctly state the quotient is 5?"", ""answer"": ""YES""}]"
1425516,c8d194e9-a2e7-46c0-92e5-7b11464a2abc.jpeg,"[{""question"": ""Did the student correctly show that there are 5 copies of 3/4 in 15/4?"", ""answer"": ""YES""}, {""question"": ""Did the student correctly state the quotient is 5?"", ""answer"": ""YES""}]"
1425516,d979bdda-c349-4b2a-8701-47e9cfd93e53.jpeg,"[{""question"": ""Did the student correctly show that there are 5 copies of 3/4 in 15/4?"", ""answer"": ""NO""}, {""question"": ""Did the student correctly state the quotient is 5?"", ""answer"": ""YES""}]"
1425516,e5575464-86e4-4d87-9bdb-54d87d8e43ae.jpeg,"[{""question"": ""Did the student correctly show that there are 5 copies of 3/4 in 15/4?"", ""answer"": ""NO""}, {""question"": ""Did the student correctly state the quotient is 5?"", ""answer"": ""NO""}]"
1425516,ef82a23b-952c-4ec5-bd90-5eaf94a09b2a.jpeg,"[{""question"": ""Did the student correctly show that there are 5 copies of 3/4 in 15/4?"", ""answer"": ""NO""}, {""question"": ""Did the student correctly state the quotient is 5?"", ""answer"": ""YES""}]"
1425521,37a0fdce-883c-4445-83bd-6496d277f4b2.jpeg,"[{""question"": ""Did the student draw a model representing 13/5 divided by 4/5?"", ""answer"": ""NO""}]"
1425521,76bb2f09-2adf-410b-b947-fd63f3a49e95.jpeg,"[{""question"": ""Did the student draw a model representing 13/5 divided by 4/5?"", ""answer"": ""NO""}]"
1425521,904b67d0-855b-47bd-ab94-12ede85bb9ca.jpeg,"[{""question"": ""Did the student draw a model representing 13/5 divided by 4/5?"", ""answer"": ""YES""}]"
1425521,94e8d078-8441-4a5c-b768-55957a49a65c.jpeg,"[{""question"": ""Did the student draw a model representing 13/5 divided by 4/5?"", ""answer"": ""NO""}]"
1425521,ba2684ff-0b17-4bbd-a55f-cd360eaf4b59.jpeg,"[{""question"": ""Did the student draw a model representing 13/5 divided by 4/5?"", ""answer"": ""YES""}]"
1425521,c373ab4d-fbb5-4412-9121-8bcdb085c8e1.jpeg,"[{""question"": ""Did the student draw a model representing 13/5 divided by 4/5?"", ""answer"": ""NO""}]"
1425521,dce9c993-0301-4747-be61-8faddd746245.jpeg,"[{""question"": ""Did the student draw a model representing 13/5 divided by 4/5?"", ""answer"": ""YES""}]"
1425521,e6042b29-143c-4267-bf00-1f3c0dd42c71.jpeg,"[{""question"": ""Did the student draw a model representing 13/5 divided by 4/5?"", ""answer"": ""YES""}]"
1427205,42b49556-72f3-4315-bdc2-674f61e84d1a.jpeg,"[{""question"": ""Did the student correctly represent the values of -8 and 12?"", ""answer"": ""NO""}]"
1427205,54a2faef-d1da-49be-9383-af407501d452.jpeg,"[{""question"": ""Did the student correctly represent the values of -8 and 12?"", ""answer"": ""NO""}]"
1427205,5977bb2d-7d59-46b2-819d-660b09ade84b.jpeg,"[{""question"": ""Did the student correctly represent the values of -8 and 12?"", ""answer"": ""YES""}]"
1427205,5d0ed4fe-96db-4bc3-a7c3-c3c3ae9085a5.jpeg,"[{""question"": ""Did the student correctly represent the values of -8 and 12?"", ""answer"": ""NO""}]"
1427205,65a38cc1-4226-4644-95ea-81bcdf6f30b6.jpeg,"[{""question"": ""Did the student correctly represent the values of -8 and 12?"", ""answer"": ""YES""}]"
1427205,6f0e84d0-721b-49d6-8e85-15a4daa12556.jpeg,"[{""question"": ""Did the student correctly represent the values of -8 and 12?"", ""answer"": ""YES""}]"
1427205,77845ffb-459d-4e91-9884-9e27e8902805.jpeg,"[{""question"": ""Did the student correctly represent the values of -8 and 12?"", ""answer"": ""YES""}]"
1427205,987d5a41-1e77-4a4b-baab-d514459838b1.png,"[{""question"": ""Did the student correctly represent the values of -8 and 12?"", ""answer"": ""NO""}]"
1427205,9c1cf24d-0b97-4951-94f1-0bb56e4d478d.jpeg,"[{""question"": ""Did the student correctly represent the values of -8 and 12?"", ""answer"": ""NO""}]"
1427205,b9cc682d-3f10-473c-a205-de10c9453e04.jpeg,"[{""question"": ""Did the student correctly represent the values of -8 and 12?"", ""answer"": ""YES""}]"
1427205,e607c4e4-9c8d-4e0e-a165-9112201abd51.jpeg,"[{""question"": ""Did the student correctly represent the values of -8 and 12?"", ""answer"": ""YES""}]"
1427205,ec2a6a8c-f827-4879-a5bb-2cc9cbacd565.jpeg,"[{""question"": ""Did the student correctly represent the values of -8 and 12?"", ""answer"": ""NO""}]"
1427205,f5c31db0-f109-4a3b-b8a3-f3e1d37aa4dc.jpeg,"[{""question"": ""Did the student correctly represent the values of -8 and 12?"", ""answer"": ""YES""}]"
1427205,fec1d233-0627-488f-b167-3efd7822f506.jpeg,"[{""question"": ""Did the student correctly represent the values of -8 and 12?"", ""answer"": ""YES""}]"
1427209,18b684e1-bffc-4d8e-ae54-c7b869bbe56e.jpeg,"[{""question"": ""Does the student correctly show that the opposite of the opposite of a negative number is negative?"", ""answer"": ""YES""}, {""question"": ""Does the student's equation match their number line model?"", ""answer"": ""NO""}]"
1427209,37140b66-ce57-4790-bccc-89f33940f565.jpeg,"[{""question"": ""Does the student correctly show that the opposite of the opposite of a negative number is negative?"", ""answer"": ""NO""}, {""question"": ""Does the student's equation match their number line model?"", ""answer"": ""NO""}]"
1427209,43a93ca6-3124-4dd7-8b74-e6588eb0ae1e.png,"[{""question"": ""Does the student correctly show that the opposite of the opposite of a negative number is negative?"", ""answer"": ""NO""}, {""question"": ""Does the student's equation match their number line model?"", ""answer"": ""NO""}]"
1427209,87dbf4a9-ff13-496e-afa5-9a7f20d5ffa0.jpeg,"[{""question"": ""Does the student correctly show that the opposite of the opposite of a negative number is negative?"", ""answer"": ""YES""}, {""question"": ""Does the student's equation match their number line model?"", ""answer"": ""NO""}]"
1427209,900dc9c8-a3c4-49f3-81b8-0ca0fc41309f.jpeg,"[{""question"": ""Does the student correctly show that the opposite of the opposite of a negative number is negative?"", ""answer"": ""NO""}, {""question"": ""Does the student's equation match their number line model?"", ""answer"": ""NO""}]"
1427209,9dc5b6d2-35e8-4d9b-ba5a-09744137b4d2.jpeg,"[{""question"": ""Does the student correctly show that the opposite of the opposite of a negative number is negative?"", ""answer"": ""NO""}, {""question"": ""Does the student's equation match their number line model?"", ""answer"": ""NO""}]"
1427209,a694be05-3b87-4ca2-8d39-9959d40914f0.jpeg,"[{""question"": ""Does the student correctly show that the opposite of the opposite of a negative number is negative?"", ""answer"": ""NO""}, {""question"": ""Does the student's equation match their number line model?"", ""answer"": ""NO""}]"
1427209,bfc8a75c-2bfe-4d99-bb58-64c188df41dc.jpeg,"[{""question"": ""Does the student correctly show that the opposite of the opposite of a negative number is negative?"", ""answer"": ""NO""}, {""question"": ""Does the student's equation match their number line model?"", ""answer"": ""NO""}]"
1427209,d41c2830-0335-4084-be18-cd89e7c5466e.jpeg,"[{""question"": ""Does the student correctly show that the opposite of the opposite of a negative number is negative?"", ""answer"": ""NO""}, {""question"": ""Does the student's equation match their number line model?"", ""answer"": ""YES""}]"
1427209,de5d9200-d4c5-4075-87a1-a08351cd84fe.jpeg,"[{""question"": ""Does the student correctly show that the opposite of the opposite of a negative number is negative?"", ""answer"": ""NO""}, {""question"": ""Does the student's equation match their number line model?"", ""answer"": ""NO""}]"
1427209,eac4aa77-6d26-4389-a388-eff07608b16a.jpeg,"[{""question"": ""Does the student correctly show that the opposite of the opposite of a negative number is negative?"", ""answer"": ""NO""}, {""question"": ""Does the student's equation match their number line model?"", ""answer"": ""NO""}]"
1427209,ee33d4ad-b724-4d27-8511-c8e0d6061a36.jpeg,"[{""question"": ""Does the student correctly show that the opposite of the opposite of a negative number is negative?"", ""answer"": ""NO""}, {""question"": ""Does the student's equation match their number line model?"", ""answer"": ""NO""}]"
1427209,f67d5b8f-b9a1-4c25-a72d-38b1e6f1c23d.png,"[{""question"": ""Does the student correctly show that the opposite of the opposite of a negative number is negative?"", ""answer"": ""YES""}, {""question"": ""Does the student's equation match their number line model?"", ""answer"": ""YES""}]"
1458767,0d6fb627-3fcc-4967-adfb-4b3516a34c2d.jpeg,"[{""question"": ""Are the other ratios equivalent to the ratio 3:5?"", ""answer"": ""YES""}, {""question"": ""Did the student include the ratio 3:5 in the first row of data?"", ""answer"": ""YES""}]"
1458767,3409b602-2201-4e19-856f-9b66e30d8a9b.jpeg,"[{""question"": ""Are the other ratios equivalent to the ratio 3:5?"", ""answer"": ""YES""}, {""question"": ""Did the student include the ratio 3:5 in the first row of data?"", ""answer"": ""YES""}]"
1458767,356d0b29-d230-4b4c-844c-788ccc6c2566.jpeg,"[{""question"": ""Are the other ratios equivalent to the ratio 3:5?"", ""answer"": ""YES""}, {""question"": ""Did the student include the ratio 3:5 in the first row of data?"", ""answer"": ""YES""}]"
1458767,4142963b-8912-4f53-a436-7f1ba361ce27.jpeg,"[{""question"": ""Are the other ratios equivalent to the ratio 3:5?"", ""answer"": ""YES""}, {""question"": ""Did the student include the ratio 3:5 in the first row of data?"", ""answer"": ""YES""}]"
1458767,58e80a3e-476a-4b54-9998-861498664d3b.png,"[{""question"": ""Are the other ratios equivalent to the ratio 3:5?"", ""answer"": ""YES""}, {""question"": ""Did the student include the ratio 3:5 in the first row of data?"", ""answer"": ""YES""}]"
1458767,6eb878b1-8cf3-48c1-be37-a1fd85bcbd53.jpeg,"[{""question"": ""Are the other ratios equivalent to the ratio 3:5?"", ""answer"": ""YES""}, {""question"": ""Did the student include the ratio 3:5 in the first row of data?"", ""answer"": ""YES""}]"
1458767,a2e8664a-e023-473f-960e-aea8372d1ac1.jpeg,"[{""question"": ""Are the other ratios equivalent to the ratio 3:5?"", ""answer"": ""NO""}, {""question"": ""Did the student include the ratio 3:5 in the first row of data?"", ""answer"": ""YES""}]"
1458767,b3891a51-271d-43a1-bcd8-83960a8a0260.png,"[{""question"": ""Are the other ratios equivalent to the ratio 3:5?"", ""answer"": ""YES""}, {""question"": ""Did the student include the ratio 3:5 in the first row of data?"", ""answer"": ""YES""}]"
1458767,b4138fdf-36da-4598-9582-058d1e18c84c.png,"[{""question"": ""Are the other ratios equivalent to the ratio 3:5?"", ""answer"": ""YES""}, {""question"": ""Did the student include the ratio 3:5 in the first row of data?"", ""answer"": ""YES""}]"
1458767,e8f31625-cd9c-428a-b721-19081928ca2b.jpeg,"[{""question"": ""Are the other ratios equivalent to the ratio 3:5?"", ""answer"": ""YES""}, {""question"": ""Did the student include the ratio 3:5 in the first row of data?"", ""answer"": ""YES""}, {""question"": ""Is this discription accurate the to text?"", ""answer"": ""NO""}]"
1458767,f5c2e5d3-6329-4a00-883c-d14ceb1d35d2.jpeg,"[{""question"": ""Are the other ratios equivalent to the ratio 3:5?"", ""answer"": ""YES""}, {""question"": ""Did the student include the ratio 3:5 in the first row of data?"", ""answer"": ""YES""}]"
1458773,0919bfa0-6991-491a-8765-f6a615a50780.jpeg,[]
1458773,0fbcc0d2-b949-4e32-91e4-84563feb0981.jpeg,[]
1458773,10db0329-edf5-4b12-886a-2dfa28914d14.jpeg,[]
1458773,19dac9ed-8689-44d6-b5c5-83db9df0ddfc.jpeg,[]
1458773,2c8011c3-d504-40b0-8f2f-15377c485e0b.jpeg,[]
1458773,32a2b1ae-b079-4f21-ba4d-b2dd3553ea42.jpeg,[]
1458773,42b5c906-fb3b-4c62-a8e9-dc515f75cf93.jpeg,[]
1458773,433b8659-e30a-4321-a055-3fb31cb00673.jpeg,[]
1458773,4f51dd15-032e-4bd2-853a-be7dd00ef12d.jpeg,[]
1458773,59c20a52-b820-4388-acd7-c70e390d5e11.jpeg,[]
1458773,70c16962-a45f-4c11-9ca4-d72472bc549f.png,[]
1458773,8f3352f3-0764-4d36-b659-9b0d9d31a238.jpeg,[]
1458773,fac88d4a-fa4a-471a-8f8f-893f24745100.jpeg,[]
1458773,ffba45c6-b0d9-460f-98d4-88d7604a3b57.jpeg,[]
1458775,0c7624d1-fb57-46bb-8dc7-d09b220cf8b1.jpeg,"[{""question"": ""Do the values in the table maintain the ratio of 2 charms to 8 beads?"", ""answer"": ""YES""}]"
1458775,38905828-9ce8-4cd1-8784-937470a5d703.jpeg,"[{""question"": ""Do the values in the table maintain the ratio of 2 charms to 8 beads?"", ""answer"": ""NO""}]"
1458775,7671a5e3-1408-4265-8c2c-bfb795fc8bcb.jpeg,"[{""question"": ""Do the values in the table maintain the ratio of 2 charms to 8 beads?"", ""answer"": ""YES""}]"
1458775,82e93c63-e130-4d2a-802a-5e4a9861b2e2.jpeg,"[{""question"": ""Do the values in the table maintain the ratio of 2 charms to 8 beads?"", ""answer"": ""YES""}]"
1458775,85fbe124-f7d6-4b9c-8f7f-ddda240fb777.jpeg,"[{""question"": ""Do the values in the table maintain the ratio of 2 charms to 8 beads?"", ""answer"": ""YES""}]"
1458775,9556139f-671c-435b-baca-0f4f833b67b3.jpeg,"[{""question"": ""Do the values in the table maintain the ratio of 2 charms to 8 beads?"", ""answer"": ""YES""}]"
1458775,9a5eadce-cf65-44b4-bd0a-41ea769d2d29.jpeg,"[{""question"": ""Do the values in the table maintain the ratio of 2 charms to 8 beads?"", ""answer"": ""YES""}]"
1458775,a487bcf7-5f85-444f-a00f-bf3a319607e6.jpeg,"[{""question"": ""Do the values in the table maintain the ratio of 2 charms to 8 beads?"", ""answer"": ""YES""}]"
1458775,af529d58-5cb0-487f-bd98-a586eebbcd05.jpeg,"[{""question"": ""Do the values in the table maintain the ratio of 2 charms to 8 beads?"", ""answer"": ""YES""}]"
1458775,b17a76b4-ad76-4d56-b60d-9631571405ab.jpeg,"[{""question"": ""Do the values in the table maintain the ratio of 2 charms to 8 beads?"", ""answer"": ""YES""}]"
1458776,0ce89fff-c555-4769-960d-7ae707174588.png,"[{""question"": ""Do the ordered pairs match the points plotted on the graph?"", ""answer"": ""NO""}]"
1458776,2309a30f-64db-46ee-8d79-d064d9fd4871.jpeg,[]
1458776,8c917e2e-eb76-48b8-9e15-97f64e9c6d51.jpeg,[]
1458776,af7f1968-bbd7-4f15-9389-eeac4e6677ce.jpeg,"[{""question"": ""Do the ordered pairs match the points plotted on the graph?"", ""answer"": ""YES""}]"
1458776,c0ce1215-1107-400b-95ce-c8003ce2b139.jpeg,"[{""question"": ""Do the ordered pairs match the points plotted on the graph?"", ""answer"": ""YES""}]"
1458776,d968748f-7a82-4071-a6cb-0468d9d2412f.jpeg,"[{""question"": ""Do the ordered pairs match the points plotted on the graph?"", ""answer"": ""NO""}]"
1458776,deb10822-d792-4c83-82cc-5f880b898ab0.jpeg,"[{""question"": ""Do the ordered pairs match the points plotted on the graph?"", ""answer"": ""NO""}]"
1458776,e71d0178-72b4-4bd4-87fd-f5b8801843e3.jpeg,"[{""question"": ""Do the ordered pairs match the points plotted on the graph?"", ""answer"": ""YES""}]"
1459001,26bb61dd-3975-4419-bad8-5e11be7175ba.jpeg,[]
1459001,2840f9f3-8d3b-4039-82d9-488ea1b9b1e2.jpeg,"[{""question"": ""Did the student correctly treat 30 as the part?"", ""answer"": ""YES""}]"
1459001,491491bb-e5aa-483c-987b-d6a4714c235e.png,"[{""question"": ""Did the student correctly treat 30 as the part?"", ""answer"": ""NO""}]"
1459001,5c8a0b89-5ccc-4202-a8aa-4ecc3b1c71b9.jpeg,"[{""question"": ""Did the student correctly treat 30 as the part?"", ""answer"": ""YES""}]"
1459001,8aebd89b-ef6c-4188-8780-459c8760e165.jpeg,"[{""question"": ""Did the student correctly treat 30 as the part?"", ""answer"": ""NO""}]"
1459001,92d767db-ac0c-4519-bb3c-f6600708a740.jpeg,"[{""question"": ""Did the student correctly treat 30 as the part?"", ""answer"": ""YES""}]"
1459001,95e6002b-c35b-4f89-b97c-e22f7c2bfaf2.jpeg,"[{""question"": ""Did the student correctly treat 30 as the part?"", ""answer"": ""YES""}]"
1459001,a84955fb-079d-48cd-9a83-3865e83d164b.jpeg,"[{""question"": ""Did the student correctly treat 30 as the part?"", ""answer"": ""YES""}]"
1459001,bb3e067d-efbc-4b09-8d7f-be1146d719eb.jpeg,[]
1459001,dcf976e9-4fba-42f2-86d5-d9f57044be12.jpeg,"[{""question"": ""Did the student correctly treat 30 as the part?"", ""answer"": ""YES""}]"
1459001,dedd6878-03df-4445-9600-64a869727c1f.jpeg,"[{""question"": ""Did the student correctly treat 30 as the part?"", ""answer"": ""YES""}]"
1459001,ef9d104a-b7ff-437e-adee-cb6fd3cbe8fe.jpeg,"[{""question"": ""Did the student correctly treat 30 as the part?"", ""answer"": ""YES""}]"
1459059,1e0ae8a8-ecf8-4d44-bf20-6fe981a69a8e.png,"[{""question"": ""Did the student correctly plot the point -4 on the number line?"", ""answer"": ""NO""}, {""question"": ""Did the student correctly plot the point 4 on the number line?"", ""answer"": ""NO""}]"
1459059,240e9e25-c436-402d-87f9-bad966a89d10.jpeg,"[{""question"": ""Did the student correctly plot the point -4 on the number line?"", ""answer"": ""YES""}, {""question"": ""Did the student correctly plot the point 4 on the number line?"", ""answer"": ""YES""}]"
1459059,24373adb-2f8b-4afc-bc10-95b7319ad55d.jpeg,"[{""question"": ""Did the student correctly plot the point -4 on the number line?"", ""answer"": ""YES""}, {""question"": ""Did the student correctly plot the point 4 on the number line?"", ""answer"": ""YES""}]"
1459059,3012ca5f-3aca-47f4-85f8-c2f90dfbf729.jpeg,"[{""question"": ""Did the student correctly plot the point -4 on the number line?"", ""answer"": ""NO""}, {""question"": ""Did the student correctly plot the point 4 on the number line?"", ""answer"": ""NO""}]"
1459059,85a936d0-528e-4a5e-8688-bc360e6706c2.jpeg,"[{""question"": ""Did the student correctly plot the point -4 on the number line?"", ""answer"": ""NO""}, {""question"": ""Did the student correctly plot the point 4 on the number line?"", ""answer"": ""NO""}]"
1459059,85cc71bf-4b9a-4cd3-803a-03567b5d258d.jpeg,"[{""question"": ""Did the student correctly plot the point -4 on the number line?"", ""answer"": ""YES""}, {""question"": ""Did the student correctly plot the point 4 on the number line?"", ""answer"": ""YES""}]"
1459059,8ef6a262-debe-4ac1-b7b8-69b9963c9d95.jpeg,"[{""question"": ""Did the student correctly plot the point -4 on the number line?"", ""answer"": ""NO""}, {""question"": ""Did the student correctly plot the point 4 on the number line?"", ""answer"": ""NO""}]"
1459059,b1a221e3-6a12-4e3f-906d-276b98b6b631.jpeg,"[{""question"": ""Did the student correctly plot the point -4 on the number line?"", ""answer"": ""YES""}, {""question"": ""Did the student correctly plot the point 4 on the number line?"", ""answer"": ""YES""}]"
1459059,c25f13bf-54a3-43f2-937d-4a56ad5a393a.jpeg,"[{""question"": ""Did the student correctly plot the point -4 on the number line?"", ""answer"": ""YES""}, {""question"": ""Did the student correctly plot the point 4 on the number line?"", ""answer"": ""YES""}]"
1459059,d02321dd-18a3-421d-978b-af914ce0a8dd.jpeg,"[{""question"": ""Did the student correctly plot the point -4 on the number line?"", ""answer"": ""YES""}, {""question"": ""Did the student correctly plot the point 4 on the number line?"", ""answer"": ""YES""}]"
1459059,d7cd3537-4a7a-43f6-99e8-761e366c3c3d.jpeg,"[{""question"": ""Did the student correctly plot the point -4 on the number line?"", ""answer"": ""YES""}, {""question"": ""Did the student correctly plot the point 4 on the number line?"", ""answer"": ""YES""}]"
1459059,e6a47404-58a5-4f9a-9b3b-c2ee1f6e4a2f.jpeg,"[{""question"": ""Did the student correctly plot the point -4 on the number line?"", ""answer"": ""NO""}, {""question"": ""Did the student correctly plot the point 4 on the number line?"", ""answer"": ""NO""}]"
1459059,f380230d-49cd-4318-bdf4-e9524412309e.jpeg,"[{""question"": ""Did the student correctly plot the point -4 on the number line?"", ""answer"": ""NO""}, {""question"": ""Did the student correctly plot the point 4 on the number line?"", ""answer"": ""NO""}]"
1459189,2704c560-6f48-445a-a216-d751b3adb77e.jpeg,[]
1459189,295851a9-a14e-4102-b957-68f60d6bd577.jpeg,[]
1459189,376f1677-fb42-43f3-ba57-13bbc00fb5f9.jpeg,[]
1459189,40b75192-458c-4249-bf43-edd2c5008948.jpeg,[]
1459189,5a7006f1-fb54-4492-856e-6855263536dd.png,[]
1459189,775c153a-f618-45d2-9ef0-37de8b6854f5.jpeg,[]
1459189,8cee72ef-ef9d-4ae0-9b0d-e11e32f78e6b.jpeg,[]
1459189,9fbd9e6e-e78b-4c97-b090-64684efd2ce4.jpeg,[]
1459189,a220239a-4291-401f-9229-520bb947da67.png,[]
1459189,b978d5c8-df76-47a6-b064-e64629c386c7.jpeg,[]
1459189,c841c033-b03e-40ab-bb35-ce8aaab4c718.jpeg,[]
1459189,ddef87de-d8f3-46fd-8027-e1070bca9c95.jpeg,[]
1459189,e52e9597-c6a0-4d20-b705-4c78ae755e30.jpeg,[]
1459189,f3b7a1f2-aa07-4f17-abca-505f3bc6624a.jpeg,[]
1460146,1373525d-e035-496d-8e04-942c8c0bf8c2.jpeg,"[{""question"": ""Did the student correctly draw 5 discs in the hundreds column?"", ""answer"": ""YES""}, {""question"": ""Did the student correctly draw 6 discs in the tens column?"", ""answer"": ""YES""}, {""question"": ""Did the student correctly draw zero discs in the ones column?"", ""answer"": ""NO""}, {""question"": ""Did the student label the columns?"", ""answer"": ""YES""}]"
1460146,1e8345ef-6387-4f44-b38e-d2d92b101629.jpeg,"[{""question"": ""Did the student correctly draw 5 discs in the hundreds column?"", ""answer"": ""YES""}, {""question"": ""Did the student correctly draw 6 discs in the tens column?"", ""answer"": ""YES""}, {""question"": ""Did the student correctly draw zero discs in the ones column?"", ""answer"": ""YES""}, {""question"": ""Did the student label the columns?"", ""answer"": ""YES""}]"
1460146,22bdff9a-55e2-4420-8848-431fd6b05947.jpeg,"[{""question"": ""Did the student correctly draw 5 discs in the hundreds column?"", ""answer"": ""YES""}, {""question"": ""Did the student correctly draw 6 discs in the tens column?"", ""answer"": ""YES""}, {""question"": ""Did the student correctly draw zero discs in the ones column?"", ""answer"": ""YES""}, {""question"": ""Did the student label the columns?"", ""answer"": ""YES""}]"
1460146,2833ff32-7d54-4d2a-938b-f9713ee9a0a8.jpeg,"[{""question"": ""Did the student correctly draw 5 discs in the hundreds column?"", ""answer"": ""YES""}, {""question"": ""Did the student correctly draw 6 discs in the tens column?"", ""answer"": ""YES""}, {""question"": ""Did the student correctly draw zero discs in the ones column?"", ""answer"": ""YES""}, {""question"": ""Did the student label the columns?"", ""answer"": ""YES""}]"
1460146,40d9191e-4a62-43ef-8ce1-1d39e8943303.jpeg,"[{""question"": ""Did the student correctly draw 5 discs in the hundreds column?"", ""answer"": ""YES""}, {""question"": ""Did the student correctly draw 6 discs in the tens column?"", ""answer"": ""YES""}, {""question"": ""Did the student correctly draw zero discs in the ones column?"", ""answer"": ""YES""}, {""question"": ""Did the student label the columns?"", ""answer"": ""NO""}]"
1460146,50b41a2e-db29-4652-9ff5-56f088bd4615.jpeg,"[{""question"": ""Did the student correctly draw 5 discs in the hundreds column?"", ""answer"": ""NO""}, {""question"": ""Did the student correctly draw 6 discs in the tens column?"", ""answer"": ""NO""}, {""question"": ""Did the student correctly draw zero discs in the ones column?"", ""answer"": ""NO""}, {""question"": ""Did the student label the columns?"", ""answer"": ""YES""}]"
1460146,54b25be0-afd3-4a6c-a71c-ab2b9099597c.jpeg,"[{""question"": ""Did the student correctly draw 5 discs in the hundreds column?"", ""answer"": ""YES""}, {""question"": ""Did the student correctly draw 6 discs in the tens column?"", ""answer"": ""NO""}, {""question"": ""Did the student correctly draw zero discs in the ones column?"", ""answer"": ""NO""}, {""question"": ""Did the student label the columns?"", ""answer"": ""YES""}]"
1460146,61f67f5b-e2f8-4048-b19d-9e2dc0246420.jpeg,"[{""question"": ""Did the student correctly draw 5 discs in the hundreds column?"", ""answer"": ""YES""}, {""question"": ""Did the student correctly draw 6 discs in the tens column?"", ""answer"": ""YES""}, {""question"": ""Did the student correctly draw zero discs in the ones column?"", ""answer"": ""NO""}, {""question"": ""Did the student label the columns?"", ""answer"": ""YES""}]"
1460146,763049cd-6960-4147-b0ff-8b5a66de6a4e.jpeg,"[{""question"": ""Did the student correctly draw 5 discs in the hundreds column?"", ""answer"": ""YES""}, {""question"": ""Did the student correctly draw 6 discs in the tens column?"", ""answer"": ""YES""}, {""question"": ""Did the student correctly draw zero discs in the ones column?"", ""answer"": ""NO""}, {""question"": ""Did the student label the columns?"", ""answer"": ""YES""}]"
1460146,adce13cc-3bcf-4d1a-9cbc-b052a490c1b4.jpeg,"[{""question"": ""Did the student correctly draw 5 discs in the hundreds column?"", ""answer"": ""YES""}, {""question"": ""Did the student correctly draw 6 discs in the tens column?"", ""answer"": ""YES""}, {""question"": ""Did the student correctly draw zero discs in the ones column?"", ""answer"": ""NO""}, {""question"": ""Did the student label the columns?"", ""answer"": ""YES""}]"
1460146,ae1edb39-dbbf-4f0c-9c93-ebcfac8297ad.jpeg,"[{""question"": ""Did the student correctly draw 5 discs in the hundreds column?"", ""answer"": ""YES""}, {""question"": ""Did the student correctly draw 6 discs in the tens column?"", ""answer"": ""YES""}, {""question"": ""Did the student correctly draw zero discs in the ones column?"", ""answer"": ""NO""}, {""question"": ""Did the student label the columns?"", ""answer"": ""YES""}]"
1460146,bb74526f-1b79-4cf9-9ea5-c1173d1d7b39.png,"[{""question"": ""Did the student correctly draw 5 discs in the hundreds column?"", ""answer"": ""YES""}, {""question"": ""Did the student correctly draw 6 discs in the tens column?"", ""answer"": ""YES""}, {""question"": ""Did the student correctly draw zero discs in the ones column?"", ""answer"": ""NO""}, {""question"": ""Did the student label the columns?"", ""answer"": ""NO""}]"
1460146,de66ead6-f527-4279-befa-bf3b25fbfad5.jpeg,"[{""question"": ""Did the student correctly draw 5 discs in the hundreds column?"", ""answer"": ""YES""}, {""question"": ""Did the student correctly draw 6 discs in the tens column?"", ""answer"": ""YES""}, {""question"": ""Did the student correctly draw zero discs in the ones column?"", ""answer"": ""NO""}, {""question"": ""Did the student label the columns?"", ""answer"": ""YES""}]"
1460146,e27de72d-22f5-4a2b-9c83-a252dd008301.jpeg,"[{""question"": ""Did the student correctly draw 5 discs in the hundreds column?"", ""answer"": ""NO""}, {""question"": ""Did the student correctly draw 6 discs in the tens column?"", ""answer"": ""NO""}, {""question"": ""Did the student correctly draw zero discs in the ones column?"", ""answer"": ""NO""}, {""question"": ""Did the student label the columns?"", ""answer"": ""NO""}]"
1460146,fd761b10-71a9-473d-aecb-520725947748.jpeg,"[{""question"": ""Did the student correctly draw 5 discs in the hundreds column?"", ""answer"": ""YES""}, {""question"": ""Did the student correctly draw 6 discs in the tens column?"", ""answer"": ""YES""}, {""question"": ""Did the student correctly draw zero discs in the ones column?"", ""answer"": ""NO""}, {""question"": ""Did the student label the columns?"", ""answer"": ""YES""}]"
1474564,057fc962-943d-4f55-b03e-c4c74289d2c9.jpeg,"[{""question"": ""Did the student correctly rotate the triangle 270 degrees around Z?"", ""answer"": ""NO""}, {""question"": ""Did the student correctly rotate the triangle 90 degrees clockwise around Z?"", ""answer"": ""NO""}, {""question"": ""Did the student corretly rotate the triangle 180 degrees around Z?"", ""answer"": ""NO""}, {""question"": ""Did the student redraw the triangles shown in the problem?"", ""answer"": ""NO""}]"
1474564,1b8aed79-5f89-4b27-8143-4a95a3e2edc4.jpeg,"[{""question"": ""Did the student correctly rotate the triangle 270 degrees around Z?"", ""answer"": ""YES""}, {""question"": ""Did the student correctly rotate the triangle 90 degrees clockwise around Z?"", ""answer"": ""YES""}, {""question"": ""Did the student corretly rotate the triangle 180 degrees around Z?"", ""answer"": ""YES""}, {""question"": ""Did the student redraw the triangles shown in the problem?"", ""answer"": ""YES""}]"
1474564,3013e123-9228-46af-a087-681a09700bb3.jpeg,"[{""question"": ""Did the student correctly rotate the triangle 270 degrees around Z?"", ""answer"": ""YES""}, {""question"": ""Did the student correctly rotate the triangle 90 degrees clockwise around Z?"", ""answer"": ""YES""}, {""question"": ""Did the student corretly rotate the triangle 180 degrees around Z?"", ""answer"": ""YES""}, {""question"": ""Did the student redraw the triangles shown in the problem?"", ""answer"": ""YES""}]"
1474564,442b0727-30c2-407c-94da-cf56e1cf5b84.jpeg,"[{""question"": ""Did the student correctly rotate the triangle 270 degrees around Z?"", ""answer"": ""YES""}, {""question"": ""Did the student correctly rotate the triangle 90 degrees clockwise around Z?"", ""answer"": ""YES""}, {""question"": ""Did the student corretly rotate the triangle 180 degrees around Z?"", ""answer"": ""YES""}, {""question"": ""Did the student redraw the triangles shown in the problem?"", ""answer"": ""YES""}]"
1474564,536a563b-6aa6-429e-b8b0-63baec5b71f7.jpeg,"[{""question"": ""Did the student correctly rotate the triangle 270 degrees around Z?"", ""answer"": ""YES""}, {""question"": ""Did the student correctly rotate the triangle 90 degrees clockwise around Z?"", ""answer"": ""YES""}, {""question"": ""Did the student corretly rotate the triangle 180 degrees around Z?"", ""answer"": ""YES""}, {""question"": ""Did the student redraw the triangles shown in the problem?"", ""answer"": ""YES""}]"
1474564,5ed4af4e-72ed-415e-9dcd-fa114db5eb12.jpeg,"[{""question"": ""Did the student correctly rotate the triangle 270 degrees around Z?"", ""answer"": ""YES""}, {""question"": ""Did the student correctly rotate the triangle 90 degrees clockwise around Z?"", ""answer"": ""YES""}, {""question"": ""Did the student corretly rotate the triangle 180 degrees around Z?"", ""answer"": ""YES""}, {""question"": ""Did the student redraw the triangles shown in the problem?"", ""answer"": ""YES""}]"
1474564,6c454044-e6a7-49cf-9529-a50cede4e448.jpeg,"[{""question"": ""Did the student correctly rotate the triangle 270 degrees around Z?"", ""answer"": ""YES""}, {""question"": ""Did the student correctly rotate the triangle 90 degrees clockwise around Z?"", ""answer"": ""YES""}, {""question"": ""Did the student corretly rotate the triangle 180 degrees around Z?"", ""answer"": ""YES""}, {""question"": ""Did the student redraw the triangles shown in the problem?"", ""answer"": ""YES""}]"
1474564,6cedc497-b09d-4207-abb6-ca9612a1566f.jpeg,"[{""question"": ""Did the student correctly rotate the triangle 270 degrees around Z?"", ""answer"": ""YES""}, {""question"": ""Did the student correctly rotate the triangle 90 degrees clockwise around Z?"", ""answer"": ""NO""}, {""question"": ""Did the student corretly rotate the triangle 180 degrees around Z?"", ""answer"": ""NO""}, {""question"": ""Did the student redraw the triangles shown in the problem?"", ""answer"": ""YES""}]"
1474564,783ac260-ee7f-410f-a113-e63a1ad96de1.jpeg,"[{""question"": ""Did the student correctly rotate the triangle 270 degrees around Z?"", ""answer"": ""YES""}, {""question"": ""Did the student correctly rotate the triangle 90 degrees clockwise around Z?"", ""answer"": ""YES""}, {""question"": ""Did the student corretly rotate the triangle 180 degrees around Z?"", ""answer"": ""YES""}, {""question"": ""Did the student redraw the triangles shown in the problem?"", ""answer"": ""NO""}]"
1474564,861f9321-d0cf-4388-a8b3-b7f7c88c9371.jpeg,"[{""question"": ""Did the student correctly rotate the triangle 270 degrees around Z?"", ""answer"": ""YES""}, {""question"": ""Did the student correctly rotate the triangle 90 degrees clockwise around Z?"", ""answer"": ""YES""}, {""question"": ""Did the student corretly rotate the triangle 180 degrees around Z?"", ""answer"": ""YES""}, {""question"": ""Did the student redraw the triangles shown in the problem?"", ""answer"": ""YES""}]"
1474564,8746c73a-beed-4262-84c4-1300d6882fd9.jpeg,"[{""question"": ""Did the student correctly rotate the triangle 270 degrees around Z?"", ""answer"": ""YES""}, {""question"": ""Did the student correctly rotate the triangle 90 degrees clockwise around Z?"", ""answer"": ""YES""}, {""question"": ""Did the student corretly rotate the triangle 180 degrees around Z?"", ""answer"": ""YES""}, {""question"": ""Did the student redraw the triangles shown in the problem?"", ""answer"": ""YES""}]"
1474564,b0828e27-5bd0-442b-a0c1-31841eb07082.jpeg,"[{""question"": ""Did the student correctly rotate the triangle 270 degrees around Z?"", ""answer"": ""YES""}, {""question"": ""Did the student correctly rotate the triangle 90 degrees clockwise around Z?"", ""answer"": ""YES""}, {""question"": ""Did the student corretly rotate the triangle 180 degrees around Z?"", ""answer"": ""YES""}, {""question"": ""Did the student redraw the triangles shown in the problem?"", ""answer"": ""YES""}, {""question"": ""Did the student use a ruler when drawing thier response."", ""answer"": ""NO""}]"
1474564,b797063f-6856-41c5-94f6-23252e076012.jpeg,"[{""question"": ""Did the student correctly rotate the triangle 270 degrees around Z?"", ""answer"": ""YES""}, {""question"": ""Did the student correctly rotate the triangle 90 degrees clockwise around Z?"", ""answer"": ""YES""}, {""question"": ""Did the student corretly rotate the triangle 180 degrees around Z?"", ""answer"": ""YES""}, {""question"": ""Did the student redraw the triangles shown in the problem?"", ""answer"": ""YES""}, {""question"": ""Did the student use a ruler when drawing their response. with the answer."", ""answer"": ""YES""}]"
1474564,cba0fac6-3bd2-4ee8-a51d-863042c5c090.jpeg,"[{""question"": ""Did the student correctly rotate the triangle 270 degrees around Z?"", ""answer"": ""YES""}, {""question"": ""Did the student correctly rotate the triangle 90 degrees clockwise around Z?"", ""answer"": ""YES""}, {""question"": ""Did the student corretly rotate the triangle 180 degrees around Z?"", ""answer"": ""YES""}, {""question"": ""Did the student redraw the triangles shown in the problem?"", ""answer"": ""YES""}, {""question"": ""Did the student use a ruler when drawing thier rotations?"", ""answer"": ""NO""}]"
1483227,1a5afe95-c2b8-4d65-959d-c7f03ef907d0.png,[]
1483227,2e6c36dd-8e2d-4b41-95b1-77b074bb8af8.png,[]
1483227,3c9de9cf-17e1-4356-9a09-747c9de15156.jpeg,[]
1483227,833ba347-d2b7-4c31-b2bf-d339739005c3.jpeg,[]
1483227,83e47713-a879-4a0f-90a2-06db24e3a2be.png,[]
1483227,b97baf79-d8f9-44df-afda-a7785b92d807.jpeg,[]
1483227,ec4bdf1a-43a4-4ba2-8ecf-489c1c4962e3.jpeg,[]
1483227,f6011b87-54df-4474-a8b1-bbe7d4150411.png,[]
1483278,1e4a5a6a-756f-47c2-8eb3-dfa7b732fa9a.png,"[{""question"": ""Did the student correctly graph the slope of the first line?"", ""answer"": ""YES""}, {""question"": ""Did the student correctly graph the slope of the second line?"", ""answer"": ""YES""}, {""question"": ""Did the student correctly graph the y-intercept of the first line?"", ""answer"": ""YES""}, {""question"": ""Did the student correctly graph the y-intercept of the second line?"", ""answer"": ""YES""}]"
1483278,30c45f14-5c32-4396-bc0d-319a1726bd2e.png,"[{""question"": ""Did the student correctly graph the slope of the first line?"", ""answer"": ""YES""}, {""question"": ""Did the student correctly graph the slope of the second line?"", ""answer"": ""YES""}, {""question"": ""Did the student correctly graph the y-intercept of the first line?"", ""answer"": ""YES""}, {""question"": ""Did the student correctly graph the y-intercept of the second line?"", ""answer"": ""YES""}]"
1483278,3eee367c-1da7-4934-9b5e-0cdac82d8e11.jpeg,"[{""question"": ""Did the student correctly graph the slope of the first line?"", ""answer"": ""NO""}, {""question"": ""Did the student correctly graph the slope of the second line?"", ""answer"": ""NO""}, {""question"": ""Did the student correctly graph the y-intercept of the first line?"", ""answer"": ""NO""}, {""question"": ""Did the student correctly graph the y-intercept of the second line?"", ""answer"": ""NO""}]"
1483278,47e512db-fc82-4162-b09c-e71aa9318f87.jpeg,"[{""question"": ""Did the student correctly graph the slope of the first line?"", ""answer"": ""YES""}, {""question"": ""Did the student correctly graph the slope of the second line?"", ""answer"": ""YES""}, {""question"": ""Did the student correctly graph the y-intercept of the first line?"", ""answer"": ""YES""}, {""question"": ""Did the student correctly graph the y-intercept of the second line?"", ""answer"": ""YES""}]"
1483278,4bbffeb6-ca64-40d2-9d66-24eeb41d610e.jpeg,"[{""question"": ""Did the student correctly graph the slope of the first line?"", ""answer"": ""YES""}, {""question"": ""Did the student correctly graph the slope of the second line?"", ""answer"": ""YES""}, {""question"": ""Did the student correctly graph the y-intercept of the first line?"", ""answer"": ""YES""}, {""question"": ""Did the student correctly graph the y-intercept of the second line?"", ""answer"": ""YES""}]"
1483278,74d70723-f3ca-49c0-9245-fd9d39da296c.jpeg,"[{""question"": ""Did the student correctly graph the slope of the first line?"", ""answer"": ""NO""}, {""question"": ""Did the student correctly graph the slope of the second line?"", ""answer"": ""NO""}, {""question"": ""Did the student correctly graph the y-intercept of the first line?"", ""answer"": ""NO""}, {""question"": ""Did the student correctly graph the y-intercept of the second line?"", ""answer"": ""NO""}]"
1483278,81cb3b8e-2d86-4c32-8dbc-9bae70a167ec.png,"[{""question"": ""Did the student correctly graph the slope of the first line?"", ""answer"": ""NO""}, {""question"": ""Did the student correctly graph the slope of the second line?"", ""answer"": ""YES""}, {""question"": ""Did the student correctly graph the y-intercept of the first line?"", ""answer"": ""YES""}, {""question"": ""Did the student correctly graph the y-intercept of the second line?"", ""answer"": ""YES""}]"
1483278,997b2274-f4d8-45c4-aef6-489ee337265d.jpeg,"[{""question"": ""Did the student correctly graph the slope of the first line?"", ""answer"": ""YES""}, {""question"": ""Did the student correctly graph the slope of the second line?"", ""answer"": ""YES""}, {""question"": ""Did the student correctly graph the y-intercept of the first line?"", ""answer"": ""YES""}, {""question"": ""Did the student correctly graph the y-intercept of the second line?"", ""answer"": ""YES""}]"
1483278,daf5e0bd-cb92-4ce6-85f8-9020c56b9ef9.jpeg,"[{""question"": ""Did the student correctly graph the slope of the first line?"", ""answer"": ""YES""}, {""question"": ""Did the student correctly graph the slope of the second line?"", ""answer"": ""YES""}, {""question"": ""Did the student correctly graph the y-intercept of the first line?"", ""answer"": ""YES""}, {""question"": ""Did the student correctly graph the y-intercept of the second line?"", ""answer"": ""YES""}]"
1483278,dd5ab8c9-31d3-4ed4-a85b-075cc7f60318.jpeg,"[{""question"": ""Did the student correctly graph the slope of the first line?"", ""answer"": ""YES""}, {""question"": ""Did the student correctly graph the slope of the second line?"", ""answer"": ""YES""}, {""question"": ""Did the student correctly graph the y-intercept of the first line?"", ""answer"": ""YES""}, {""question"": ""Did the student correctly graph the y-intercept of the second line?"", ""answer"": ""YES""}]"
1483278,e2d69ba8-90d6-4327-b8ef-5480e956176e.jpeg,"[{""question"": ""Did the student correctly graph the slope of the first line?"", ""answer"": ""YES""}, {""question"": ""Did the student correctly graph the slope of the second line?"", ""answer"": ""YES""}, {""question"": ""Did the student correctly graph the y-intercept of the first line?"", ""answer"": ""YES""}, {""question"": ""Did the student correctly graph the y-intercept of the second line?"", ""answer"": ""YES""}]"
1483278,e569450b-b605-4e12-a213-51c9bb739ecc.jpeg,"[{""question"": ""Did the student correctly graph the slope of the first line?"", ""answer"": ""NO""}, {""question"": ""Did the student correctly graph the slope of the second line?"", ""answer"": ""YES""}, {""question"": ""Did the student correctly graph the y-intercept of the first line?"", ""answer"": ""YES""}, {""question"": ""Did the student correctly graph the y-intercept of the second line?"", ""answer"": ""YES""}]"
1483278,e6ea3fa7-6312-4bae-b4ea-a0a7a6bca686.jpeg,"[{""question"": ""Did the student correctly graph the slope of the first line?"", ""answer"": ""YES""}, {""question"": ""Did the student correctly graph the slope of the second line?"", ""answer"": ""YES""}, {""question"": ""Did the student correctly graph the y-intercept of the first line?"", ""answer"": ""YES""}, {""question"": ""Did the student correctly graph the y-intercept of the second line?"", ""answer"": ""YES""}]"
1491529,159c43bc-4733-4c7a-ab89-b0c3ff413436.png,"[{""question"": ""Did the student correctly identify the y-intercept of (0,4)?"", ""answer"": ""NO""}]"
1491529,1cd1de92-1163-43f4-b343-dd417d5d4904.png,"[{""question"": ""Did the student correctly identify the y-intercept of (0,4)?"", ""answer"": ""NO""}]"
1491529,37cbca4e-e941-4bed-8f73-cece66cb57ab.png,[]
1491529,42746b0a-a8fa-49ba-997d-6a61441c5e7d.png,[]
1491529,52ccb7a0-0b0a-4c69-a79a-d213ce92753c.png,"[{""question"": ""Did the student correctly identify the y-intercept of (0,4)?"", ""answer"": ""NO""}]"
1491529,9c7145b2-2b7a-47c0-9680-0425394bfe42.png,"[{""question"": ""Did the student correctly identify the y-intercept of (0,4)?"", ""answer"": ""NO""}]"
1491529,ac369cef-133a-4285-88ac-ff7879685500.png,"[{""question"": ""Did the student correctly identify the y-intercept of (0,4)?"", ""answer"": ""YES""}]"
1491529,b413d0da-6763-4233-aa09-3280eb6bfc15.png,"[{""question"": ""Did the student correctly identify the y-intercept of (0,4)?"", ""answer"": ""NO""}]"
1491529,c059491c-2a85-402d-a974-d085f71f7bba.png,"[{""question"": ""Did the student correctly identify the y-intercept of (0,4)?"", ""answer"": ""NO""}]"
1491529,cf8fb4fb-4580-44d9-b263-0aae4b4448fe.png,"[{""question"": ""Did the student correctly identify the y-intercept of (0,4)?"", ""answer"": ""NO""}]"
1491529,e6471de2-d4ac-47a6-94f8-03c500665ee3.jpeg,"[{""question"": ""Did the student correctly identify the y-intercept of (0,4)?"", ""answer"": ""NO""}]"
1491989,23d875b7-5472-4b6e-bcc1-f894b8f42cef.jpeg,[]
1491989,35cdc85c-21c3-40af-96cc-75541c279a9d.jpeg,[]
1491989,5f5d21e5-cd99-49c2-9bff-1ec2bc685f53.png,[]
1491989,6932c24c-37ac-4524-90a0-46be0962f6a5.jpeg,[]
1491989,8d02ba2c-b460-4b79-90be-0f6c6ff997cd.jpeg,[]
1491989,93324d20-afaf-4f42-ba85-a8d242bbf75b.jpeg,[]
1491989,94afaa1e-fc46-4fd3-8c89-4b64d3cee86b.jpeg,[]
1491989,9a9f50a5-1e5d-4d18-9ffe-3143287c2e56.jpeg,[]
1491989,a63f76c9-0102-44c5-a325-e5cae0d56a69.png,[]
1491989,ad583ebb-fac9-4afa-a105-e41ad3a500fd.jpeg,[]
1491989,b2bc081b-be27-49de-bf59-65b647c704db.jpeg,[]
1491989,da27b482-89ae-47e9-95c3-4f6f3c6f11a5.jpeg,[]
1491989,e381b3e4-d4e7-4ea6-8a0d-553c54996ef4.png,[]
1491989,f461d817-96f2-44f9-934e-bb6611d94375.jpeg,[]
1501133,056ca998-872f-4fab-853a-6ea811eb3afe.jpeg,"[{""question"": ""Did the student check their work using substitution?"", ""answer"": ""NO""}, {""question"": ""Did the student correctly use inverse operations to isolate the variable?"", ""answer"": ""YES""}]"
1501133,158c5d4e-aad3-4177-aef7-28f13a1d9daa.jpeg,"[{""question"": ""Did the student check their work using substitution?"", ""answer"": ""NO""}, {""question"": ""Did the student correctly use inverse operations to isolate the variable?"", ""answer"": ""YES""}]"
1501133,395810e9-ac4d-4792-9219-b9d5627541d8.jpeg,"[{""question"": ""Did the student check their work using substitution?"", ""answer"": ""NO""}, {""question"": ""Did the student correctly use inverse operations to isolate the variable?"", ""answer"": ""YES""}]"
1501133,45307c22-8f3f-429c-a10e-af8a697c9a8d.jpeg,"[{""question"": ""Did the student check their work using substitution?"", ""answer"": ""NO""}, {""question"": ""Did the student correctly use inverse operations to isolate the variable?"", ""answer"": ""YES""}]"
1501133,45e06bcd-8a92-487d-93b0-a54f30c90f62.jpeg,"[{""question"": ""Did the student check their work using substitution?"", ""answer"": ""NO""}, {""question"": ""Did the student correctly use inverse operations to isolate the variable?"", ""answer"": ""YES""}]"
1501133,799f9846-8fbe-4b7f-9f68-bb579e5f3d6f.jpeg,"[{""question"": ""Did the student check their work using substitution?"", ""answer"": ""NO""}, {""question"": ""Did the student correctly use inverse operations to isolate the variable?"", ""answer"": ""YES""}]"
1501133,889a0a34-6f10-45c7-beaf-5d094c80fadc.jpeg,"[{""question"": ""Did the student check their work using substitution?"", ""answer"": ""NO""}, {""question"": ""Did the student correctly use inverse operations to isolate the variable?"", ""answer"": ""NO""}]"
1501133,8cc1573a-e8c9-4180-8a90-ffefa27c5e4e.jpeg,"[{""question"": ""Did the student check their work using substitution?"", ""answer"": ""NO""}, {""question"": ""Did the student correctly use inverse operations to isolate the variable?"", ""answer"": ""NO""}]"
1501133,92cb1ff9-6648-4b33-86dd-76874c77d18d.jpeg,"[{""question"": ""Did the student check their work using substitution?"", ""answer"": ""NO""}, {""question"": ""Did the student correctly use inverse operations to isolate the variable?"", ""answer"": ""YES""}]"
1501133,a0449af3-c264-49b7-8b86-e1addaf9a764.jpeg,"[{""question"": ""Did the student check their work using substitution?"", ""answer"": ""NO""}, {""question"": ""Did the student correctly use inverse operations to isolate the variable?"", ""answer"": ""NO""}]"
1501133,ef6e689f-89a2-4e1e-bd79-13cda839e333.jpeg,"[{""question"": ""Did the student check their work using substitution?"", ""answer"": ""NO""}, {""question"": ""Did the student correctly use inverse operations to isolate the variable?"", ""answer"": ""NO""}]"
1501133,f722b6eb-e2fc-40c8-95f5-314ae6a61703.jpeg,"[{""question"": ""Did the student check their work using substitution?"", ""answer"": ""NO""}, {""question"": ""Did the student correctly use inverse operations to isolate the variable?"", ""answer"": ""YES""}]"
1507569,0996c280-17ed-47d7-8f48-7c6ac7719054.jpeg,"[{""question"": ""Did the student correctly draw a closed circle above the number 5?"", ""answer"": ""YES""}, {""question"": ""Did the student correctly draw an arrow pointing left from the number 5?"", ""answer"": ""YES""}]"
1507569,3ba500a3-fd02-4183-aced-1cb169c8d322.jpeg,"[{""question"": ""Did the student correctly draw a closed circle above or below the number 5?"", ""answer"": ""NO""}, {""question"": ""Did the student correctly draw an arrow pointing left from the number 5?"", ""answer"": ""YES""}]"
1507569,4a07c9dc-641d-48b6-a330-35b00bd1bf3e.jpeg,"[{""question"": ""Did the student correctly draw a closed circle above or below the number 5?"", ""answer"": ""NO""}, {""question"": ""Did the student correctly draw an arrow pointing left from the number 5?"", ""answer"": ""NO""}]"
1507569,521d8c56-798b-4d0d-8e54-b4706bbe90c4.jpeg,"[{""question"": ""Did the student correctly draw a closed circle above the number 5?"", ""answer"": ""YES""}, {""question"": ""Did the student correctly draw an arrow pointing left from the number 5?"", ""answer"": ""YES""}]"
1507569,770b417e-231f-4679-a557-d16f39f8f20f.jpeg,"[{""question"": ""Did the student correctly draw a closed circle above the number 5?"", ""answer"": ""YES""}, {""question"": ""Did the student correctly draw an arrow pointing left from the number 5?"", ""answer"": ""YES""}]"
1507569,81db90a1-20ae-47e0-bf96-1cb6a7fc1787.jpeg,"[{""question"": ""Did the student correctly draw a closed circle above or below the number 5?"", ""answer"": ""NO""}, {""question"": ""Did the student correctly draw an arrow pointing left from the number 5?"", ""answer"": ""YES""}]"
1507569,83c2569f-d5e8-463f-b6d2-9731e785e058.jpeg,"[{""question"": ""Did the student correctly draw a closed circle above the number 5?"", ""answer"": ""YES""}, {""question"": ""Did the student correctly draw an arrow pointing left from the number 5?"", ""answer"": ""NO""}]"
1507569,8401d96c-17b7-4046-95a3-306715edffbf.png,"[{""question"": ""Did the student correctly draw a closed circle above the number 5?"", ""answer"": ""YES""}, {""question"": ""Did the student correctly draw an arrow pointing left from the number 5?"", ""answer"": ""NO""}]"
1507569,8769acd4-6ff8-48ff-8ecd-0aba54949656.jpeg,"[{""question"": ""Did the student correctly draw a closed circle above the number 5?"", ""answer"": ""YES""}, {""question"": ""Did the student correctly draw an arrow pointing left from the number 5?"", ""answer"": ""NO""}]"
1507569,9f4bc01f-fdcb-4a64-9460-fe7938ab4488.jpeg,"[{""question"": ""Did the student correctly draw a closed circle above or below the number 5?"", ""answer"": ""NO""}, {""question"": ""Did the student correctly draw an arrow pointing left from the number 5?"", ""answer"": ""NO""}]"
1507569,f8e97ab3-8e0a-4a45-b75f-65a0af23d430.jpeg,"[{""question"": ""Did the student correctly draw a closed circle above the number 5?"", ""answer"": ""YES""}, {""question"": ""Did the student correctly draw an arrow pointing left from the number 5?"", ""answer"": ""YES""}]"
1507612,16b7d7ca-d2ce-4960-bccd-959b26688cf4.jpeg,"[{""question"": ""Did the student correctly identify the inequality's solution set?"", ""answer"": ""YES""}, {""question"": ""Did the student remember to flip the inequality sign when dividing by -5?"", ""answer"": ""NO""}]"
1507612,287405a6-5e5b-45de-b5d2-d9768d4bfc41.jpeg,"[{""question"": ""Did the student correctly identify the inequality's solution set?"", ""answer"": ""NO""}]"
1507612,3e5c97ab-6486-4a63-9b42-2f4fe6e2e027.jpeg,"[{""question"": ""Did the student correctly identify the inequality's solution set?"", ""answer"": ""YES""}, {""question"": ""Did the student remember to flip the inequality sign when dividing by -5?"", ""answer"": ""YES""}]"
1507612,4436ef0a-33ff-47cc-8217-bee0a844f64c.jpeg,"[{""question"": ""Did the student correctly identify the inequality's solution set?"", ""answer"": ""YES""}, {""question"": ""Did the student remember to flip the inequality sign when dividing by -5?"", ""answer"": ""NO""}]"
1507612,4d689293-70a8-4b21-bc98-cd55114540a5.jpeg,"[{""question"": ""Did the student correctly identify the inequality's solution set?"", ""answer"": ""YES""}, {""question"": ""Did the student remember to flip the inequality sign when dividing by -5?"", ""answer"": ""NO""}]"
1507612,58f8621c-be63-4b4b-92b6-124c2a52eff1.jpeg,"[{""question"": ""Did the student correctly identify the inequality's solution set?"", ""answer"": ""YES""}, {""question"": ""Did the student remember to flip the inequality sign when dividing by -5?"", ""answer"": ""NO""}]"
1507612,611ff52a-bd54-4356-81b6-038ff4523b9c.png,[]
1507612,77d8170c-7f80-4a4d-835b-20daa3e9732d.png,"[{""question"": ""Did the student correctly identify the inequality's solution set?"", ""answer"": ""YES""}, {""question"": ""Did the student remember to flip the inequality sign when dividing by -5?"", ""answer"": ""NO""}]"
1507612,a5e5863d-62ac-47e8-baf2-adfa1fe2d9e8.png,"[{""question"": ""Did the student correctly identify the inequality's solution set?"", ""answer"": ""YES""}, {""question"": ""Did the student remember to flip the inequality sign when dividing by -5?"", ""answer"": ""NO""}]"
1507612,b743f1cc-a1fa-4133-b50e-5ba5dc9c40b1.jpeg,"[{""question"": ""Did the student correctly identify the inequality's solution set?"", ""answer"": ""YES""}, {""question"": ""Did the student remember to flip the inequality sign when dividing by -5?"", ""answer"": ""NO""}]"
1507612,fbe50e8c-37fd-47c4-a8bc-740a081afc1c.png,"[{""question"": ""Did the student correctly identify the inequality's solution set?"", ""answer"": ""YES""}, {""question"": ""Did the student remember to flip the inequality sign when dividing by -5?"", ""answer"": ""NO""}]"
1507612,fd6386c1-0b00-43f5-90ca-e5839a8e52db.png,"[{""question"": ""Did the student correctly identify the inequality's solution set?"", ""answer"": ""YES""}, {""question"": ""Did the student remember to flip the inequality sign when dividing by -5?"", ""answer"": ""NO""}]"
1507614,0eae61e9-b1a3-4a00-9a53-cc3a5495351c.jpeg,"[{""question"": ""Did the student correctly draw a right angle?"", ""answer"": ""YES""}]"
1507614,0ebc673f-f302-43e8-a796-ee8ac20f3f50.png,"[{""question"": ""Did the student correctly draw a right angle?"", ""answer"": ""NO""}]"
1507614,144f2813-42a7-486c-bd1c-2b7c3159f8be.png,"[{""question"": ""Did the student correctly draw a right angle?"", ""answer"": ""YES""}]"
1507614,15e87626-bd19-49b9-8746-80ad3512c96a.png,"[{""question"": ""Did the student correctly draw a right angle?"", ""answer"": ""NO""}]"
1507614,1c086815-49fd-4ea8-9d07-5a8f75480517.jpeg,"[{""question"": ""Did the student correctly draw a right angle?"", ""answer"": ""YES""}]"
1507614,24763271-1787-4d47-9a24-87f25a87b3cf.png,"[{""question"": ""Did the student correctly draw a right angle?"", ""answer"": ""YES""}]"
1507614,3e146134-49d0-41c2-afeb-4973160dc6e5.png,"[{""question"": ""Did the student correctly draw a right angle?"", ""answer"": ""YES""}]"
1507614,4ac54b77-c0ab-4329-94e6-137c17b14893.jpeg,"[{""question"": ""Did the student correctly draw a right angle?"", ""answer"": ""YES""}]"
1507614,6390a879-d4ee-4616-a67d-233ab2e1f684.jpeg,"[{""question"": ""Did the student correctly draw a right angle?"", ""answer"": ""YES""}]"
1507614,6a0d4cb0-e6f9-4004-b6b8-e256fcb0d1d8.jpeg,"[{""question"": ""Did the student correctly draw a right angle?"", ""answer"": ""YES""}]"
1507614,6ba4df17-c87e-486b-8f62-b4ed14b3ed40.png,"[{""question"": ""Did the student correctly draw a right angle?"", ""answer"": ""YES""}]"
1507614,9bfe8b49-ad13-4a96-908e-4f5949d1957b.jpeg,"[{""question"": ""Did the student correctly draw a right angle?"", ""answer"": ""YES""}]"
1507614,9c046661-43b6-4917-bec0-3520445b66e7.png,"[{""question"": ""Did the student correctly draw a right angle?"", ""answer"": ""YES""}]"
1507614,9d3bd238-9853-42fe-8144-ebdcd72d5e09.jpeg,"[{""question"": ""Did the student correctly draw a right angle?"", ""answer"": ""YES""}]"
1507614,f1c7586d-2c10-4a0a-b9f8-eeb73400b4ac.jpeg,"[{""question"": ""Did the student correctly draw a right angle?"", ""answer"": ""YES""}]"
1507615,0721296a-5238-4b47-8ff3-9877eab1712e.jpeg,"[{""question"": ""Did the student correctly draw a straight angle?"", ""answer"": ""YES""}]"
1507615,1ced4e02-6498-41de-b7fc-74c7bd55005b.png,"[{""question"": ""Did the student correctly draw a straight angle?"", ""answer"": ""YES""}]"
1507615,1f9767fa-4582-48e2-a7db-85d6bc02e8b9.jpeg,"[{""question"": ""Did the student correctly draw a straight angle?"", ""answer"": ""YES""}]"
1507615,2810fb50-6867-469e-81b7-317a670d2dec.png,"[{""question"": ""Did the student correctly draw a straight angle?"", ""answer"": ""NO""}]"
1507615,40c903fd-0b91-4cb9-8093-2e72212f9678.png,"[{""question"": ""Did the student correctly draw a straight angle?"", ""answer"": ""YES""}]"
1507615,64577b81-2bfd-4495-b9bc-5c3f486a3ce0.png,"[{""question"": ""Did the student correctly draw a straight angle?"", ""answer"": ""YES""}]"
1507615,657bdcb2-a82f-4bdf-84dd-3fc620be8297.jpeg,"[{""question"": ""Did the student correctly draw a straight angle?"", ""answer"": ""YES""}]"
1507615,72871d6b-7f5c-4999-82bb-65b0030cbca0.jpeg,"[{""question"": ""Did the student correctly draw a straight angle?"", ""answer"": ""YES""}]"
1507615,80efc8da-6d54-4fea-9638-92fbe7001c00.png,"[{""question"": ""Did the student correctly draw a straight angle?"", ""answer"": ""YES""}]"
1507615,9a493ca2-41af-4f3d-b370-d91c055f2ba4.jpeg,"[{""question"": ""Did the student correctly draw a straight angle?"", ""answer"": ""YES""}]"
1507615,a6a981db-0905-492d-811a-f0ac613a0974.png,"[{""question"": ""Did the student correctly draw a straight angle?"", ""answer"": ""NO""}, {""question"": ""Did the student use a ruler when drawing thier angle?"", ""answer"": ""NO""}]"
1507615,ac4283a1-0e30-488a-9f86-03fea2e676dc.png,"[{""question"": ""Did the student correctly draw a straight angle?"", ""answer"": ""NO""}]"
1507615,b9663421-d69b-4857-924f-c9e800d06654.png,"[{""question"": ""Did the student correctly draw a straight angle?"", ""answer"": ""NO""}]"
1507615,cd80f9d4-29fd-4279-8684-ea276afdb564.png,"[{""question"": ""Did the student correctly draw a straight angle?"", ""answer"": ""NO""}]"
1507615,db411ecc-5a04-496a-a181-27c7293c3670.png,"[{""question"": ""Did the student correctly draw a straight angle?"", ""answer"": ""YES""}]"
1508043,0f519d33-5d71-4b15-b5ec-f00261ca182b.jpeg,[]
1508043,13193059-166e-4e12-99e2-2df3a2dfc371.jpeg,[]
1508043,224bf7e0-b9f1-4bb7-8c63-621899450366.jpeg,[]
1508043,89909254-c50a-4d46-884c-3927997daa6e.jpeg,[]
1508043,b17e774a-555f-4326-95ea-0c1597c96524.jpeg,[]
1508043,dcbc7fcc-2603-41eb-918d-b327fa7a5e34.jpeg,[]
1508043,dd402369-d733-4c15-9b39-afb9873c29fc.jpeg,[]
1508043,de14fd10-b37f-4cb3-830c-4233876433a1.jpeg,[]
1508043,ded36333-c88a-4b86-bfbc-143af54cb1d7.jpeg,[]
1508043,e27ada0d-78eb-42d1-90f6-0c5575e132fa.jpeg,[]
1508043,e3a12706-d950-4da4-9257-c512e163cde0.jpeg,[]
1508043,e66cbc71-6d29-4c75-ad54-f9478390c586.jpeg,[]
1508044,1aa2d425-de56-405f-9db8-9edf1bdf2b97.jpeg,"[{""question"": ""Did the student correctly label the total was 20?"", ""answer"": ""YES""}, {""question"": ""Did the student correctly show that there are five groups of size x+1?"", ""answer"": ""YES""}]"
1508044,280ad95b-90d0-4598-8e54-3d4d93495dc5.jpeg,"[{""question"": ""Did the student correctly label the total was 20?"", ""answer"": ""YES""}, {""question"": ""Did the student correctly show that there are five groups of size x+1?"", ""answer"": ""YES""}]"
1508044,37e8714d-fc63-4d90-9be0-5bf0ad961d37.jpeg,"[{""question"": ""Did the student correctly label the total was 20?"", ""answer"": ""YES""}, {""question"": ""Did the student correctly show that there are five groups of size x+1?"", ""answer"": ""NO""}]"
1508044,48689d5a-a549-4769-b9eb-4ff099c763a7.jpeg,"[{""question"": ""Did the student correctly label the total was 20?"", ""answer"": ""YES""}, {""question"": ""Did the student correctly show that there are five groups of size x+1?"", ""answer"": ""NO""}]"
1508044,4ec33b99-62cb-4cad-a41b-ee587192ad9a.jpeg,"[{""question"": ""Did the student correctly label the total was 20?"", ""answer"": ""NO""}, {""question"": ""Did the student correctly show that there are five groups of size x+1?"", ""answer"": ""NO""}]"
1508044,5a10c44b-9576-4618-82b2-4e74e56c5d65.jpeg,"[{""question"": ""Did the student correctly label the total was 20?"", ""answer"": ""YES""}, {""question"": ""Did the student correctly show that there are five groups of size x+1?"", ""answer"": ""YES""}]"
1508044,8e31c441-e48f-4778-8a07-35197d09c8ca.jpeg,"[{""question"": ""Did the student correctly label the total was 20?"", ""answer"": ""YES""}, {""question"": ""Did the student correctly show that there are five groups of size x+1?"", ""answer"": ""YES""}]"
1508044,97d352fc-bd03-4a7c-b9a1-788209d86bd5.jpeg,"[{""question"": ""Did the student correctly label the total was 20?"", ""answer"": ""YES""}, {""question"": ""Did the student correctly show that there are five groups of size x+1?"", ""answer"": ""YES""}]"
1508044,cea6b923-ef85-4cb1-8d87-70179d9ebe5f.jpeg,"[{""question"": ""Did the student correctly label the total was 20?"", ""answer"": ""YES""}, {""question"": ""Did the student correctly show that there are five groups of size x+1?"", ""answer"": ""YES""}]"
1508044,d6f0266f-c9dd-4037-a5cc-95516bc37a17.png,"[{""question"": ""Did the student correctly label the total was 20?"", ""answer"": ""YES""}, {""question"": ""Did the student correctly show that there are five groups of size x+1?"", ""answer"": ""YES""}]"
1508044,dec93e70-729a-493f-8533-a9211c9dabc3.jpeg,"[{""question"": ""Did the student correctly label the total was 20?"", ""answer"": ""YES""}, {""question"": ""Did the student correctly show that there are five groups of size x+1?"", ""answer"": ""YES""}]"
1508044,ebf3ed06-5f1b-4ac4-a0b5-692a50ddb447.jpeg,"[{""question"": ""Did the student correctly label the total was 20?"", ""answer"": ""YES""}, {""question"": ""Did the student correctly show that there are five groups of size x+1?"", ""answer"": ""NO""}]"
1508055,3f39e239-c2ba-49c7-82b3-69edcda82706.jpeg,[]
1508055,5bb97f75-f13d-4e93-8d6d-d446b398e1bc.jpeg,[]
1508055,71dcf113-7932-43d3-ab06-55a43333ecda.jpeg,[]
1508055,753e7cb8-fa99-4475-aad0-bdca476235c1.jpeg,[]
1508055,905e655f-b698-44c3-9103-05f2b4025d04.jpeg,[]
1508055,9ac77672-66e5-4fc9-b8a1-88ac037c89c2.jpeg,[]
1508055,a74bd862-592b-45ad-a3ca-9710f1feed54.jpeg,[]
1508055,b5efb9ec-a3f9-4598-ba5b-a4382833b0e6.jpeg,[]
1508055,b899adb8-1630-4a3b-be3c-6e3871868fcb.jpeg,[]
1508055,be8699a4-d81b-408c-8af9-1dc25406113c.jpeg,[]
1508055,c78bef2b-cf59-4ea6-850a-5c960d737152.jpeg,[]
1508055,d7ce2cd5-c5d3-45d3-a272-03b6db637bd1.jpeg,[]
1508055,d9aecf97-9d93-4120-8159-0565db0448c4.jpeg,[]
1508055,e4ab3105-18da-4378-be20-5fc5ac919c59.jpeg,[]
1508184,1201f146-5d1d-4bf9-a78e-cb33d42e29bb.jpeg,"[{""question"": ""Did the student correctly select A, B, C, and D as the prisms?"", ""answer"": ""YES""}]"
1508184,2d072ce2-f5f6-4e73-8f79-fbdac46e7a45.jpeg,"[{""question"": ""Did the student correctly select A, B, C, and D as the prisms?"", ""answer"": ""NO""}]"
1508184,3f2cb679-7202-40d8-bc08-677fff9bb779.png,"[{""question"": ""Did the student correctly select A, B, C, and D as the prisms?"", ""answer"": ""YES""}]"
1508184,60da893f-ea7b-417c-8e58-2457519857cb.jpeg,"[{""question"": ""Did the student correctly select A, B, C, and D as the prisms?"", ""answer"": ""YES""}]"
1508184,6fdee34d-1dd4-4ecd-b879-9ba4eb22318d.jpeg,"[{""question"": ""Did the student correctly select A, B, C, and D as the prisms?"", ""answer"": ""NO""}]"
1508184,80a9fd85-fb85-466d-b8d3-e461212d69d8.jpeg,"[{""question"": ""Did the student correctly select A, B, C, and D as the prisms?"", ""answer"": ""YES""}]"
1508184,bd1ef5e6-95cb-48eb-bb62-071aa53b87ba.jpeg,"[{""question"": ""Did the student correctly select A, B, C, and D as the prisms?"", ""answer"": ""YES""}]"
1508184,c3483256-7bf3-47c6-8794-db5f5fafa043.jpeg,"[{""question"": ""Did the student correctly select A, B, C, and D as the prisms?"", ""answer"": ""YES""}]"
1508184,c8574766-316d-4511-895e-b3d3dc5f670a.jpeg,"[{""question"": ""Did the student correctly select A, B, C, and D as the prisms?"", ""answer"": ""YES""}]"
1508255,00cf89db-2398-4a83-a7ff-4a3f19925ab3.jpeg,"[{""question"": ""Did the student redraw the polygon with a scale factor of 3?"", ""answer"": ""NO""}, {""question"": ""Did the student redraw the polygon?"", ""answer"": ""NO""}]"
1508255,138d9d20-dcfc-4ca8-afb2-7d76f64865b7.jpeg,"[{""question"": ""Did the student redraw the polygon with a scale factor of 3?"", ""answer"": ""NO""}, {""question"": ""Did the student redraw the polygon?"", ""answer"": ""YES""}]"
1508255,15ed5c73-7e5c-49b4-8bac-e822b9f5b515.jpeg,"[{""question"": ""Did the student redraw the polygon with a scale factor of 3?"", ""answer"": ""NO""}, {""question"": ""Did the student redraw the polygon?"", ""answer"": ""YES""}]"
1508255,1e74b21a-785c-4869-8d88-16d881f8b005.jpeg,"[{""question"": ""Did the student redraw the polygon with a scale factor of 3?"", ""answer"": ""NO""}, {""question"": ""Did the student redraw the polygon?"", ""answer"": ""YES""}]"
1508255,2d8a46c8-8fd4-4129-a927-867e0e256ff2.jpeg,"[{""question"": ""Did the student redraw the polygon with a scale factor of 3?"", ""answer"": ""NO""}, {""question"": ""Did the student redraw the polygon?"", ""answer"": ""NO""}]"
1508255,39368f26-54a8-4cf5-862d-8e91e0d9edca.jpeg,"[{""question"": ""Did the student redraw the polygon with a scale factor of 3?"", ""answer"": ""NO""}, {""question"": ""Did the student redraw the polygon?"", ""answer"": ""NO""}]"
1508255,8112788e-746a-4e32-b083-c6c1b1e39f93.jpeg,"[{""question"": ""Did the student redraw the polygon with a scale factor of 3?"", ""answer"": ""NO""}, {""question"": ""Did the student redraw the polygon?"", ""answer"": ""NO""}]"
1508255,963d5d59-a235-4262-a786-1b32e23673b2.jpeg,"[{""question"": ""Did the student redraw the polygon with a scale factor of 3?"", ""answer"": ""NO""}, {""question"": ""Did the student redraw the polygon?"", ""answer"": ""YES""}]"
1508255,acb6c73c-e9fe-4d75-8426-99742d09eaf2.png,"[{""question"": ""Did the student redraw the polygon with a scale factor of 3?"", ""answer"": ""NO""}, {""question"": ""Did the student redraw the polygon?"", ""answer"": ""NO""}]"
1508255,d1619579-acad-4597-ba81-39f098cf61f4.png,"[{""question"": ""Did the student redraw the polygon with a scale factor of 3?"", ""answer"": ""NO""}, {""question"": ""Did the student redraw the polygon?"", ""answer"": ""NO""}]"
1508255,d59be59b-2006-46bf-ac46-99f297c9d9a2.jpeg,"[{""question"": ""Did the student redraw the polygon with a scale factor of 3?"", ""answer"": ""NO""}, {""question"": ""Did the student redraw the polygon?"", ""answer"": ""NO""}]"
1508259,02474ca8-ffea-4aa7-acee-e6dda8a3265a.jpeg,"[{""question"": ""Did the student correctly apply the scale factor of 1/2?"", ""answer"": ""YES""}, {""question"": ""Did the student redraw the polygon?"", ""answer"": ""YES""}]"
1508259,04284841-3b66-4361-a5a3-2d37490ffb75.jpeg,"[{""question"": ""Did the student correctly apply the scale factor of 1/2?"", ""answer"": ""YES""}, {""question"": ""Did the student redraw the polygon?"", ""answer"": ""YES""}]"
1508259,0498c145-c0b1-4d4a-89c9-60fcd3dbe614.jpeg,"[{""question"": ""Did the student correctly apply the scale factor of 1/2?"", ""answer"": ""NO""}, {""question"": ""Did the student redraw the polygon?"", ""answer"": ""YES""}]"
1508259,13f0c09f-3115-4204-9381-1b465448805e.jpeg,"[{""question"": ""Did the student correctly apply the scale factor of 1/2?"", ""answer"": ""YES""}, {""question"": ""Did the student redraw the polygon?"", ""answer"": ""YES""}]"
1508259,3fbfceb7-165d-4d89-ba18-1b2666c42cc9.jpeg,"[{""question"": ""Did the student correctly apply the scale factor of 1/2?"", ""answer"": ""NO""}, {""question"": ""Did the student redraw the polygon?"", ""answer"": ""YES""}]"
1508259,641b851c-b9f2-49ba-beae-7af5d27ca5e6.jpeg,"[{""question"": ""Did the student correctly apply the scale factor of 1/2?"", ""answer"": ""YES""}, {""question"": ""Did the student redraw the polygon?"", ""answer"": ""YES""}]"
1508259,83faab4c-bc95-4eb9-b1e2-771e6837c7ce.jpeg,"[{""question"": ""Did the student correctly apply the scale factor of 1/2?"", ""answer"": ""YES""}, {""question"": ""Did the student redraw the polygon?"", ""answer"": ""YES""}]"
1508259,a63279a1-5517-4183-a5bf-8232473d3749.jpeg,"[{""question"": ""Did the student correctly apply the scale factor of 1/2?"", ""answer"": ""YES""}, {""question"": ""Did the student redraw the polygon?"", ""answer"": ""YES""}]"
1508259,b20260c4-8499-419e-b875-8ee2828961ba.jpeg,"[{""question"": ""Did the student correctly apply the scale factor of 1/2?"", ""answer"": ""YES""}, {""question"": ""Did the student redraw the polygon?"", ""answer"": ""YES""}]"
1508259,b26a7eed-cb6c-4e05-bd9b-81d021d97b10.jpeg,"[{""question"": ""Did the student correctly apply the scale factor of 1/2?"", ""answer"": ""YES""}, {""question"": ""Did the student redraw the polygon?"", ""answer"": ""YES""}]"
1508259,ece46ebe-3469-4a8b-9a67-6e8eb5a8968d.jpeg,"[{""question"": ""Did the student correctly apply the scale factor of 1/2?"", ""answer"": ""YES""}, {""question"": ""Did the student redraw the polygon?"", ""answer"": ""YES""}]"
1508259,f19e4146-46d6-4414-b520-b31928411839.jpeg,"[{""question"": ""Did the student correctly apply the scale factor of 1/2?"", ""answer"": ""YES""}, {""question"": ""Did the student redraw the polygon?"", ""answer"": ""YES""}]"
1508259,f1a4443a-1c73-4cbe-a4f9-65478fbcd271.jpeg,"[{""question"": ""Did the student correctly apply the scale factor of 1/2?"", ""answer"": ""YES""}, {""question"": ""Did the student redraw the polygon?"", ""answer"": ""YES""}]"
1508259,f803f7f1-58d3-4598-a9c3-497e482c07e6.jpeg,"[{""question"": ""Did the student correctly apply the scale factor of 1/2?"", ""answer"": ""YES""}, {""question"": ""Did the student redraw the polygon?"", ""answer"": ""YES""}]"
1508263,20995e54-0a34-4282-8e26-309f3e78c666.jpeg,"[{""question"": ""Did the student correctly apply the scale of 1:50."", ""answer"": ""NO""}]"
1508263,498fe5f1-d1d9-4930-803d-77a0dfad3f54.jpeg,"[{""question"": ""Did the student correctly apply the scale of 1:50."", ""answer"": ""NO""}]"
1508263,5355efbb-dc01-4d35-b96b-6b19a089c5df.jpeg,"[{""question"": ""Did the student correctly apply the scale of 1:50."", ""answer"": ""YES""}]"
1508263,634455b3-3b30-4efb-9c5b-9205f912a0c5.jpeg,"[{""question"": ""Did the student correctly apply the scale of 1:50."", ""answer"": ""YES""}]"
1508263,a4986862-b206-48f6-8a66-9504273bb08b.jpeg,"[{""question"": ""Did the student correctly apply the scale of 1:50."", ""answer"": ""YES""}]"
1508263,aba3c27f-6785-405d-a8e5-51182f704e75.jpeg,"[{""question"": ""Did the student correctly apply the scale of 1:50."", ""answer"": ""YES""}]"
1508263,bcf278f8-36d4-4e08-bf5f-a1665b06fbf6.jpeg,"[{""question"": ""Did the student correctly apply the scale of 1:50."", ""answer"": ""YES""}]"
1508263,c7692e7a-e291-45e0-aa8e-d9c1e380ae3b.jpeg,"[{""question"": ""Did the student correctly apply the scale of 1:50."", ""answer"": ""NO""}]"
1508263,c9525c8c-ed4b-4593-b266-c649f4a43f05.jpeg,"[{""question"": ""Did the student correctly apply the scale of 1:50."", ""answer"": ""YES""}]"
1508263,ccde37ee-939e-4f15-8253-b61f0dd41195.jpeg,"[{""question"": ""Did the student correctly apply the scale of 1:50."", ""answer"": ""YES""}]"
1508263,cfb9d71b-da4a-4d42-872d-03884144634e.jpeg,"[{""question"": ""Did the student correctly apply the scale of 1:50."", ""answer"": ""YES""}]"
1508263,d661a402-bae5-4452-b81c-b350c87719c1.jpeg,"[{""question"": ""Did the student correctly apply the scale of 1:50."", ""answer"": ""NO""}]"
1508263,de7daa42-b989-49a0-8d85-6bd426115a4d.jpeg,"[{""question"": ""Did the student correctly apply the scale of 1:50."", ""answer"": ""NO""}]"
1508293,01f356ca-c8e4-40b3-8692-5e630ca44c30.jpeg,"[{""question"": ""Did the student correctly place the 6 unit side between the 90 degree angle and the 20 degree angle?"", ""answer"": ""YES""}, {""question"": ""Did the student draw a triangle on their paper?"", ""answer"": ""YES""}]"
1508293,0d028211-6e6f-4847-95de-5f9819ad4dbd.jpeg,"[{""question"": ""Did the student correctly place the 6 unit side between the 90 degree angle and the 20 degree angle?"", ""answer"": ""NO""}, {""question"": ""Did the student draw a triangle on their paper?"", ""answer"": ""YES""}]"
1508293,0f56fb1b-c5f6-405a-b97d-5adb1bd758b8.jpeg,"[{""question"": ""Did the student correctly place the 6 unit side between the 90 degree angle and the 20 degree angle?"", ""answer"": ""YES""}, {""question"": ""Did the student draw a triangle on their paper?"", ""answer"": ""YES""}]"
1508293,16019797-49e9-44d4-b4f7-2fc0dfd9c66b.png,"[{""question"": ""Did the student correctly place the 6 unit side between the 90 degree angle and the 20 degree angle?"", ""answer"": ""YES""}, {""question"": ""Did the student draw a triangle on their paper?"", ""answer"": ""YES""}]"
1508293,355ffa79-c75e-4131-8459-fe2a289da77d.jpeg,"[{""question"": ""Did the student correctly place the 6 unit side between the 90 degree angle and the 20 degree angle?"", ""answer"": ""YES""}, {""question"": ""Did the student draw a triangle on their paper?"", ""answer"": ""YES""}]"
1508293,3d28b6a8-e839-4f7e-b7b9-301caf8f82bf.jpeg,"[{""question"": ""Did the student correctly place the 6 unit side between the 90 degree angle and the 20 degree angle?"", ""answer"": ""YES""}, {""question"": ""Did the student draw a triangle on their paper?"", ""answer"": ""YES""}]"
1508293,5640902c-cdd5-4bb1-807d-d28bf4359f30.png,"[{""question"": ""Did the student correctly place the 6 unit side between the 90 degree angle and the 20 degree angle?"", ""answer"": ""YES""}, {""question"": ""Did the student draw a triangle on their paper?"", ""answer"": ""YES""}]"
1508293,7f837a73-6d66-43dc-8ad8-1db76e68caf0.png,"[{""question"": ""Did the student correctly place the 6 unit side between the 90 degree angle and the 20 degree angle?"", ""answer"": ""YES""}, {""question"": ""Did the student draw a triangle on their paper?"", ""answer"": ""YES""}]"
1508293,a02c54fe-5c2a-4992-b644-4f0787cebe90.jpeg,"[{""question"": ""Did the student correctly place the 6 unit side between the 90 degree angle and the 20 degree angle?"", ""answer"": ""YES""}, {""question"": ""Did the student draw a triangle on their paper?"", ""answer"": ""YES""}]"
1508293,a67ddc9c-8100-42fd-8385-11c000f7616e.jpeg,"[{""question"": ""Did the student correctly place the 6 unit side between the 90 degree angle and the 20 degree angle?"", ""answer"": ""NO""}, {""question"": ""Did the student draw a triangle on their paper?"", ""answer"": ""YES""}]"
1508293,b3a7dd42-1608-4ffb-8f59-58acd6a754aa.jpeg,"[{""question"": ""Did the student correctly place the 6 unit side between the 90 degree angle and the 20 degree angle?"", ""answer"": ""NO""}, {""question"": ""Did the student draw a triangle on their paper?"", ""answer"": ""YES""}]"
1508293,cdcb79ed-b015-46ad-8de3-6d34457f691e.jpeg,"[{""question"": ""Did the student correctly place the 6 unit side between the 90 degree angle and the 20 degree angle?"", ""answer"": ""YES""}, {""question"": ""Did the student draw a triangle on their paper?"", ""answer"": ""YES""}]"
1508293,d114fd03-5004-4946-9c0a-36c189274d8f.png,"[{""question"": ""Did the student correctly place the 6 unit side between the 90 degree angle and the 20 degree angle?"", ""answer"": ""NO""}, {""question"": ""Did the student draw a triangle on their paper?"", ""answer"": ""YES""}]"
1508293,f7de9c61-cbf3-4648-b6b3-0efaec2e7bd9.jpeg,"[{""question"": ""Did the student correctly place the 6 unit side between the 90 degree angle and the 20 degree angle?"", ""answer"": ""YES""}, {""question"": ""Did the student draw a triangle on their paper?"", ""answer"": ""YES""}]"
1509058,0982150c-5702-44e5-9ae2-e4ff8d729236.jpeg,"[{""question"": ""Did the student correctly label the x-axis vinegar?"", ""answer"": ""NO""}, {""question"": ""Did the student correctly label the y-axis oil?"", ""answer"": ""NO""}]"
1509058,257185d0-ba96-42df-9567-405ef7958707.jpeg,[]
1509058,35a582fd-f298-43b6-a087-cd492b63443b.jpeg,"[{""question"": ""Did the student correctly label the x-axis vinegar?"", ""answer"": ""YES""}, {""question"": ""Did the student correctly label the y-axis oil?"", ""answer"": ""YES""}]"
1509058,7f0ee2b5-ddad-4c7a-96a4-bc84969797fa.jpeg,"[{""question"": ""Did the student correctly label the x-axis vinegar?"", ""answer"": ""YES""}, {""question"": ""Did the student correctly label the y-axis oil?"", ""answer"": ""YES""}]"
1509058,800e932a-05fd-431e-aa31-0ac2485a2954.jpeg,"[{""question"": ""Did the student correctly label the x-axis vinegar?"", ""answer"": ""NO""}, {""question"": ""Did the student correctly label the y-axis oil?"", ""answer"": ""NO""}]"
1509058,825f035c-e586-4f13-8b3c-933307b7fba1.jpeg,"[{""question"": ""Did the student correctly label the x-axis vinegar?"", ""answer"": ""YES""}, {""question"": ""Did the student correctly label the y-axis oil?"", ""answer"": ""YES""}]"
1509058,827adc53-df3b-4a67-a569-a05c00c87250.png,"[{""question"": ""Did the student correctly label the x-axis vinegar?"", ""answer"": ""NO""}, {""question"": ""Did the student correctly label the y-axis oil?"", ""answer"": ""NO""}]"
1509058,8bbc30eb-a1ad-404e-b7bf-f33f6a42ce22.jpeg,"[{""question"": ""Did the student correctly label the x-axis vinegar?"", ""answer"": ""YES""}, {""question"": ""Did the student correctly label the y-axis oil?"", ""answer"": ""YES""}]"
1509058,987e556a-b572-4451-b518-653a2b4d8c06.jpeg,"[{""question"": ""Did the student correctly label the x-axis vinegar?"", ""answer"": ""NO""}, {""question"": ""Did the student correctly label the y-axis oil?"", ""answer"": ""NO""}]"
1509058,9e601292-924b-40c8-b835-e96e6ab7ae9c.jpeg,"[{""question"": ""Did the student correctly label the x-axis vinegar?"", ""answer"": ""YES""}, {""question"": ""Did the student correctly label the y-axis oil?"", ""answer"": ""YES""}]"
1509058,c8a9981d-10da-4f43-9b98-2bd67d5bf5d4.png,"[{""question"": ""Did the student correctly label the x-axis vinegar?"", ""answer"": ""NO""}, {""question"": ""Did the student correctly label the y-axis oil?"", ""answer"": ""NO""}]"
1509058,e403eb81-ca81-4b56-ba2a-5f7816cfa6e5.jpeg,"[{""question"": ""Did the student correctly label the x-axis vinegar?"", ""answer"": ""NO""}, {""question"": ""Did the student correctly label the y-axis oil?"", ""answer"": ""NO""}]"
1509078,04fd0e4e-e73c-4c09-a4cb-2ca7f9212839.jpeg,"[{""question"": ""Did the student correctly identify that the temperature was colder than -4 degrees after 4:30 AM?"", ""answer"": ""NO""}]"
1509078,07b95bb6-9be3-441e-9c6a-763385ce0160.jpeg,"[{""question"": ""Did the student correctly identify that the temperature was colder than -4 degrees after 4:30 AM?"", ""answer"": ""NO""}]"
1509078,463fd462-467a-4e5b-9b36-36286de25e74.jpeg,"[{""question"": ""Did the student correctly identify that the temperature was colder than -4 degrees after 4:30 AM?"", ""answer"": ""NO""}]"
1509078,4a6c8618-7a80-4a58-8749-0e8fc2cd04e8.png,"[{""question"": ""Did the student correctly identify that the temperature was colder than -4 degrees after 4:30 AM?"", ""answer"": ""YES""}]"
1509078,639948e5-2666-404f-9a6a-640dce6928df.jpeg,"[{""question"": ""Did the student correctly identify that the temperature was colder than -4 degrees after 4:30 AM?"", ""answer"": ""YES""}]"
1509078,6d011410-7f2c-4db6-a54e-3b2732f8ed55.png,"[{""question"": ""Did the student correctly identify that the temperature was colder than -4 degrees after 4:30 AM?"", ""answer"": ""NO""}]"
1509078,74bbe0c6-e062-48e1-81a9-0f4f138e6dac.jpeg,"[{""question"": ""Did the student correctly identify that the temperature was colder than -4 degrees after 4:30 AM?"", ""answer"": ""YES""}]"
1509078,802f53ea-bfb0-4099-80e4-7907389c5fc1.jpeg,"[{""question"": ""Did the student correctly identify that the temperature was colder than -4 degrees after 4:30 AM?"", ""answer"": ""NO""}]"
1509078,8599045c-2c54-43bf-85fb-a7da11207c13.jpeg,"[{""question"": ""Did the student correctly identify that the temperature was colder than -4 degrees after 4:30 AM?"", ""answer"": ""NO""}]"
1509078,8752cfbd-2fb2-491f-bf42-197dd913d4e1.jpeg,"[{""question"": ""Did the student correctly identify that the temperature was colder than -4 degrees after 4:30 AM?"", ""answer"": ""NO""}]"
1509078,c4bf632b-5d86-47ec-a492-c0b89c02b2ce.jpeg,"[{""question"": ""Did the student correctly identify that the temperature was colder than -4 degrees after 4:30 AM?"", ""answer"": ""NO""}]"
1509078,c8c72998-81df-4cae-9206-13bb75edf8cd.jpeg,"[{""question"": ""Did the student correctly identify that the temperature was colder than -4 degrees after 4:30 AM?"", ""answer"": ""NO""}]"
1509078,d1cb05d4-c450-4a7a-926f-bb332edc8cc0.jpeg,"[{""question"": ""Did the student correctly identify that the temperature was colder than -4 degrees after 4:30 AM?"", ""answer"": ""NO""}]"
1509078,fb8cc870-c95c-40d6-8fcc-9a071beb6d3d.jpeg,"[{""question"": ""Did the student correctly identify that the temperature was colder than -4 degrees after 4:30 AM?"", ""answer"": ""NO""}]"
1516613,06d22e29-3efb-47a6-baac-c8e5481a5d66.png,"[{""question"": ""Is the student's shape composed of the two parts of the reectangle?"", ""answer"": ""NO""}]"
1516613,12e04ee3-415b-4815-a3f3-f4a5bf87e592.jpeg,"[{""question"": ""Is the student's shape composed of the two parts of the reectangle?"", ""answer"": ""YES""}]"
1516613,35ab53c9-70e3-4ab8-a347-07474ec825c8.jpeg,"[{""question"": ""Is the student's shape composed of the two parts of the reectangle?"", ""answer"": ""NO""}]"
1516613,5da06f1d-433b-4b75-8cf6-00a87abb2f46.jpeg,"[{""question"": ""Is the student's shape composed of the two parts of the reectangle?"", ""answer"": ""YES""}]"
1516613,6a2ff67d-5cbb-4d6b-90cc-5993602dcee5.jpeg,"[{""question"": ""Is the student's shape composed of the two parts of the reectangle?"", ""answer"": ""YES""}]"
1516613,70a68678-5201-432a-9031-ceeba28baa33.jpeg,"[{""question"": ""Is the student's shape composed of the two parts of the reectangle?"", ""answer"": ""NO""}]"
1516613,7b0a2f1b-f311-4ebb-9835-4ea79207122e.png,"[{""question"": ""Is the student's shape composed of the two parts of the reectangle?"", ""answer"": ""YES""}]"
1516613,89d10594-4413-473e-926f-4397e31e4fcc.png,"[{""question"": ""Is the student's shape composed of the two parts of the reectangle?"", ""answer"": ""NO""}]"
1516613,8f2eef22-2147-4308-a5f4-51fcd709c7b5.png,"[{""question"": ""Is the student's shape composed of the two parts of the reectangle?"", ""answer"": ""YES""}]"
1516613,944c671a-ef23-422d-99c5-09310784d867.jpeg,"[{""question"": ""Is the student's shape composed of the two parts of the reectangle?"", ""answer"": ""YES""}]"
1516613,abcd7067-077f-4fab-a332-f83f5d724f9f.jpeg,"[{""question"": ""Is the student's shape composed of the two parts of the reectangle?"", ""answer"": ""YES""}]"
1516613,ac77f705-644a-4db6-bac9-3516cf440a1b.jpeg,"[{""question"": ""Is the student's shape composed of the two parts of the reectangle?"", ""answer"": ""YES""}]"
1516613,f05c8787-c952-4e35-9110-3c90780c1d6a.jpeg,"[{""question"": ""Is the student's shape composed of the two parts of the reectangle?"", ""answer"": ""YES""}]"
1516613,f7962e06-481d-4770-a8f7-1f8f0eb7c722.jpeg,"[{""question"": ""Is the student's shape composed of the two parts of the reectangle?"", ""answer"": ""YES""}]"
1516618,032bf53c-33fc-45b4-b981-d7955ada9c92.jpeg,"[{""question"": ""Is the area of each of the rectangles 12 square units?"", ""answer"": ""YES""}]"
1516618,05315aff-d67d-4c4a-8f2b-3eded40243d0.jpeg,"[{""question"": ""Is the area of each of the rectangles 12 square units?"", ""answer"": ""YES""}]"
1516618,303a8801-8fa4-475e-8329-f204c08d6cf4.jpeg,"[{""question"": ""Is the area of each of the rectangles 12 square units?"", ""answer"": ""YES""}]"
1516618,56f4dda5-9cf1-43df-a298-c8194c0258c4.png,"[{""question"": ""Is the area of each of the rectangles 12 square units?"", ""answer"": ""NO""}]"
1516618,5f411f8d-da1d-4be0-97b4-eec1b894c6ac.jpeg,"[{""question"": ""Is the area of each of the rectangles 12 square units?"", ""answer"": ""YES""}]"
1516618,7354df98-dcf5-493e-bbbf-d8b4fa69377b.jpeg,"[{""question"": ""Is the area of each of the rectangles 12 square units?"", ""answer"": ""NO""}]"
1516618,8ced5809-7011-4800-aa8e-4f51ca51855e.jpeg,"[{""question"": ""Is the area of each of the rectangles 12 square units?"", ""answer"": ""YES""}]"
1516618,a6609659-718f-4c08-aec6-9ed23d37b9b2.jpeg,"[{""question"": ""Is the area of each of the rectangles 12 square units?"", ""answer"": ""YES""}]"
1516618,b16311ba-968a-4c62-8155-d0507421fe2a.jpeg,"[{""question"": ""Is the area of each of the rectangles 12 square units?"", ""answer"": ""YES""}]"
1516618,c1a0567c-0427-44ea-9108-99dc35257b01.jpeg,"[{""question"": ""Is the area of each of the rectangles 12 square units?"", ""answer"": ""NO""}]"
1516618,ca5feb39-8df1-4cd4-80a0-939c564dad1e.jpeg,"[{""question"": ""Is the area of each of the rectangles 12 square units?"", ""answer"": ""YES""}]"
1516618,d3ac04d6-3e60-4e70-8c78-321cdc3d68e3.jpeg,"[{""question"": ""Is the area of each of the rectangles 12 square units?"", ""answer"": ""YES""}]"
1516618,f916143f-3702-4321-b945-315ae740a665.jpeg,"[{""question"": ""Is the area of each of the rectangles 12 square units?"", ""answer"": ""YES""}]"
1516618,fdd7cb8a-0f51-452e-a0d4-97d3de43d0c0.jpeg,"[{""question"": ""Is the area of each of the rectangles 12 square units?"", ""answer"": ""YES""}]"
1516619,03063258-445b-4d29-a2f9-79a1bcd0962c.jpeg,"[{""question"": ""Are all of the rectangles the same size?"", ""answer"": ""NO""}, {""question"": ""Did the student use copies of the rectangle to tile the plane?"", ""answer"": ""NO""}, {""question"": ""Is the coordinate plane completely filled with tiles of the rectangle?"", ""answer"": ""NO""}]"
1516619,0e715c4b-f918-4c8a-826a-d8f14bbc1372.jpeg,[]
1516619,119ce24b-360a-408c-b359-06d6f045d324.jpeg,"[{""question"": ""Are all of the rectangles the same size?"", ""answer"": ""YES""}, {""question"": ""Did the student use copies of the rectangle to tile the plane?"", ""answer"": ""YES""}, {""question"": ""Is the coordinate plane completely filled with tiles of the rectangle?"", ""answer"": ""YES""}]"
1516619,29535513-df06-4e8e-814b-c2a6f010e2bf.jpeg,"[{""question"": ""Are all of the rectangles the same size?"", ""answer"": ""NO""}, {""question"": ""Did the student use copies of the rectangle to tile the plane?"", ""answer"": ""YES""}, {""question"": ""Is the coordinate plane completely filled with tiles of the rectangle?"", ""answer"": ""YES""}]"
1516619,7247ddfe-71eb-4757-8a8c-69eac902b9b3.jpeg,"[{""question"": ""Are all of the rectangles the same size?"", ""answer"": ""NO""}, {""question"": ""Did the student use copies of the rectangle to tile the plane?"", ""answer"": ""NO""}, {""question"": ""Is the coordinate plane completely filled with tiles of the rectangle?"", ""answer"": ""NO""}]"
1516619,7a683f27-f1ec-4c5a-b541-c6a3715149e6.jpeg,"[{""question"": ""Are all of the rectangles the same size?"", ""answer"": ""YES""}, {""question"": ""Did the student use copies of the rectangle to tile the plane?"", ""answer"": ""YES""}, {""question"": ""Is the coordinate plane completely filled with tiles of the rectangle?"", ""answer"": ""YES""}]"
1516619,8c3fad2c-eb78-4820-82b5-f5cd393ccf44.jpeg,"[{""question"": ""Are all of the rectangles the same size?"", ""answer"": ""YES""}, {""question"": ""Did the student use copies of the rectangle to tile the plane?"", ""answer"": ""YES""}, {""question"": ""Is the coordinate plane completely filled with tiles of the rectangle?"", ""answer"": ""YES""}]"
1516619,8f1ca522-1c0e-4a41-a7de-109e04355ab2.jpeg,"[{""question"": ""Are all of the rectangles the same size?"", ""answer"": ""YES""}, {""question"": ""Did the student use copies of the rectangle to tile the plane?"", ""answer"": ""YES""}, {""question"": ""Is the coordinate plane completely filled with tiles of the rectangle?"", ""answer"": ""NO""}]"
1516619,9270add1-4f22-4c2c-9130-3011bc16ec0d.jpeg,"[{""question"": ""Are all of the rectangles the same size?"", ""answer"": ""NO""}, {""question"": ""Did the student use copies of the rectangle to tile the plane?"", ""answer"": ""NO""}, {""question"": ""Is the coordinate plane completely filled with tiles of the rectangle?"", ""answer"": ""NO""}]"
1516619,cde7fd70-1be9-4270-a715-492b270a55f3.jpeg,"[{""question"": ""Are all of the rectangles the same size?"", ""answer"": ""YES""}, {""question"": ""Did the student use copies of the rectangle to tile the plane?"", ""answer"": ""NO""}, {""question"": ""Is the coordinate plane completely filled with tiles of the rectangle?"", ""answer"": ""YES""}]"
1516619,d5efcaf8-d2b1-4dc6-bff2-3474e0a23437.jpeg,"[{""question"": ""Are all of the rectangles the same size?"", ""answer"": ""YES""}, {""question"": ""Did the student use copies of the rectangle to tile the plane?"", ""answer"": ""YES""}, {""question"": ""Is the coordinate plane completely filled with tiles of the rectangle?"", ""answer"": ""YES""}]"
1516619,eab7c104-f234-4487-b419-f035e0741097.jpeg,"[{""question"": ""Are all of the rectangles the same size?"", ""answer"": ""NO""}, {""question"": ""Did the student use copies of the rectangle to tile the plane?"", ""answer"": ""NO""}, {""question"": ""Is the coordinate plane completely filled with tiles of the rectangle?"", ""answer"": ""NO""}]"
1516619,f12c6e34-8842-49e1-9032-6c69ed61e210.jpeg,"[{""question"": ""Are all of the rectangles the same size?"", ""answer"": ""NO""}, {""question"": ""Did the student use copies of the rectangle to tile the plane?"", ""answer"": ""NO""}, {""question"": ""Is the coordinate plane completely filled with tiles of the rectangle?"", ""answer"": ""NO""}]"
1516619,f3cb8b8a-444f-423d-bd45-13c558683e3e.jpeg,[]
1516620,08277a17-2537-48cb-84bc-971fc455a6d7.jpeg,"[{""question"": ""Did the student use copies of the given rectangle in their response?"", ""answer"": ""NO""}, {""question"": ""Did the student's answer show that the rectangle could be used to not tile the plane?"", ""answer"": ""YES""}]"
1516620,0c31bcb1-dc05-4e41-b9b5-2f78e58195b5.jpeg,"[{""question"": ""Did the student use copies of the given rectangle in their response?"", ""answer"": ""NO""}, {""question"": ""Did the student's answer show that the rectangle could be used to not tile the plane?"", ""answer"": ""NO""}]"
1516620,1099fe66-fa46-490d-aa18-7f0b0ea76f86.jpeg,"[{""question"": ""Did the student use copies of the given rectangle in their response?"", ""answer"": ""YES""}, {""question"": ""Did the student's answer show that the rectangle could be used to not tile the plane?"", ""answer"": ""YES""}]"
1516620,13cdb46d-cab5-4434-aa84-1e80eaaa13d2.jpeg,[]
1516620,36bac13a-204a-4b55-8715-99d9df85b116.jpeg,[]
1516620,4133601b-b029-4d59-972d-d7feb8a83b72.png,[]
1516620,604650c1-381e-44c9-8c6d-c20a4bbf3270.jpeg,[]
1516620,66befc10-5e94-4a09-ad11-83548801cbe2.jpeg,[]
1516620,794a9d67-4108-4601-9220-7e4582707766.jpeg,"[{""question"": ""Did the student use copies of the given rectangle in their response?"", ""answer"": ""YES""}, {""question"": ""Did the student's answer show that the rectangle could be used to not tile the plane?"", ""answer"": ""NO""}]"
1516620,7c5a1283-aa27-4e5c-84bb-f14d6234016a.jpeg,"[{""question"": ""Did the student use copies of the given rectangle in their response?"", ""answer"": ""YES""}, {""question"": ""Did the student's answer show that the rectangle could be used to not tile the plane?"", ""answer"": ""YES""}]"
1516620,8d1c7d44-8c35-400e-97cb-e45841d670d2.jpeg,"[{""question"": ""Did the student use copies of the given rectangle in their response?"", ""answer"": ""YES""}, {""question"": ""Did the student's answer show that the rectangle could be used to not tile the plane?"", ""answer"": ""NO""}]"
1516620,a1c0f0c2-3304-4e40-912f-f1bb639d552e.jpeg,"[{""question"": ""Did the student use copies of the given rectangle in their response?"", ""answer"": ""YES""}, {""question"": ""Did the student's answer show that the rectangle could be used to not tile the plane?"", ""answer"": ""NO""}]"
1516620,aac2c6b3-70a8-430c-8b5f-cef026397899.jpeg,"[{""question"": ""Did the student use copies of the given rectangle in their response?"", ""answer"": ""YES""}, {""question"": ""Did the student's answer show that the rectangle could be used to not tile the plane?"", ""answer"": ""NO""}]"
1516620,ccf6c2ab-d98a-410c-99fb-3af589aa630d.jpeg,"[{""question"": ""Did the student use copies of the given rectangle in their response?"", ""answer"": ""YES""}, {""question"": ""Did the student's answer show that the rectangle could be used to not tile the plane?"", ""answer"": ""NO""}]"
1516624,0f57eb0d-bae1-4581-ad97-333a5c30c4ba.jpeg,"[{""question"": ""Did the student use two different methods to find the area?"", ""answer"": ""NO""}]"
1516624,11f7afd6-0ebd-47c0-a417-54c400bc8a21.jpeg,"[{""question"": ""Did the student use two different methods to find the area?"", ""answer"": ""NO""}]"
1516624,38740c2b-0e60-42df-8a76-7814e9e13b8c.jpeg,"[{""question"": ""Did the student use two different methods to find the area?"", ""answer"": ""YES""}]"
1516624,45c8d620-1023-4dc6-ab00-00371fe59306.jpeg,[]
1516624,4a09210d-b924-432a-a2de-1007aa77b57b.jpeg,"[{""question"": ""Did the student use two different methods to find the area?"", ""answer"": ""NO""}]"
1516624,4a0c9345-37b0-4be4-a948-0d7b6fb1a43f.jpeg,[]
1516624,642d6946-6e77-43c8-a56e-aa965de6f57f.jpeg,"[{""question"": ""Did the student use two different methods to find the area?"", ""answer"": ""YES""}]"
1516624,6baa2605-e8d6-477a-9458-80c484377003.jpeg,"[{""question"": ""Did the student use two different methods to find the area?"", ""answer"": ""NO""}]"
1516624,78d80a3b-513d-4afc-b858-1afe9d79724e.jpeg,"[{""question"": ""Did the student use two different methods to find the area?"", ""answer"": ""NO""}]"
1516624,7e21f45f-a2e1-4884-aae7-2f690234c0a1.jpeg,"[{""question"": ""Did the student use two different methods to find the area?"", ""answer"": ""NO""}]"
1516624,a3391580-fe6a-4300-a3cb-29c2a9c954f7.jpeg,"[{""question"": ""Did the student use two different methods to find the area?"", ""answer"": ""YES""}]"
1516624,ab48c2fd-714d-497f-88b6-fbef9e556638.jpeg,"[{""question"": ""Did the student use two different methods to find the area?"", ""answer"": ""NO""}]"
1516624,ac8471e2-65fa-4032-88e3-77f3807e730c.jpeg,"[{""question"": ""Did the student use two different methods to find the area?"", ""answer"": ""NO""}]"
1516624,cefbe058-75c0-4e5b-9c03-6546b2992625.jpeg,"[{""question"": ""Did the student use two different methods to find the area?"", ""answer"": ""NO""}]"
1516624,dbddd484-41aa-4459-bb43-459548b98be7.jpeg,"[{""question"": ""Did the student use two different methods to find the area?"", ""answer"": ""YES""}]"
1516657,0d4c4079-3c47-4981-abb2-21df392f5744.jpeg,[]
1516657,1ac04eed-06c4-4fab-82be-6514b97153f7.jpeg,[]
1516657,1acc4792-fbe2-4cde-ad16-701b8755a581.jpeg,[]
1516657,25950331-1e05-45df-8a76-d5fe6c13ed94.jpeg,[]
1516657,28ab6f12-3d19-4942-a072-5644224a3820.jpeg,[]
1516657,41879eff-5806-4536-a1b7-23d607b800fd.jpeg,[]
1516657,4f84ac5b-2ff1-4d36-93b8-10ed4499c756.jpeg,[]
1516657,6076eb0f-c37b-477b-a9fe-5e4e8b44824a.jpeg,[]
1516657,6e9998bd-d6aa-4fb6-8c37-7382f97db2cd.jpeg,[]
1516657,ca3393eb-2dee-42f9-971c-7b0036c69980.jpeg,[]
1516657,d30bb858-97b8-4e77-960e-db6282deff35.jpeg,[]
1516657,d9d0c5de-5e98-42a6-b577-3a59bf5f49aa.jpeg,[]
1516657,df7ba0dc-f1dc-48ce-ad4c-5daafe76bce1.jpeg,[]
1516657,e68198a7-3652-4fd4-975e-62be91d8df79.jpeg,[]
1516657,fd3b9c23-3cc1-4529-8821-a402722bff18.jpeg,[]
1516693,09527f65-263a-46bb-8ae9-463b3e2c3b7c.jpeg,"[{""question"": ""Did the student answer \""Yes\"" or \""No\""?"", ""answer"": ""NO""}, {""question"": ""Did the student correctly sketch a parallelogram that is not a square?"", ""answer"": ""NO""}]"
1516693,11d6cefb-3534-4078-8c39-602ef80ea1da.jpeg,"[{""question"": ""Did the student answer \""Yes\"" or \""No\""?"", ""answer"": ""YES""}, {""question"": ""Did the student correctly sketch a parallelogram that is not a square?"", ""answer"": ""YES""}]"
1516693,1355daf8-216f-40ad-a999-e3f04bd19acd.png,"[{""question"": ""Did the student answer \""Yes\"" or \""No\""?"", ""answer"": ""NO""}, {""question"": ""Did the student correctly sketch a parallelogram that is not a square?"", ""answer"": ""NO""}]"
1516693,4634056f-eb05-461c-8bdc-31aad0d69df4.jpeg,"[{""question"": ""Did the student answer \""Yes\"" or \""No\""?"", ""answer"": ""NO""}, {""question"": ""Did the student correctly sketch a parallelogram that is not a square?"", ""answer"": ""YES""}]"
1516693,4e813fff-b7ed-4b5b-9874-42557825b7cc.jpeg,"[{""question"": ""Did the student answer \""Yes\"" or \""No\""?"", ""answer"": ""NO""}, {""question"": ""Did the student correctly sketch a parallelogram that is not a square?"", ""answer"": ""NO""}]"
1516693,5f7383c3-322e-4b57-a4fe-d00355905711.jpeg,"[{""question"": ""Did the student answer \""Yes\"" or \""No\""?"", ""answer"": ""YES""}, {""question"": ""Did the student correctly sketch a parallelogram that is not a square?"", ""answer"": ""NO""}]"
1516693,61c298fc-7145-4866-96e7-3e76765dccec.png,"[{""question"": ""Did the student answer \""Yes\"" or \""No\""?"", ""answer"": ""NO""}, {""question"": ""Did the student correctly sketch a parallelogram that is not a square?"", ""answer"": ""YES""}]"
1516693,797a7cfd-4606-49a8-ad9e-010cf2bc1f87.jpeg,"[{""question"": ""Did the student answer \""Yes\"" or \""No\""?"", ""answer"": ""NO""}, {""question"": ""Did the student correctly sketch a parallelogram that is not a square?"", ""answer"": ""NO""}]"
1516693,8dc6f5c7-010f-4e19-9773-8fae25b54a12.jpeg,"[{""question"": ""Did the student answer \""Yes\"" or \""No\""?"", ""answer"": ""NO""}, {""question"": ""Did the student correctly sketch a parallelogram that is not a square?"", ""answer"": ""NO""}]"
1516693,9ddcf278-cb8b-4f19-85fe-9e2d6252f705.jpeg,"[{""question"": ""Did the student answer \""Yes\"" or \""No\""?"", ""answer"": ""YES""}, {""question"": ""Did the student correctly sketch a parallelogram that is not a square?"", ""answer"": ""YES""}]"
1516693,9fbe4adc-c858-43a0-8d88-7760856fb4d8.jpeg,"[{""question"": ""Did the student answer \""Yes\"" or \""No\""?"", ""answer"": ""NO""}, {""question"": ""Did the student correctly sketch a parallelogram that is not a square?"", ""answer"": ""NO""}]"
1516693,ac2a71b6-84bc-4b90-a22f-e25221e76976.png,"[{""question"": ""Did the student answer \""Yes\"" or \""No\""?"", ""answer"": ""NO""}, {""question"": ""Did the student correctly sketch a parallelogram that is not a square?"", ""answer"": ""NO""}]"
1516693,bbdb5063-d158-45eb-83ef-86206dac8ba2.jpeg,"[{""question"": ""Did the student answer \""Yes\"" or \""No\""?"", ""answer"": ""NO""}, {""question"": ""Did the student correctly sketch a parallelogram that is not a square?"", ""answer"": ""NO""}]"
1516693,ce3bc039-e53d-412c-a735-f2f8a5e18065.jpeg,"[{""question"": ""Did the student answer \""Yes\"" or \""No\""?"", ""answer"": ""NO""}, {""question"": ""Did the student correctly sketch a parallelogram that is not a square?"", ""answer"": ""NO""}]"
1516695,1cf9e4ae-95f7-4001-9e82-cdb6cd7eeddd.png,"[{""question"": ""Did the student draw the cut line on the three quadrilaterals?"", ""answer"": ""YES""}, {""question"": ""Does one of the quadrilaterals have non-right angles?"", ""answer"": ""YES""}]"
1516695,2c501686-9d79-429a-92dd-708db46b469e.jpeg,"[{""question"": ""Did the student draw the cut line on the three quadrilaterals?"", ""answer"": ""YES""}, {""question"": ""Does one of the quadrilaterals have non-right angles?"", ""answer"": ""YES""}]"
1516695,327c94a2-c83d-40e9-941a-3174ddc2ec8f.jpeg,"[{""question"": ""Did the student draw the cut line on the three quadrilaterals?"", ""answer"": ""YES""}, {""question"": ""Does one of the quadrilaterals have non-right angles?"", ""answer"": ""YES""}]"
1516695,3488225b-368b-4e4e-a720-170e45731102.jpeg,"[{""question"": ""Did the student draw the cut line on the three quadrilaterals?"", ""answer"": ""YES""}, {""question"": ""Does one of the quadrilaterals have non-right angles?"", ""answer"": ""YES""}]"
1516695,4afd47cb-1057-43f6-bbae-e0cfc7549f5f.jpeg,"[{""question"": ""Did the student draw the cut line on the three quadrilaterals?"", ""answer"": ""YES""}, {""question"": ""Does one of the quadrilaterals have non-right angles?"", ""answer"": ""NO""}]"
1516695,604b321b-99d8-4607-99a5-7f4703d6ec07.jpeg,"[{""question"": ""Did the student draw the cut line on the three quadrilaterals?"", ""answer"": ""YES""}, {""question"": ""Does one of the quadrilaterals have non-right angles?"", ""answer"": ""NO""}]"
1516695,65471e15-0743-4740-b285-d3462a387ebc.jpeg,"[{""question"": ""Did the student draw the cut line on the three quadrilaterals?"", ""answer"": ""YES""}, {""question"": ""Does one of the quadrilaterals have non-right angles?"", ""answer"": ""YES""}]"
1516695,6f1457ef-bc68-4367-8ba1-c74c2060870d.jpeg,"[{""question"": ""Did the student draw the cut line on the three quadrilaterals?"", ""answer"": ""YES""}, {""question"": ""Does one of the quadrilaterals have non-right angles?"", ""answer"": ""YES""}]"
1516695,72133daa-2f9a-4537-a20e-2d261bf652e7.jpeg,"[{""question"": ""Did the student draw the cut line on the three quadrilaterals?"", ""answer"": ""YES""}, {""question"": ""Does one of the quadrilaterals have non-right angles?"", ""answer"": ""YES""}]"
1516695,93b5c869-caf0-4abf-9ca8-50f9e6d0093f.jpeg,"[{""question"": ""Did the student draw the cut line on the three quadrilaterals?"", ""answer"": ""YES""}, {""question"": ""Does one of the quadrilaterals have non-right angles?"", ""answer"": ""NO""}]"
1516695,b31385c4-ed60-4a56-b625-14457e08dcd8.jpeg,"[{""question"": ""Did the student draw the cut line on the three quadrilaterals?"", ""answer"": ""YES""}, {""question"": ""Does one of the quadrilaterals have non-right angles?"", ""answer"": ""YES""}]"
1516695,d0daebf5-7d12-4bbb-87a9-4cbace2df88f.jpeg,"[{""question"": ""Did the student draw the cut line on the three quadrilaterals?"", ""answer"": ""YES""}, {""question"": ""Does one of the quadrilaterals have non-right angles?"", ""answer"": ""YES""}]"
1516695,d5e2ed49-d5d5-4729-ae2b-ac103069379d.jpeg,"[{""question"": ""Did the student draw the cut line on the three quadrilaterals?"", ""answer"": ""YES""}, {""question"": ""Does one of the quadrilaterals have non-right angles?"", ""answer"": ""YES""}]"
1516695,faedf8a9-8895-4b8d-8915-e81d6e21ef36.jpeg,"[{""question"": ""Did the student draw the cut line on the three quadrilaterals?"", ""answer"": ""YES""}, {""question"": ""Does one of the quadrilaterals have non-right angles?"", ""answer"": ""NO""}]"
1524116,0fa93807-ab3f-49b5-b85b-ed8fe45121c0.jpeg,"[{""question"": ""Did the student correctly find the product of 72.81?"", ""answer"": ""NO""}, {""question"": ""Did the student correctly show that multiplying by 100 shifts the digits two places to the left?"", ""answer"": ""YES""}]"
1524116,25721614-ce5d-4356-a9b1-748f31a0aead.jpeg,"[{""question"": ""Did the student correctly find the product of 72.81?"", ""answer"": ""YES""}, {""question"": ""Did the student correctly show that multiplying by 100 shifts the digits two places to the left?"", ""answer"": ""YES""}]"
1524116,26a4c1d0-fb6b-4ef3-b644-a8b362033caf.jpeg,"[{""question"": ""Did the student correctly find the product of 72.81?"", ""answer"": ""NO""}, {""question"": ""Did the student correctly show that multiplying by 100 shifts the digits two places to the left?"", ""answer"": ""YES""}]"
1524116,4682f867-48d7-4b22-8001-835558f19553.jpeg,"[{""question"": ""Did the student correctly find the product of 72.81?"", ""answer"": ""YES""}, {""question"": ""Did the student correctly show that multiplying by 100 shifts the digits two places to the left?"", ""answer"": ""YES""}]"
1524116,4d0149e1-467e-4601-a0e1-9ac8d2875045.jpeg,"[{""question"": ""Did the student correctly find the product of 72.81?"", ""answer"": ""NO""}, {""question"": ""Did the student correctly show that multiplying by 100 shifts the digits two places to the left?"", ""answer"": ""YES""}]"
1524116,4f95499a-87ea-4b8b-aaed-bc5a13b014fc.jpeg,"[{""question"": ""Did the student correctly find the product of 72.81?"", ""answer"": ""YES""}, {""question"": ""Did the student correctly show that multiplying by 100 shifts the digits two places to the left?"", ""answer"": ""YES""}]"
1524116,55957cb5-5758-473d-a730-105b7028f1a3.jpeg,"[{""question"": ""Did the student correctly find the product of 72.81?"", ""answer"": ""YES""}, {""question"": ""Did the student correctly show that multiplying by 100 shifts the digits two places to the left?"", ""answer"": ""YES""}]"
1524116,85f06409-4665-44a1-96f2-7f4dd420635c.jpeg,"[{""question"": ""Did the student correctly find the product of 72.81?"", ""answer"": ""NO""}, {""question"": ""Did the student correctly show that multiplying by 100 shifts the digits two places to the left?"", ""answer"": ""YES""}]"
1524116,9d9dc6d0-1519-4deb-9621-b4a363effb0d.jpeg,"[{""question"": ""Did the student correctly find the product of 72.81?"", ""answer"": ""YES""}, {""question"": ""Did the student correctly show that multiplying by 100 shifts the digits two places to the left?"", ""answer"": ""YES""}]"
1524116,aa65f4ac-bdc2-4c6f-a759-d48355e87e3b.jpeg,"[{""question"": ""Did the student correctly find the product of 72.81?"", ""answer"": ""YES""}, {""question"": ""Did the student correctly show that multiplying by 100 shifts the digits two places to the left?"", ""answer"": ""YES""}]"
1524116,c17109e1-868a-4b7a-bdbb-51bd31f94ad0.jpeg,"[{""question"": ""Did the student correctly find the product of 72.81?"", ""answer"": ""YES""}, {""question"": ""Did the student correctly show that multiplying by 100 shifts the digits two places to the left?"", ""answer"": ""YES""}]"
1524116,c5c85844-ec21-430c-aba2-77a18c1f2d8f.jpeg,"[{""question"": ""Did the student correctly find the product of 72.81?"", ""answer"": ""NO""}, {""question"": ""Did the student correctly show that multiplying by 100 shifts the digits two places to the left?"", ""answer"": ""YES""}]"
1524116,cf129e1d-dd2f-4612-9e47-da08126460e0.jpeg,"[{""question"": ""Did the student correctly find the product of 72.81?"", ""answer"": ""YES""}, {""question"": ""Did the student correctly show that multiplying by 100 shifts the digits two places to the left?"", ""answer"": ""YES""}]"
1524116,f29df4de-2c59-4e9a-9000-61fcf193d615.jpeg,"[{""question"": ""Did the student correctly find the product of 72.81?"", ""answer"": ""YES""}, {""question"": ""Did the student correctly show that multiplying by 100 shifts the digits two places to the left?"", ""answer"": ""YES""}]"
1524116,f6495292-e662-4b43-b36c-a47a9cee155b.jpeg,"[{""question"": ""Did the student correctly find the product of 72.81?"", ""answer"": ""YES""}, {""question"": ""Did the student correctly show that multiplying by 100 shifts the digits two places to the left?"", ""answer"": ""YES""}]"
1524209,0eefeec8-5f94-4469-8f4b-e63229076721.jpeg,"[{""question"": ""Does the student's diagram correctly show that 3 batches includes 9 cups of red paint and 6 cups of green paint?"", ""answer"": ""NO""}]"
1524209,13fe1c5a-d218-4945-b38b-515cdbe262c0.png,"[{""question"": ""Does the student's diagram correctly show that 3 batches includes 9 cups of red paint and 6 cups of green paint?"", ""answer"": ""NO""}]"
1524209,2afbe97f-1126-4f54-bf9b-c106f4f0d8bb.jpeg,"[{""question"": ""Does the student's diagram correctly show that 3 batches includes 9 cups of red paint and 6 cups of green paint?"", ""answer"": ""NO""}]"
1524209,5919087b-a58f-4644-8e31-845773002306.jpeg,"[{""question"": ""Does the student's diagram correctly show that 3 batches includes 9 cups of red paint and 6 cups of green paint?"", ""answer"": ""YES""}]"
1524209,61085822-bc89-4de2-8e7c-6be461184cbb.jpeg,"[{""question"": ""Does the student's diagram correctly show that 3 batches includes 9 cups of red paint and 6 cups of green paint?"", ""answer"": ""YES""}]"
1524209,77034926-f25e-420e-8b56-c0954a4e3086.jpeg,"[{""question"": ""Does the student's diagram correctly show that 3 batches includes 9 cups of red paint and 6 cups of green paint?"", ""answer"": ""NO""}]"
1524209,7c5f5023-8088-4f21-999c-edcfb15c7ed3.jpeg,"[{""question"": ""Does the student's diagram correctly show that 3 batches includes 9 cups of red paint and 6 cups of green paint?"", ""answer"": ""YES""}]"
1524209,8d4b9a9a-0e24-4953-83d5-6e5aa1f5eaa8.jpeg,"[{""question"": ""Does the student's diagram correctly show that 3 batches includes 9 cups of red paint and 6 cups of green paint?"", ""answer"": ""YES""}]"
1524209,c61d0a82-f84d-455f-8b1c-c9dee840a80a.jpeg,"[{""question"": ""Does the student's diagram correctly show that 3 batches includes 9 cups of red paint and 6 cups of green paint?"", ""answer"": ""YES""}]"
1524209,d61c1175-d702-44a8-bcc5-56f13837ee48.jpeg,"[{""question"": ""Does the student's diagram correctly show that 3 batches includes 9 cups of red paint and 6 cups of green paint?"", ""answer"": ""YES""}]"
1524209,f5618ae8-4135-44c0-b3e3-d71aa5efa395.jpeg,"[{""question"": ""Does the student's diagram correctly show that 3 batches includes 9 cups of red paint and 6 cups of green paint?"", ""answer"": ""YES""}]"
1524209,f5b84bd6-1a87-4720-a641-917d39e5a39a.jpeg,"[{""question"": ""Does the student's diagram correctly show that 3 batches includes 9 cups of red paint and 6 cups of green paint?"", ""answer"": ""YES""}]"
1524209,ff7281e2-6ea8-467f-9cb6-47914d6ca23c.jpeg,"[{""question"": ""Does the student's diagram correctly show that 3 batches includes 9 cups of red paint and 6 cups of green paint?"", ""answer"": ""YES""}]"
1524212,21ca406a-f6a9-463f-89d0-b9b535508832.jpeg,[]
1524212,27343988-1bf1-4c13-9ed0-8f8a48ea7082.jpeg,[]
1524212,4ef59cc8-ccc5-4682-a67e-60cb62964773.jpeg,[]
1524212,5d2219c0-541c-4f82-9b6b-cdc2b2ab14bb.jpeg,[]
1524212,67407e0a-e4bb-45e7-a85b-f4b49de48b0d.png,[]
1524212,6efa4458-51c0-4894-9d61-916b5a5a103c.jpeg,[]
1524212,75d7c9c9-7083-4451-a850-a9ea19ff35e0.jpeg,[]
1524212,80d7d84a-aab5-48d2-a9d7-aef98d2c353e.jpeg,[]
1524212,8c37247d-2440-4cf6-9d82-df933d870754.jpeg,[]
1524212,a24f3a2f-1625-4ec3-99ff-d25bbb191305.jpeg,[]
1524212,c419c9b5-c4de-4f81-b737-0c976e420c25.jpeg,[]
1524212,c8ca4e5b-e477-4703-adb3-73907200c5f1.jpeg,[]
1524212,ebffa6fa-4c13-438f-adf9-e5ce2c3e2464.png,[]
1524212,f4539449-16a5-43b3-a39c-8e6fb321c7a6.png,[]
1524212,fd6fc5d0-f94d-4f83-8511-8125a2c1e379.jpeg,[]
1524409,023a6f0f-e2fe-4e49-b517-de0b88b6339f.jpeg,"[{""question"": ""Did the student identify the ratio 8:10 is the ratio 4:5 scaled up by a factor of 2?"", ""answer"": ""YES""}]"
1524409,05dbc35e-b76f-4927-92c9-b4eaabebf13b.jpeg,"[{""question"": ""Did the student identify the ratio 8:10 is the ratio 4:5 scaled up by a factor of 2?"", ""answer"": ""YES""}]"
1524409,1ec818fb-6511-4d3c-bbf4-16276643da25.jpeg,"[{""question"": ""Did the student identify the ratio 8:10 is the ratio 4:5 scaled up by a factor of 2?"", ""answer"": ""NO""}]"
1524409,3a27fcd2-fa16-4ea4-833b-a663cf661970.jpeg,"[{""question"": ""Did the student identify the ratio 8:10 is the ratio 4:5 scaled up by a factor of 2?"", ""answer"": ""NO""}]"
1524409,409a84ab-671c-4247-b1ab-464e89d5798e.jpeg,"[{""question"": ""Did the student identify the ratio 8:10 is the ratio 4:5 scaled up by a factor of 2?"", ""answer"": ""YES""}]"
1524409,4b17bdea-68a8-49cb-a224-7b73353eef0f.jpeg,"[{""question"": ""Did the student identify the ratio 8:10 is the ratio 4:5 scaled up by a factor of 2?"", ""answer"": ""NO""}]"
1524409,5371971e-521d-4169-98a8-dc8b8275986e.jpeg,"[{""question"": ""Did the student identify the ratio 8:10 is the ratio 4:5 scaled up by a factor of 2?"", ""answer"": ""YES""}]"
1524409,54397704-a141-4074-bc9b-debf6e1a136b.png,"[{""question"": ""Did the student identify the ratio 8:10 is the ratio 4:5 scaled up by a factor of 2?"", ""answer"": ""YES""}]"
1524409,662ee297-d72e-4a08-a2db-293fcd8f55b7.jpeg,"[{""question"": ""Did the student identify the ratio 8:10 is the ratio 4:5 scaled up by a factor of 2?"", ""answer"": ""NO""}]"
1524409,be305101-8357-4e02-845c-30053a3318cb.jpeg,"[{""question"": ""Did the student identify the ratio 8:10 is the ratio 4:5 scaled up by a factor of 2?"", ""answer"": ""YES""}]"
1524409,dc604dfa-4222-414e-b80e-70adcd8f8b34.jpeg,"[{""question"": ""Did the student identify the ratio 8:10 is the ratio 4:5 scaled up by a factor of 2?"", ""answer"": ""YES""}]"
1524409,dd1376e2-0805-4ae7-909f-0ffef33657ef.jpeg,"[{""question"": ""Did the student identify the ratio 8:10 is the ratio 4:5 scaled up by a factor of 2?"", ""answer"": ""NO""}]"
1524409,dd2d2fb8-e1ea-4454-830b-bcd13fcf5911.jpeg,"[{""question"": ""Did the student identify the ratio 8:10 is the ratio 4:5 scaled up by a factor of 2?"", ""answer"": ""NO""}]"
1524409,f56f8c8b-c2c4-4195-bae0-0f0686ba51fd.jpeg,"[{""question"": ""Did the student identify the ratio 8:10 is the ratio 4:5 scaled up by a factor of 2?"", ""answer"": ""YES""}]"
1524412,0557becb-7094-41e4-b942-7603bccc8952.png,"[{""question"": ""Did the draw correctly draw 1 batch of light yellow paint?"", ""answer"": ""YES""}, {""question"": ""Did the student split the white boxes into 3 groups of 3 squares?"", ""answer"": ""NO""}, {""question"": ""Did the student split the yellow boxes into 3 groups of 5 squares?"", ""answer"": ""NO""}]"
1524412,237ef06e-ddd1-4f5a-9f4d-853ff765f551.jpeg,"[{""question"": ""Did the draw correctly draw 1 batch of light yellow paint?"", ""answer"": ""YES""}, {""question"": ""Did the student split the white boxes into 3 groups of 3 squares?"", ""answer"": ""YES""}, {""question"": ""Did the student split the yellow boxes into 3 groups of 5 squares?"", ""answer"": ""YES""}]"
1524412,382c5065-ee3c-4fef-bd26-3bd5126eb9a5.jpeg,"[{""question"": ""Did the draw correctly draw 1 batch of light yellow paint?"", ""answer"": ""NO""}, {""question"": ""Did the student split the white boxes into 3 groups of 3 squares?"", ""answer"": ""NO""}, {""question"": ""Did the student split the yellow boxes into 3 groups of 5 squares?"", ""answer"": ""YES""}]"
1524412,3e14dfd3-b730-440d-a763-e61c7ee8bc7b.png,"[{""question"": ""Did the draw correctly draw 1 batch of light yellow paint?"", ""answer"": ""YES""}, {""question"": ""Did the student split the white boxes into 3 groups of 3 squares?"", ""answer"": ""NO""}, {""question"": ""Did the student split the yellow boxes into 3 groups of 5 squares?"", ""answer"": ""NO""}]"
1524412,49fb70bc-6d60-47af-88cc-ba3c26aa51ef.jpeg,"[{""question"": ""Did the draw correctly draw 1 batch of light yellow paint?"", ""answer"": ""YES""}, {""question"": ""Did the student split the white boxes into 3 groups of 3 squares?"", ""answer"": ""NO""}, {""question"": ""Did the student split the yellow boxes into 3 groups of 5 squares?"", ""answer"": ""NO""}]"
1524412,56610514-e10d-4cbb-908e-b45f32f9df13.jpeg,"[{""question"": ""Did the draw correctly draw 1 batch of light yellow paint?"", ""answer"": ""NO""}, {""question"": ""Did the student split the white boxes into 3 groups of 3 squares?"", ""answer"": ""NO""}, {""question"": ""Did the student split the yellow boxes into 3 groups of 5 squares?"", ""answer"": ""YES""}]"
1524412,67eee0a1-1f09-4c60-808c-b9b42cf2e24d.jpeg,"[{""question"": ""Did the draw correctly draw 1 batch of light yellow paint?"", ""answer"": ""YES""}, {""question"": ""Did the student split the white boxes into 3 groups of 3 squares?"", ""answer"": ""NO""}, {""question"": ""Did the student split the yellow boxes into 3 groups of 5 squares?"", ""answer"": ""NO""}]"
1524412,69be70d4-986f-4e1a-95c0-294461051241.jpeg,"[{""question"": ""Did the draw correctly draw 1 batch of light yellow paint?"", ""answer"": ""NO""}, {""question"": ""Did the student split the white boxes into 3 groups of 3 squares?"", ""answer"": ""NO""}, {""question"": ""Did the student split the yellow boxes into 3 groups of 5 squares?"", ""answer"": ""NO""}]"
1524412,6b8d0466-64ad-4cff-9698-e00bbd3a4cd1.jpeg,"[{""question"": ""Did the draw correctly draw 1 batch of light yellow paint?"", ""answer"": ""YES""}, {""question"": ""Did the student split the white boxes into 3 groups of 3 squares?"", ""answer"": ""YES""}, {""question"": ""Did the student split the yellow boxes into 3 groups of 5 squares?"", ""answer"": ""YES""}]"
1524412,879967c7-0d43-4fd1-97fe-783357477f42.jpeg,"[{""question"": ""Did the draw correctly draw 1 batch of light yellow paint?"", ""answer"": ""YES""}, {""question"": ""Did the student split the white boxes into 3 groups of 3 squares?"", ""answer"": ""NO""}, {""question"": ""Did the student split the yellow boxes into 3 groups of 5 squares?"", ""answer"": ""NO""}]"
1524412,b13e7b98-00d5-489a-9588-6635795411b0.jpeg,"[{""question"": ""Did the draw correctly draw 1 batch of light yellow paint?"", ""answer"": ""NO""}, {""question"": ""Did the student split the white boxes into 3 groups of 3 squares?"", ""answer"": ""NO""}, {""question"": ""Did the student split the yellow boxes into 3 groups of 5 squares?"", ""answer"": ""NO""}]"
1524412,fdf5530d-5367-4e99-85e5-215eb7263dfc.png,"[{""question"": ""Did the draw correctly draw 1 batch of light yellow paint?"", ""answer"": ""YES""}, {""question"": ""Did the student split the white boxes into 3 groups of 3 squares?"", ""answer"": ""NO""}, {""question"": ""Did the student split the yellow boxes into 3 groups of 5 squares?"", ""answer"": ""NO""}]"
1524472,06399b6a-8724-4900-b8e5-262076a3703e.jpeg,"[{""question"": ""Did the student show that the ratio 18:3 is equivalent to 6:1 because the former is the latter scaled up by a factor of 3?"", ""answer"": ""YES""}, {""question"": ""Did the student use a diagram to support their answer?"", ""answer"": ""YES""}]"
1524472,166c576a-1d81-4101-a422-25c72844ff8b.jpeg,"[{""question"": ""Did the student show that the ratio 18:3 is equivalent to 6:1 because the former is the latter scaled up by a factor of 3?"", ""answer"": ""YES""}, {""question"": ""Did the student use a diagram to support their answer?"", ""answer"": ""YES""}]"
1524472,4159bbc2-515e-4edb-864b-8a1560ad6be8.jpeg,"[{""question"": ""Did the student show that the ratio 18:3 is equivalent to 6:1 because the former is the latter scaled up by a factor of 3?"", ""answer"": ""YES""}, {""question"": ""Did the student use a diagram to support their answer?"", ""answer"": ""YES""}]"
1524472,69ba52bb-4978-4373-9ee5-24615796a926.jpeg,"[{""question"": ""Did the student show that the ratio 18:3 is equivalent to 6:1 because the former is the latter scaled up by a factor of 3?"", ""answer"": ""NO""}, {""question"": ""Did the student use a diagram to support their answer?"", ""answer"": ""NO""}]"
1524472,794b046f-9a46-46eb-b0f7-439e6addd499.jpeg,"[{""question"": ""Did the student show that the ratio 18:3 is equivalent to 6:1 because the former is the latter scaled up by a factor of 3?"", ""answer"": ""NO""}, {""question"": ""Did the student use a diagram to support their answer?"", ""answer"": ""NO""}]"
1524472,bb2d9212-2c1a-46bd-b7d4-18099058cc49.jpeg,"[{""question"": ""Did the student show that the ratio 18:3 is equivalent to 6:1 because the former is the latter scaled up by a factor of 3?"", ""answer"": ""YES""}, {""question"": ""Did the student use a diagram to support their answer?"", ""answer"": ""YES""}]"
1524472,bf852b24-0a5f-4e41-9159-4d4ab7ca093d.jpeg,"[{""question"": ""Did the student show that the ratio 18:3 is equivalent to 6:1 because the former is the latter scaled up by a factor of 3?"", ""answer"": ""YES""}, {""question"": ""Did the student use a diagram to support their answer?"", ""answer"": ""NO""}]"
1524472,cfc5e7f7-332e-48e4-91be-f7762c4b8954.png,"[{""question"": ""Did the student show that the ratio 18:3 is equivalent to 6:1 because the former is the latter scaled up by a factor of 3?"", ""answer"": ""YES""}, {""question"": ""Did the student use a diagram to support their answer?"", ""answer"": ""YES""}]"
1524472,db019732-f2e8-4256-b820-73dc99d5a6bf.jpeg,"[{""question"": ""Did the student show that the ratio 18:3 is equivalent to 6:1 because the former is the latter scaled up by a factor of 3?"", ""answer"": ""NO""}, {""question"": ""Did the student use a diagram to support their answer?"", ""answer"": ""NO""}]"
1524472,e42a64b8-5950-4e02-a095-ac81aa51b32c.jpeg,"[{""question"": ""Did the student show that the ratio 18:3 is equivalent to 6:1 because the former is the latter scaled up by a factor of 3?"", ""answer"": ""NO""}, {""question"": ""Did the student use a diagram to support their answer?"", ""answer"": ""YES""}]"
1524472,fc0dfbce-b299-405a-9e36-459ea20b8726.jpeg,"[{""question"": ""Did the student show that the ratio 18:3 is equivalent to 6:1 because the former is the latter scaled up by a factor of 3?"", ""answer"": ""NO""}, {""question"": ""Did the student use a diagram to support their answer?"", ""answer"": ""YES""}]"
1524473,0214905c-2ba4-4031-85c0-bc05062ab406.jpeg,"[{""question"": ""Did the student correctly identfy the scale factor of 5,000?"", ""answer"": ""NO""}, {""question"": ""Did the student use a diagram to support their answer?"", ""answer"": ""NO""}]"
1524473,1c390938-82e3-439b-be80-d59f62e4a702.jpeg,"[{""question"": ""Did the student correctly identfy the scale factor of 5,000?"", ""answer"": ""NO""}, {""question"": ""Did the student use a diagram to support their answer?"", ""answer"": ""NO""}]"
1524473,277ba6b8-7046-4fb4-a2a3-a6d077828fdf.jpeg,"[{""question"": ""Did the student correctly identfy the scale factor of 5,000?"", ""answer"": ""YES""}, {""question"": ""Did the student use a diagram to support their answer?"", ""answer"": ""NO""}]"
1524473,3e0c221f-3704-4b54-b81d-45f5dd11647e.jpeg,"[{""question"": ""Did the student correctly identfy the scale factor of 5,000?"", ""answer"": ""NO""}, {""question"": ""Did the student use a diagram to support their answer?"", ""answer"": ""NO""}]"
1524473,45c3322b-bc62-456b-9b0a-1e53da7ec9ba.jpeg,"[{""question"": ""Did the student correctly identfy the scale factor of 5,000?"", ""answer"": ""NO""}, {""question"": ""Did the student use a diagram to support their answer?"", ""answer"": ""NO""}]"
1524473,638241e7-644f-4ac9-a06d-ef39b71db92c.jpeg,"[{""question"": ""Did the student correctly identfy the scale factor of 5,000?"", ""answer"": ""YES""}, {""question"": ""Did the student use a diagram to support their answer?"", ""answer"": ""NO""}]"
1524473,6420cc73-2da5-454a-9338-6f20142c5995.jpeg,"[{""question"": ""Did the student correctly identfy the scale factor of 5,000?"", ""answer"": ""YES""}, {""question"": ""Did the student use a diagram to support their answer?"", ""answer"": ""YES""}]"
1524473,960c660b-121c-47af-906a-929aee08dd37.jpeg,"[{""question"": ""Did the student correctly identfy the scale factor of 5,000?"", ""answer"": ""NO""}, {""question"": ""Did the student use a diagram to support their answer?"", ""answer"": ""NO""}]"
1524473,9fc99d2e-0a46-45fc-a7bb-374795cc27cb.jpeg,"[{""question"": ""Did the student correctly identfy the scale factor of 5,000?"", ""answer"": ""YES""}, {""question"": ""Did the student use a diagram to support their answer?"", ""answer"": ""NO""}]"
1524473,c91526e9-9341-4fb4-98a4-525df5295b3e.jpeg,"[{""question"": ""Did the student correctly identfy the scale factor of 5,000?"", ""answer"": ""YES""}, {""question"": ""Did the student use a diagram to support their answer?"", ""answer"": ""NO""}]"
1524473,db5080c7-8f52-456c-ad32-5072d4b73bd6.jpeg,"[{""question"": ""Did the student correctly identfy the scale factor of 5,000?"", ""answer"": ""YES""}, {""question"": ""Did the student use a diagram to support their answer?"", ""answer"": ""YES""}]"
1524473,fedce10f-ca73-4ebf-9fd6-8b5c3dc4af03.jpeg,"[{""question"": ""Did the student correctly identfy the scale factor of 5,000?"", ""answer"": ""YES""}, {""question"": ""Did the student use a diagram to support their answer?"", ""answer"": ""NO""}]"
1524630,2a29aa22-2e35-4f76-8dbe-12011da9b9cf.jpeg,"[{""question"": ""Did the student correctly identify that 2 batches of purple paint contain 6 cups of red paint and 4 cups of blue paint?"", ""answer"": ""YES""}]"
1524630,33e09abb-fb6c-4062-9ee5-61b12069591e.jpeg,"[{""question"": ""Did the student correctly identify that 2 batches of purple paint contain 6 cups of red paint and 4 cups of blue paint?"", ""answer"": ""YES""}]"
1524630,43eefa51-4a03-47cc-a87f-bed8b7d00a13.jpeg,"[{""question"": ""Did the student correctly identify that 2 batches of purple paint contain 6 cups of red paint and 4 cups of blue paint?"", ""answer"": ""YES""}]"
1524630,8cdeb9d0-c9af-4132-bf59-af6f84bb84bf.jpeg,"[{""question"": ""Did the student correctly identify that 2 batches of purple paint contain 6 cups of red paint and 4 cups of blue paint?"", ""answer"": ""YES""}]"
1524630,8e3ef2e2-9c97-4327-a183-856694952446.jpeg,"[{""question"": ""Did the student correctly identify that 2 batches of purple paint contain 6 cups of red paint and 4 cups of blue paint?"", ""answer"": ""YES""}]"
1524630,9f597263-fbb2-42b0-b3fe-5647c856219e.jpeg,"[{""question"": ""Did the student correctly identify that 2 batches of purple paint contain 6 cups of red paint and 4 cups of blue paint?"", ""answer"": ""NO""}]"
1524630,aa811b4b-aeaa-452d-b596-5ee2c782b5ad.jpeg,"[{""question"": ""Did the student correctly identify that 2 batches of purple paint contain 6 cups of red paint and 4 cups of blue paint?"", ""answer"": ""YES""}]"
1524630,b4f26f3e-3dd6-48cd-b7f7-b746273f651a.jpeg,"[{""question"": ""Did the student correctly identify that 2 batches of purple paint contain 6 cups of red paint and 4 cups of blue paint?"", ""answer"": ""YES""}]"
1524630,be1c39aa-36b5-4055-be68-df10360b58b3.png,"[{""question"": ""Did the student correctly identify that 2 batches of purple paint contain 6 cups of red paint and 4 cups of blue paint?"", ""answer"": ""YES""}]"
1524630,cc6034bb-1231-4d65-98b8-fb15f358bd56.jpeg,"[{""question"": ""Did the student correctly identify that 2 batches of purple paint contain 6 cups of red paint and 4 cups of blue paint?"", ""answer"": ""YES""}]"
1524630,f4e8a52e-5436-46e4-b1eb-f0c7c1fcd13b.png,"[{""question"": ""Did the student correctly identify that 2 batches of purple paint contain 6 cups of red paint and 4 cups of blue paint?"", ""answer"": ""YES""}]"
1524630,fd232c3c-656e-425e-bd7a-71dc24812c59.png,"[{""question"": ""Did the student correctly identify that 2 batches of purple paint contain 6 cups of red paint and 4 cups of blue paint?"", ""answer"": ""NO""}]"
1524632,084bdfdd-df2e-465c-b9e5-e9badbe73d27.jpeg,"[{""question"": ""Did the student draw a parallelogram that is not a rectangle?"", ""answer"": ""NO""}]"
1524632,235717ba-bd54-4d71-b21b-c4e6561fa413.jpeg,"[{""question"": ""Did the student draw a parallelogram that is not a rectangle?"", ""answer"": ""YES""}]"
1524632,2b0dd8c2-6e49-4540-8b24-25707b673df9.jpeg,"[{""question"": ""Did the student draw a parallelogram that is not a rectangle?"", ""answer"": ""NO""}]"
1524632,35eb70c1-66a0-4176-81ea-f1e71db08e1f.jpeg,"[{""question"": ""Did the student draw a parallelogram that is not a rectangle?"", ""answer"": ""NO""}]"
1524632,421c37d4-773f-4a52-aa19-28c934c83bd0.jpeg,"[{""question"": ""Did the student draw a parallelogram that is not a rectangle?"", ""answer"": ""NO""}]"
1524632,64f4fb10-f825-480b-96ce-ac9760aa6379.jpeg,"[{""question"": ""Did the student draw a parallelogram that is not a rectangle?"", ""answer"": ""NO""}]"
1524632,6fb55f24-03b3-4dd8-a2ae-52db7c457aac.jpeg,"[{""question"": ""Did the student draw a parallelogram that is not a rectangle?"", ""answer"": ""YES""}]"
1524632,93d1e3de-958b-4157-a82c-d2fcf0fc6263.jpeg,"[{""question"": ""Did the student draw a parallelogram that is not a rectangle?"", ""answer"": ""NO""}]"
1524632,9836b153-08ab-44dc-81c1-f1d6e1614ff6.jpeg,"[{""question"": ""Did the student draw a parallelogram that is not a rectangle?"", ""answer"": ""NO""}]"
1524632,ab6bae7b-f095-443f-aca1-1d5f916bf609.jpeg,"[{""question"": ""Did the student draw a parallelogram that is not a rectangle?"", ""answer"": ""YES""}]"
1524632,af2f6246-98b7-4358-8a74-8c7c70ac81bd.jpeg,"[{""question"": ""Did the student draw a parallelogram that is not a rectangle?"", ""answer"": ""NO""}]"
1524632,f0aeca24-ae47-4caa-856d-07757cc3308f.jpeg,"[{""question"": ""Did the student draw a parallelogram that is not a rectangle?"", ""answer"": ""NO""}]"
1524632,fabb2622-375f-45ba-9cc1-07e02787a19d.jpeg,"[{""question"": ""Did the student draw a parallelogram that is not a rectangle?"", ""answer"": ""NO""}]"
1524632,ffbbf36c-1fb1-485b-bbb1-19ff8b84cdc7.png,"[{""question"": ""Did the student draw a parallelogram that is not a rectangle?"", ""answer"": ""NO""}]"
1524656,34aaa819-3495-42d9-bd5a-9c020f98239b.jpeg,"[{""question"": ""Did the student draw a triangle?"", ""answer"": ""YES""}, {""question"": ""Does the triangle the student drew have an area of 24 square units?"", ""answer"": ""YES""}]"
1524656,3b2449e2-bde2-430c-811a-7db94e5be765.jpeg,"[{""question"": ""Did the student draw a triangle?"", ""answer"": ""YES""}, {""question"": ""Does the triangle the student drew have an area of 24 square units?"", ""answer"": ""NO""}]"
1524656,4709d40c-5606-4f8b-a4bf-2746ae1ecb2b.png,"[{""question"": ""Did the student draw a triangle?"", ""answer"": ""NO""}, {""question"": ""Does the triangle the student drew have an area of 24 square units?"", ""answer"": ""NO""}]"
1524656,4acd13d6-973b-410c-80ab-1858df664a4c.jpeg,"[{""question"": ""Did the student draw a triangle?"", ""answer"": ""YES""}, {""question"": ""Does the triangle the student drew have an area of 24 square units?"", ""answer"": ""NO""}]"
1524656,6f0abf7b-974a-4a0b-8f5b-443794e553e9.png,"[{""question"": ""Did the student draw a triangle?"", ""answer"": ""YES""}, {""question"": ""Does the triangle the student drew have an area of 24 square units?"", ""answer"": ""YES""}]"
1524656,70b57b7d-4a34-4452-9747-98812942a5d1.jpeg,"[{""question"": ""Did the student draw a triangle?"", ""answer"": ""YES""}, {""question"": ""Does the triangle the student drew have an area of 24 square units?"", ""answer"": ""NO""}]"
1524656,76baec53-9e46-4d86-95be-28fd4853a48c.png,"[{""question"": ""Did the student draw a triangle?"", ""answer"": ""YES""}, {""question"": ""Does the triangle the student drew have an area of 24 square units?"", ""answer"": ""YES""}]"
1524656,798e9755-d2d5-494e-9ff0-9367656ad9fb.jpeg,"[{""question"": ""Did the student draw a triangle?"", ""answer"": ""YES""}, {""question"": ""Does the triangle the student drew have an area of 24 square units?"", ""answer"": ""YES""}]"
1524656,85665e4b-d520-41e9-8216-066d2d52d54c.jpeg,"[{""question"": ""Did the student draw a triangle?"", ""answer"": ""YES""}, {""question"": ""Does the triangle the student drew have an area of 24 square units?"", ""answer"": ""NO""}]"
1524656,894e8e22-7eac-4879-85e2-dbcdf0d1df11.jpeg,"[{""question"": ""Did the student draw a triangle?"", ""answer"": ""YES""}, {""question"": ""Does the triangle the student drew have an area of 24 square units?"", ""answer"": ""NO""}]"
1524656,8a15114b-488c-4f6f-8220-f734c3b0b284.jpeg,"[{""question"": ""Did the student draw a triangle?"", ""answer"": ""YES""}, {""question"": ""Does the triangle the student drew have an area of 24 square units?"", ""answer"": ""NO""}]"
1524656,ad30356b-8c61-4fd7-b69d-9d3a34174c5b.jpeg,"[{""question"": ""Did the student draw a triangle?"", ""answer"": ""YES""}, {""question"": ""Does the triangle the student drew have an area of 24 square units?"", ""answer"": ""YES""}]"
1524656,f2a2c293-2cb6-4751-a47c-26d345fc1829.jpeg,"[{""question"": ""Did the student draw a triangle?"", ""answer"": ""YES""}, {""question"": ""Does the triangle the student drew have an area of 24 square units?"", ""answer"": ""YES""}]"
1524656,f32c0c27-7cf8-4e16-85ec-78c58429cdf2.png,"[{""question"": ""Did the student draw a triangle?"", ""answer"": ""YES""}, {""question"": ""Does the triangle the student drew have an area of 24 square units?"", ""answer"": ""YES""}]"
1524814,54d5ab0c-bba0-4e92-9205-291dbc653750.jpeg,"[{""question"": ""Did the student correctly identify that 3 batches of cinnamon rolls contain 3 teaspoons of cinnamon and 6 tablespoons of sugar?"", ""answer"": ""YES""}, {""question"": ""Did the student correctly identify that 4 batches of cinnamon rolls contain 4 teaspoons of cinnamon and 8 tablespoons of sugar?"", ""answer"": ""YES""}, {""question"": ""Did the student correctly identify that 5 batches of cinnamon rolls contain 5 teaspoons of cinnamon and 10 tablespoons of sugar?"", ""answer"": ""YES""}]"
1524814,8c84b345-22aa-469c-8036-0adc471e9516.jpeg,"[{""question"": ""Did the student correctly identify that 3 batches of cinnamon rolls contain 3 teaspoons of cinnamon and 6 tablespoons of sugar?"", ""answer"": ""YES""}, {""question"": ""Did the student correctly identify that 4 batches of cinnamon rolls contain 4 teaspoons of cinnamon and 8 tablespoons of sugar?"", ""answer"": ""YES""}, {""question"": ""Did the student correctly identify that 5 batches of cinnamon rolls contain 5 teaspoons of cinnamon and 10 tablespoons of sugar?"", ""answer"": ""YES""}]"
1524814,9eaae01c-37a9-492f-bf4e-a737b25198e8.jpeg,"[{""question"": ""Did the student correctly identify that 3 batches of cinnamon rolls contain 3 teaspoons of cinnamon and 6 tablespoons of sugar?"", ""answer"": ""YES""}, {""question"": ""Did the student correctly identify that 4 batches of cinnamon rolls contain 4 teaspoons of cinnamon and 8 tablespoons of sugar?"", ""answer"": ""YES""}, {""question"": ""Did the student correctly identify that 5 batches of cinnamon rolls contain 5 teaspoons of cinnamon and 10 tablespoons of sugar?"", ""answer"": ""NO""}]"
1524814,bf76d20b-4907-4425-9eb3-4ae38ab3d2a4.jpeg,"[{""question"": ""Did the student correctly identify that 3 batches of cinnamon rolls contain 3 teaspoons of cinnamon and 6 tablespoons of sugar?"", ""answer"": ""YES""}, {""question"": ""Did the student correctly identify that 4 batches of cinnamon rolls contain 4 teaspoons of cinnamon and 8 tablespoons of sugar?"", ""answer"": ""YES""}, {""question"": ""Did the student correctly identify that 5 batches of cinnamon rolls contain 5 teaspoons of cinnamon and 10 tablespoons of sugar?"", ""answer"": ""YES""}]"
1524814,cb6c2de7-1d50-4b1a-ae75-1fc0021424de.jpeg,"[{""question"": ""Did the student correctly identify that 3 batches of cinnamon rolls contain 3 teaspoons of cinnamon and 6 tablespoons of sugar?"", ""answer"": ""YES""}, {""question"": ""Did the student correctly identify that 4 batches of cinnamon rolls contain 4 teaspoons of cinnamon and 8 tablespoons of sugar?"", ""answer"": ""YES""}, {""question"": ""Did the student correctly identify that 5 batches of cinnamon rolls contain 5 teaspoons of cinnamon and 10 tablespoons of sugar?"", ""answer"": ""YES""}]"
1524814,e91b71cc-38be-41ba-b749-494819660873.jpeg,"[{""question"": ""Did the student correctly identify that 3 batches of cinnamon rolls contain 3 teaspoons of cinnamon and 6 tablespoons of sugar?"", ""answer"": ""YES""}, {""question"": ""Did the student correctly identify that 4 batches of cinnamon rolls contain 4 teaspoons of cinnamon and 8 tablespoons of sugar?"", ""answer"": ""YES""}, {""question"": ""Did the student correctly identify that 5 batches of cinnamon rolls contain 5 teaspoons of cinnamon and 10 tablespoons of sugar?"", ""answer"": ""YES""}]"
1524814,ea8fde49-59d0-4812-a0fa-21529bb4997a.jpeg,"[{""question"": ""Did the student correctly identify that 3 batches of cinnamon rolls contain 3 teaspoons of cinnamon and 6 tablespoons of sugar?"", ""answer"": ""YES""}, {""question"": ""Did the student correctly identify that 4 batches of cinnamon rolls contain 4 teaspoons of cinnamon and 8 tablespoons of sugar?"", ""answer"": ""YES""}, {""question"": ""Did the student correctly identify that 5 batches of cinnamon rolls contain 5 teaspoons of cinnamon and 10 tablespoons of sugar?"", ""answer"": ""YES""}]"
1524815,19df59a0-cdc8-4438-bc24-b7282fb0f830.jpeg,[]
1524815,276374ea-867f-4baf-8bce-be783a4335db.jpeg,[]
1524815,35c881ee-1746-4f3c-a37c-b4b59e5879d2.jpeg,[]
1524815,4f68b590-2171-4fe0-b3bf-f63099a6e85c.jpeg,[]
1524815,51914e2c-b713-436d-b9a9-a4049882fbd8.jpeg,[]
1524815,b29c7058-fa85-4393-a6c3-c18305c4aa4d.jpeg,[]
1524815,bc904d90-14f6-4dbd-9deb-52a37caac6b0.jpeg,[]
1524815,c05e5396-95ff-4fbd-a535-92a1a492724d.jpeg,[]
1524815,caf1bee2-52b7-425d-928d-3f812c6205b7.jpeg,[]
1524815,cbdb95b5-2a9c-47e0-8562-fc0473eb13be.jpeg,[]
1524815,e6908f79-b094-4a89-ac13-f4cbb8ca9b34.jpeg,[]
1524816,1ef887b1-c466-430c-98c7-f3bda865e8a8.jpeg,[]
1524816,210518f1-52a4-4183-839e-d2a47381b779.png,[]
1524816,3dc3f71e-43aa-4ec8-a952-c51d9b31b65f.jpeg,[]
1524816,40ebede8-bbc7-42b0-af4d-a837a01f5fd6.jpeg,[]
1524816,5066db7c-dd8a-40ac-8660-a79996168c00.jpeg,[]
1524816,57581f6b-c530-41c1-8ce5-d86cc81ae5fc.jpeg,[]
1524816,5e8d4b52-3df6-4c20-950b-7d0391a5e30f.jpeg,[]
1524816,79b51f38-0195-4b0c-9947-a06bcb222713.jpeg,[]
1524816,8594b8ff-6722-4d14-8fa1-1eb9940514fe.jpeg,[]
1524816,97426007-8ad1-478f-be9e-86a3efe7e0be.jpeg,[]
1524816,a9052796-110e-44aa-9f36-ec9e27a85418.jpeg,[]
1524816,af09bb05-65b7-4a80-a5f6-cbd5ec796016.jpeg,[]
1524816,e04be74e-131b-4ae7-9ae3-02018fb846a2.jpeg,[]
1524816,ef58e179-ed9f-4d2e-8fe5-c47fad738c63.jpeg,[]
1524823,0cf4b2b0-21c5-45c0-9215-2624a6ad777e.jpeg,[]
1524823,5ee81399-ffd4-4542-8dbe-5917b754c6d6.jpeg,[]
1524823,61541a57-724d-40c9-b52e-13626e1a442e.jpeg,[]
1524823,850acc9b-d450-451d-91a0-8e6bcdd3552c.jpeg,[]
1524823,b6f9e606-745a-444a-a7a1-9b83c101133a.jpeg,[]
1524823,e06d88b6-1f69-4fa4-9e8f-fa040a7bc993.jpeg,[]
1524823,e8f13032-3ee1-40e9-948c-c5f9c6ad0325.jpeg,[]
1524823,f903c032-ec88-453d-a16c-e01d3870b5f5.jpeg,[]
1524844,02bf5808-b813-427e-9aa7-25376a1229a0.jpeg,"[{""question"": ""Did the student correctly identify the cost of 1 ounce of gold?"", ""answer"": ""YES""}, {""question"": ""Did the student correctly identify the cost of 2 ounces of gold?"", ""answer"": ""YES""}, {""question"": ""Did the student correctly identify the cost of 3 ounces of gold?"", ""answer"": ""YES""}]"
1524844,089261b1-d206-4a7d-9659-e6cd6b77e317.jpeg,"[{""question"": ""Did the student correctly identify the cost of 1 ounce of gold?"", ""answer"": ""YES""}, {""question"": ""Did the student correctly identify the cost of 2 ounces of gold?"", ""answer"": ""YES""}, {""question"": ""Did the student correctly identify the cost of 3 ounces of gold?"", ""answer"": ""YES""}]"
1524844,192c7f66-488c-4b47-9251-29263aada745.jpeg,[]
1524844,471a0cf6-56d1-4e25-9697-50be77552fce.jpeg,"[{""question"": ""Did the student correctly identify the cost of 1 ounce of gold?"", ""answer"": ""YES""}, {""question"": ""Did the student correctly identify the cost of 2 ounces of gold?"", ""answer"": ""YES""}, {""question"": ""Did the student correctly identify the cost of 3 ounces of gold?"", ""answer"": ""YES""}]"
1524844,5d5e6bf9-8cd6-499b-bdb1-d09df06343c9.jpeg,"[{""question"": ""Did the student correctly identify the cost of 1 ounce of gold?"", ""answer"": ""YES""}, {""question"": ""Did the student correctly identify the cost of 2 ounces of gold?"", ""answer"": ""YES""}, {""question"": ""Did the student correctly identify the cost of 3 ounces of gold?"", ""answer"": ""YES""}]"
1524844,60e9409a-f7c2-4865-a277-6d92655540d0.jpeg,"[{""question"": ""Did the student correctly identify the cost of 1 ounce of gold?"", ""answer"": ""YES""}, {""question"": ""Did the student correctly identify the cost of 2 ounces of gold?"", ""answer"": ""YES""}, {""question"": ""Did the student correctly identify the cost of 3 ounces of gold?"", ""answer"": ""YES""}]"
1524844,9e83561f-403a-441e-9cab-bc042ec2da42.jpeg,"[{""question"": ""Did the student correctly identify the cost of 1 ounce of gold?"", ""answer"": ""YES""}, {""question"": ""Did the student correctly identify the cost of 2 ounces of gold?"", ""answer"": ""YES""}, {""question"": ""Did the student correctly identify the cost of 3 ounces of gold?"", ""answer"": ""YES""}]"
1524844,ad8ed691-4c6e-4f5e-8922-5500fe734e2d.jpeg,"[{""question"": ""Did the student correctly identify the cost of 1 ounce of gold?"", ""answer"": ""YES""}, {""question"": ""Did the student correctly identify the cost of 2 ounces of gold?"", ""answer"": ""YES""}, {""question"": ""Did the student correctly identify the cost of 3 ounces of gold?"", ""answer"": ""YES""}]"
1524844,b0b3a740-06c0-494b-aebd-d74a1493faa5.png,"[{""question"": ""Did the student correctly identify the cost of 1 ounce of gold?"", ""answer"": ""YES""}, {""question"": ""Did the student correctly identify the cost of 2 ounces of gold?"", ""answer"": ""YES""}, {""question"": ""Did the student correctly identify the cost of 3 ounces of gold?"", ""answer"": ""YES""}]"
1524844,d4ca3fcd-3bad-4869-8fa9-0aabfabe4112.jpeg,"[{""question"": ""Did the student correctly identify the cost of 1 ounce of gold?"", ""answer"": ""YES""}, {""question"": ""Did the student correctly identify the cost of 2 ounces of gold?"", ""answer"": ""YES""}, {""question"": ""Did the student correctly identify the cost of 3 ounces of gold?"", ""answer"": ""YES""}]"
1524844,fe30731d-293b-424e-8eff-39f3f2c975e9.jpeg,"[{""question"": ""Did the student correctly identify the cost of 1 ounce of gold?"", ""answer"": ""YES""}, {""question"": ""Did the student correctly identify the cost of 2 ounces of gold?"", ""answer"": ""YES""}, {""question"": ""Did the student correctly identify the cost of 3 ounces of gold?"", ""answer"": ""YES""}]"
1524845,324b4db8-0d6f-4beb-a8cb-99bce44f12d6.jpeg,"[{""question"": ""Do the student's answers maintain the given ratio of $14 for 4 pounds of tomatoes?"", ""answer"": ""YES""}]"
1524845,9cfd58c0-a8d7-4d6e-9e44-49b8058acd88.jpeg,"[{""question"": ""Do the student's answers maintain the given ratio of $14 for 4 pounds of tomatoes?"", ""answer"": ""NO""}]"
1524845,a71e20ee-0970-4c3d-a1bd-977eac6d850e.jpeg,"[{""question"": ""Do the student's answers maintain the given ratio of $14 for 4 pounds of tomatoes?"", ""answer"": ""YES""}]"
1524845,af18aad6-6ba0-4434-ba2f-3bed6bb3cbd3.jpeg,"[{""question"": ""Do the student's answers maintain the given ratio of $14 for 4 pounds of tomatoes?"", ""answer"": ""YES""}]"
1524845,afa59cbe-3597-4ef6-a89c-94c65feb81a8.jpeg,[]
1524845,b15c1d35-05c7-4a43-badf-6d56c1d93305.jpeg,"[{""question"": ""Do the student's answers maintain the given ratio of $14 for 4 pounds of tomatoes?"", ""answer"": ""NO""}]"
1524845,b17fa7d3-6362-48c4-975a-1437b185c250.jpeg,"[{""question"": ""Do the student's answers maintain the given ratio of $14 for 4 pounds of tomatoes?"", ""answer"": ""YES""}]"
1524845,c0a82c05-eb2d-48ae-8fae-0cb6917b1066.jpeg,"[{""question"": ""Do the student's answers maintain the given ratio of $14 for 4 pounds of tomatoes?"", ""answer"": ""YES""}]"
1524845,c0f173d8-adb2-4fae-b563-7fded1489ead.png,"[{""question"": ""Do the student's answers maintain the given ratio of $14 for 4 pounds of tomatoes?"", ""answer"": ""NO""}]"
1524845,ca17eb84-becd-4dc3-84df-b78d014cf770.jpeg,"[{""question"": ""Do the student's answers maintain the given ratio of $14 for 4 pounds of tomatoes?"", ""answer"": ""YES""}]"
1524845,e2c026a1-61a0-4782-aa9f-26435c8dd9a8.jpeg,"[{""question"": ""Do the student's answers maintain the given ratio of $14 for 4 pounds of tomatoes?"", ""answer"": ""YES""}]"
1524845,f1a9f7a0-9905-427a-be17-9361d3b9bf76.png,"[{""question"": ""Do the student's answers maintain the given ratio of $14 for 4 pounds of tomatoes?"", ""answer"": ""NO""}]"
1524845,f357a894-52c2-4698-b644-78e292b880e7.jpeg,"[{""question"": ""Do the student's answers maintain the given ratio of $14 for 4 pounds of tomatoes?"", ""answer"": ""YES""}]"
1524845,fa89176a-8455-4995-86d1-16618d13013e.jpeg,"[{""question"": ""Do the student's answers maintain the given ratio of $14 for 4 pounds of tomatoes?"", ""answer"": ""YES""}]"
1524920,068c940c-b97c-4fa8-88c2-df1f66cec355.jpeg,"[{""question"": ""Did the student identify the correct number of ears and paws for 1, 2, 3, 4, and 5 cats?"", ""answer"": ""YES""}]"
1524920,0b2585bd-5b07-4830-b5de-b7734f620af2.jpeg,"[{""question"": ""Did the student identify the correct number of ears and paws for 1, 2, 3, 4, and 5 cats?"", ""answer"": ""YES""}]"
1524920,11e47c26-c9f7-453e-af3f-f0cef53b016a.jpeg,"[{""question"": ""Did the student identify the correct number of ears and paws for 1, 2, 3, 4, and 5 cats?"", ""answer"": ""YES""}]"
1524920,207a0d71-0e93-4e55-a49c-9cd2c33c7d8b.jpeg,"[{""question"": ""Did the student identify the correct number of ears and paws for 1, 2, 3, 4, and 5 cats?"", ""answer"": ""NO""}]"
1524920,2739f698-098a-4375-88a0-7de32e043665.jpeg,"[{""question"": ""Did the student identify the correct number of ears and paws for 1, 2, 3, 4, and 5 cats?"", ""answer"": ""YES""}]"
1524920,2cfadf4b-07bb-4870-9ba7-7e81cc3d9cdf.jpeg,"[{""question"": ""Did the student identify the correct number of ears and paws for 1, 2, 3, 4, and 5 cats?"", ""answer"": ""YES""}]"
1524920,37dbb575-a200-4e03-8e0e-91cdc50b01f1.jpeg,"[{""question"": ""Did the student identify the correct number of ears and paws for 1, 2, 3, 4, and 5 cats?"", ""answer"": ""YES""}]"
1524920,3a67df82-6539-4979-a27d-2065a0f6db84.jpeg,"[{""question"": ""Did the student identify the correct number of ears and paws for 1, 2, 3, 4, and 5 cats?"", ""answer"": ""NO""}]"
1524920,79e9d00e-0075-485b-b808-8d331861ecd2.jpeg,"[{""question"": ""Did the student identify the correct number of ears and paws for 1, 2, 3, 4, and 5 cats?"", ""answer"": ""YES""}]"
1524920,8736261f-6e45-49cb-be59-7d3166a6f938.jpeg,"[{""question"": ""Did the student identify the correct number of ears and paws for 1, 2, 3, 4, and 5 cats?"", ""answer"": ""YES""}]"
1524920,9939be5b-78e7-4a56-aa2d-6bc6480e7afd.png,"[{""question"": ""Did the student identify the correct number of ears and paws for 1, 2, 3, 4, and 5 cats?"", ""answer"": ""YES""}]"
1524920,aba4868c-172d-41ce-b5c1-4f334c3595af.jpeg,"[{""question"": ""Did the student identify the correct number of ears and paws for 1, 2, 3, 4, and 5 cats?"", ""answer"": ""YES""}]"
1524920,c2576a4f-65dd-4436-adc9-174b46980f74.jpeg,"[{""question"": ""Did the student identify the correct number of ears and paws for 1, 2, 3, 4, and 5 cats?"", ""answer"": ""NO""}]"
1524920,ceb18974-c5fa-46b5-9a41-e641e8fcdecb.jpeg,"[{""question"": ""Did the student identify the correct number of ears and paws for 1, 2, 3, 4, and 5 cats?"", ""answer"": ""YES""}]"
1524938,46e9450d-4a7f-49c0-8dbc-e3f1c4a76b93.jpeg,[]
1524938,4dfaf345-d242-49e9-9e9e-6e26c06f4d99.jpeg,[]
1524938,5726ec54-ee0d-4229-b42d-9a10d86b8ea6.jpeg,[]
1524938,70166007-c103-461c-9b04-0993c59c8849.jpeg,[]
1524938,71f07e27-309a-43f8-8fda-3b766c831682.jpeg,[]
1524938,93286a64-54d9-445e-8803-95eb384ac7f2.jpeg,[]
1524938,a37498ac-37ab-4cf5-9dc7-7a00623219b4.jpeg,[]
1524938,cba822a6-906d-4b99-9c67-107a45f05a42.jpeg,[]
1524938,dd32ae81-af68-4bcf-85e6-ec8d4cfbbddc.png,[]
1524938,e69af245-10ab-457b-a323-00356fc357af.jpeg,[]
1524938,ebb98dfb-3641-4fb1-8daa-cdf7aa8ba209.jpeg,[]
1524988,2308735f-7930-4751-bffc-f78d492ff3bc.jpeg,"[{""question"": ""Did the student use a visual representation?"", ""answer"": ""NO""}]"
1524988,3bb49e67-7c4e-47e0-b134-6cca9ac658a0.jpeg,[]
1524988,4890386d-deae-429c-a2cc-9dc0074c9ca4.jpeg,"[{""question"": ""Did the student use a visual representation?"", ""answer"": ""YES""}]"
1524988,a9713ff2-bb67-4627-9f98-e2317659f772.jpeg,"[{""question"": ""Did the student use a visual representation?"", ""answer"": ""YES""}]"
1524988,ec415ba4-24a9-4068-95b8-697f841fc10b.jpeg,"[{""question"": ""Did the student use a visual representation?"", ""answer"": ""YES""}]"
1524988,f047df2b-d6e7-49ac-b384-e2ad2ca17b4f.png,[]
1524988,fd6680be-21bd-4dbb-ba9c-01e05bbf7574.jpeg,"[{""question"": ""Did the student use a visual representation?"", ""answer"": ""YES""}]"
1525410,12954e66-8ff9-43cb-98ef-25ce89cb1a5a.jpeg,"[{""question"": ""Do the values the student included in the table maintain the original ratio of 5 quarts of yellow paint to 6 quarts of red paint?"", ""answer"": ""YES""}]"
1525410,145ad1b6-8635-4d30-a818-869c8fcd8979.jpeg,"[{""question"": ""Do the values the student included in the table maintain the original ratio of 5 quarts of yellow paint to 6 quarts of red paint?"", ""answer"": ""YES""}]"
1525410,194a7076-396a-4252-8d5a-bdb0c9a7c584.jpeg,"[{""question"": ""Do the values the student included in the table maintain the original ratio of 5 quarts of yellow paint to 6 quarts of red paint?"", ""answer"": ""YES""}]"
1525410,2a48f129-fe79-49f3-b175-0dc21ef0273e.jpeg,"[{""question"": ""Do the values the student included in the table maintain the original ratio of 5 quarts of yellow paint to 6 quarts of red paint?"", ""answer"": ""YES""}]"
1525410,3b78dfa6-97fd-4863-95bc-bb8e836a5bc2.png,"[{""question"": ""Do the values the student included in the table maintain the original ratio of 5 quarts of yellow paint to 6 quarts of red paint?"", ""answer"": ""YES""}]"
1525410,5d34f4cf-5d75-4d15-9a2a-03dba480be00.jpeg,"[{""question"": ""Do the values the student included in the table maintain the original ratio of 5 quarts of yellow paint to 6 quarts of red paint?"", ""answer"": ""YES""}]"
1525410,6a53ef44-9414-4c10-8859-f111f7aa7c06.jpeg,"[{""question"": ""Do the values the student included in the table maintain the original ratio of 5 quarts of yellow paint to 6 quarts of red paint?"", ""answer"": ""YES""}]"
1525410,81225cb9-31a1-4b46-acf3-852b7629a3fb.jpeg,"[{""question"": ""Do the values the student included in the table maintain the original ratio of 5 quarts of yellow paint to 6 quarts of red paint?"", ""answer"": ""YES""}]"
1525410,8cd90d54-3259-447a-9a96-ec5cbd9bc5bf.png,[]
1525410,a39bc84d-e55e-405f-b057-f38ede07f96d.jpeg,"[{""question"": ""Do the values the student included in the table maintain the original ratio of 5 quarts of yellow paint to 6 quarts of red paint?"", ""answer"": ""YES""}]"
1525410,dc8fe6c0-1d92-40f1-b7e0-915c7666ef14.jpeg,"[{""question"": ""Do the values the student included in the table maintain the original ratio of 5 quarts of yellow paint to 6 quarts of red paint?"", ""answer"": ""YES""}]"
1525410,f05b9750-b3bb-4c51-947b-d729376bebc5.jpeg,"[{""question"": ""Do the values the student included in the table maintain the original ratio of 5 quarts of yellow paint to 6 quarts of red paint?"", ""answer"": ""YES""}]"
1525410,f2656995-b43c-4b3d-aae5-8738464b18d5.jpeg,"[{""question"": ""Do the values the student included in the table maintain the original ratio of 5 quarts of yellow paint to 6 quarts of red paint?"", ""answer"": ""YES""}]"
1525413,1ca8bcdb-966e-48c6-93f1-1b79995021ba.jpeg,[]
1525413,9373ac88-4f6c-4c2c-a873-bfe73db7ded1.jpeg,[]
1525413,c3c19eda-38a3-4ef5-8a38-d93961d2c460.jpeg,[]
1525413,f1555c0c-1485-40ec-91a8-f4a8589998fb.jpeg,[]
1525443,040537b3-f4e4-4548-add1-414ecd7d86ab.png,[]
1525443,096a20af-1d44-49ca-909e-d3226de6c602.png,[]
1525443,4a5921b5-4dd6-414e-be0e-996b44b128f0.jpeg,[]
1525443,5f614357-9363-4245-9e43-0dcf33b402af.jpeg,[]
1525443,73102906-9f3c-47e6-a852-7e4d17f00a4f.jpeg,[]
1525443,7533294d-3966-4987-9eb6-0b3f3f3f495b.jpeg,[]
1525443,9ebb6498-c310-4814-b36f-e2194b151508.jpeg,[]
1525443,b245b17d-3acb-4abe-91fd-8d69ac798433.jpeg,[]
1525443,c676da57-2c22-4df0-b6ed-4199a2003c77.jpeg,[]
1525443,c7d0ab32-033b-402c-b0a8-12a871bf747f.jpeg,[]
1525480,38f83d8a-ff28-4879-a53a-ce4852e782a8.jpeg,"[{""question"": ""Do the values the student wrote maintain teh given ratio of 9:21?"", ""answer"": ""YES""}]"
1525480,39185f6d-f44d-4c47-b99a-6c45169e77ee.jpeg,"[{""question"": ""Do the values the student wrote maintain teh given ratio of 9:21?"", ""answer"": ""YES""}]"
1525480,47fa427b-b6e9-42ad-928e-265c58f74b54.jpeg,"[{""question"": ""Do the values the student wrote maintain teh given ratio of 9:21?"", ""answer"": ""YES""}]"
1525480,6a2cfb95-a1b7-4eb8-9566-a37535880a4a.jpeg,"[{""question"": ""Do the values the student wrote maintain teh given ratio of 9:21?"", ""answer"": ""NO""}]"
1525480,81b3f9f2-0a2c-4df0-99b0-571cc978e740.jpeg,"[{""question"": ""Do the values the student wrote maintain teh given ratio of 9:21?"", ""answer"": ""NO""}]"
1525480,8d02a9b2-78ad-4d97-b81f-d7799f4a5670.png,"[{""question"": ""Do the values the student wrote maintain teh given ratio of 9:21?"", ""answer"": ""YES""}]"
1525480,b49f553f-a5c3-46b2-ad84-f46d88384809.jpeg,"[{""question"": ""Do the values the student wrote maintain teh given ratio of 9:21?"", ""answer"": ""YES""}]"
1525480,df3bd400-9e59-46b2-beb6-009ec3df74b1.jpeg,"[{""question"": ""Do the values the student wrote maintain teh given ratio of 9:21?"", ""answer"": ""YES""}]"
1525480,e100468c-f9f2-4285-bdb1-6a31395d02e4.jpeg,"[{""question"": ""Do the values the student wrote maintain teh given ratio of 9:21?"", ""answer"": ""YES""}]"
1525480,f91ea7e0-664a-4afb-b9b0-70d3e495f316.jpeg,"[{""question"": ""Do the values the student wrote maintain teh given ratio of 9:21?"", ""answer"": ""YES""}]"
1525491,07006147-cb5d-42b8-baf8-128190678515.png,[]
1525491,1cb5ad7f-a301-4c3f-b68b-ad19185d887b.jpeg,[]
1525491,32098544-554b-4f82-b22d-26d9d94f32d7.jpeg,[]
1525491,3def927d-f183-454d-90b3-5c3130e604b4.jpeg,[]
1525491,50e43696-a7df-4581-8c81-18eafdf630af.jpeg,[]
1525491,5dcd3e89-780e-42bf-be0d-110f05687380.jpeg,[]
1525491,74651a22-5ad5-4694-95fa-5ffa758013cb.png,[]
1525491,8fc6fa03-f2d8-422c-87c6-18a3e6c212a2.png,[]
1525491,a82b2ca3-83f1-4d27-a2dd-efab019b3604.jpeg,[]
1525491,cc0d286a-6c63-4343-b660-ebd62eb2c010.jpeg,[]
1525491,e5b3ed7f-0601-4fcd-927b-517f3d7f5041.jpeg,[]
1525491,f4c72f1e-2202-4246-bc2f-a735a5e282c2.jpeg,[]
1525492,0cbd7da5-939e-4de9-90d1-d2ba50ad6e5b.jpeg,"[{""question"": ""Do the values the student included maintain the original ratio of 3 tablespoons of olive oil to 2 cloves of crushed garlic?"", ""answer"": ""NO""}]"
1525492,23d37045-9381-4705-bdae-d8d09a6407a5.jpeg,"[{""question"": ""Do the values the student included maintain the original ratio of 3 tablespoons of olive oil to 2 cloves of crushed garlic?"", ""answer"": ""NO""}]"
1525492,48522b09-0ed5-4840-bfd6-214df39e14bc.jpeg,"[{""question"": ""Do the values the student included maintain the original ratio of 3 tablespoons of olive oil to 2 cloves of crushed garlic?"", ""answer"": ""YES""}]"
1525492,55825303-3b66-4e72-889c-7e647d0b5ec2.jpeg,"[{""question"": ""Do the values the student included maintain the original ratio of 3 tablespoons of olive oil to 2 cloves of crushed garlic?"", ""answer"": ""YES""}]"
1525492,67076725-9686-4fb5-ab37-e7aa64f0be62.jpeg,"[{""question"": ""Do the values the student included maintain the original ratio of 3 tablespoons of olive oil to 2 cloves of crushed garlic?"", ""answer"": ""YES""}]"
1525492,6883e4fc-7dc3-4f14-b63e-f87b92e79154.jpeg,"[{""question"": ""Do the values the student included maintain the original ratio of 3 tablespoons of olive oil to 2 cloves of crushed garlic?"", ""answer"": ""YES""}]"
1525492,cb9a1719-beb6-4fa7-9c95-3b8361a3b953.jpeg,"[{""question"": ""Do the values the student included maintain the original ratio of 3 tablespoons of olive oil to 2 cloves of crushed garlic?"", ""answer"": ""NO""}]"
1525492,d67aa742-1249-4e08-8a66-e8010c67747c.jpeg,"[{""question"": ""Do the values the student included maintain the original ratio of 3 tablespoons of olive oil to 2 cloves of crushed garlic?"", ""answer"": ""NO""}]"
1525496,1c9f6ac4-181a-43db-b27b-d477a110146a.jpeg,"[{""question"": ""Do the values in teh double number line maintain the original ratio of 3 tablespoons of olive oil to 2 cloves of carlic?"", ""answer"": ""NO""}, {""question"": ""Do the values in the double number line match the values in the table?"", ""answer"": ""NO""}]"
1525496,1dabc161-ed9f-465d-9e27-2de08438b41b.jpeg,"[{""question"": ""Do the values in teh double number line maintain the original ratio of 3 tablespoons of olive oil to 2 cloves of carlic?"", ""answer"": ""NO""}, {""question"": ""Do the values in the double number line match the values in the table?"", ""answer"": ""NO""}]"
1525496,20f629af-da95-43f9-8a4f-113711f9f09d.jpeg,"[{""question"": ""Do the values in the double number line match the values in the table?"", ""answer"": ""NO""}]"
1525496,2e9ec6ce-65c4-4fe3-a153-78a399ca9137.jpeg,"[{""question"": ""Do the values in teh double number line maintain the original ratio of 3 tablespoons of olive oil to 2 cloves of carlic?"", ""answer"": ""YES""}, {""question"": ""Do the values in the double number line match the values in the table?"", ""answer"": ""YES""}]"
1525496,40c152ba-d426-46ad-bd6a-960cb3867b21.jpeg,"[{""question"": ""Do the values in teh double number line maintain the original ratio of 3 tablespoons of olive oil to 2 cloves of carlic?"", ""answer"": ""NO""}, {""question"": ""Do the values in the double number line match the values in the table?"", ""answer"": ""NO""}]"
1525496,4db9a67a-28e4-4316-b77e-569c6945b305.jpeg,"[{""question"": ""Do the values in the double number line match the values in the table?"", ""answer"": ""YES""}]"
1525496,7bcfe62e-1bec-4f85-a177-46af1470da7e.png,"[{""question"": ""Do the values in teh double number line maintain the original ratio of 3 tablespoons of olive oil to 2 cloves of carlic?"", ""answer"": ""NO""}, {""question"": ""Do the values in the double number line match the values in the table?"", ""answer"": ""YES""}]"
1525496,86984c25-c0f6-4a83-81fe-26d5e498124e.jpeg,"[{""question"": ""Do the values in teh double number line maintain the original ratio of 3 tablespoons of olive oil to 2 cloves of carlic?"", ""answer"": ""YES""}, {""question"": ""Do the values in the double number line match the values in the table?"", ""answer"": ""YES""}]"
1525496,87327fca-6ed6-4da1-bc09-19827df31975.png,"[{""question"": ""Do the values in teh double number line maintain the original ratio of 3 tablespoons of olive oil to 2 cloves of carlic?"", ""answer"": ""NO""}, {""question"": ""Do the values in the double number line match the values in the table?"", ""answer"": ""YES""}]"
1525496,c36e473f-b20a-4f25-be81-fe157bc1b213.jpeg,"[{""question"": ""Do the values in teh double number line maintain the original ratio of 3 tablespoons of olive oil to 2 cloves of carlic?"", ""answer"": ""YES""}, {""question"": ""Do the values in the double number line match the values in the table?"", ""answer"": ""YES""}]"
1525496,d46ddae6-fd3d-4975-ac9c-4669ddede009.jpeg,"[{""question"": ""Do the values in teh double number line maintain the original ratio of 3 tablespoons of olive oil to 2 cloves of carlic?"", ""answer"": ""YES""}, {""question"": ""Do the values in the double number line match the values in the table?"", ""answer"": ""YES""}]"
1532571,0da7e0ac-815f-4651-89a5-743c8e47f818.jpeg,"[{""question"": ""Did the student use the standard division algorithm?"", ""answer"": ""YES""}]"
1532571,170bfd52-79ea-4865-887f-3baa440071a8.jpeg,"[{""question"": ""Did the student use the standard division algorithm?"", ""answer"": ""YES""}]"
1532571,1d317f04-e6bb-45a5-a837-a86e610d99aa.jpeg,"[{""question"": ""Did the student use the standard division algorithm?"", ""answer"": ""YES""}]"
1532571,2914e1ce-8f9e-4183-a47f-e9f91e2789b2.jpeg,"[{""question"": ""Did the student use the standard division algorithm?"", ""answer"": ""YES""}]"
1532571,350261d9-e84d-4d52-9599-0e16763efbb4.jpeg,"[{""question"": ""Did the student use the standard division algorithm?"", ""answer"": ""YES""}]"
1532571,37287da6-689e-4611-a8c6-5455007353d8.jpeg,"[{""question"": ""Did the student use the standard division algorithm?"", ""answer"": ""YES""}]"
1532571,3be65bc8-7bf5-4c93-a2cf-b49f24e9b70a.jpeg,"[{""question"": ""Did the student use the standard division algorithm?"", ""answer"": ""YES""}]"
1532571,3cd2d2a5-287b-460c-a454-d084fa304bc0.jpeg,"[{""question"": ""Did the student use the standard division algorithm?"", ""answer"": ""YES""}]"
1532571,5756803a-2ac9-4005-a6b7-47fa9016553b.png,"[{""question"": ""Did the student use the standard division algorithm?"", ""answer"": ""YES""}]"
1532571,5d478751-5449-4651-9ccc-6ea3dd05fded.jpeg,"[{""question"": ""Did the student use the standard division algorithm?"", ""answer"": ""YES""}]"
1532571,6868ca2d-e6ac-4f3d-8b75-b03ab3dada8a.jpeg,"[{""question"": ""Did the student use the standard division algorithm?"", ""answer"": ""NO""}]"
1532571,93dfa228-e20d-464d-88c0-1a0eb612a7c7.jpeg,"[{""question"": ""Did the student use the standard division algorithm?"", ""answer"": ""YES""}]"
1532571,9cbd98a8-62bc-4ec9-aa76-abc3f2d48702.jpeg,"[{""question"": ""Did the student use the standard division algorithm?"", ""answer"": ""YES""}, {""question"": ""Are there any other strategies you could use?"", ""answer"": ""YES""}]"
1532571,f1aae905-e2d9-46a6-a0ca-7ccd66a0ed5e.jpeg,"[{""question"": ""Did the student use the standard division algorithm?"", ""answer"": ""YES""}]"
1532572,0070c15f-a89f-44e2-8aed-f26022237c5a.jpeg,"[{""question"": ""Did the student correctly put 3 inside the division house and 50 outside?"", ""answer"": ""YES""}, {""question"": ""Did the student get a quotient of 0.06?"", ""answer"": ""YES""}, {""question"": ""Did the student use the standard division algorithm?"", ""answer"": ""YES""}]"
1532572,027c8d27-f341-4d6b-afe3-0dbe84cd029a.jpeg,"[{""question"": ""Did the student correctly put 3 inside the division house and 50 outside?"", ""answer"": ""NO""}, {""question"": ""Did the student get a quotient of 0.06?"", ""answer"": ""NO""}, {""question"": ""Did the student use the standard division algorithm?"", ""answer"": ""YES""}]"
1532572,04478b38-5064-4ce5-8267-be093d9d3211.jpeg,"[{""question"": ""Did the student correctly put 3 inside the division house and 50 outside?"", ""answer"": ""YES""}, {""question"": ""Did the student get a quotient of 0.06?"", ""answer"": ""YES""}, {""question"": ""Did the student use the standard division algorithm?"", ""answer"": ""NO""}]"
1532572,1898d74e-af31-4c57-ac90-a0d84440fe16.jpeg,"[{""question"": ""Did the student correctly put 3 inside the division house and 50 outside?"", ""answer"": ""YES""}, {""question"": ""Did the student get a quotient of 0.06?"", ""answer"": ""YES""}, {""question"": ""Did the student use the standard division algorithm?"", ""answer"": ""YES""}]"
1532572,48809dd9-2583-4d6d-9010-ebbfb2d231f0.jpeg,"[{""question"": ""Did the student correctly put 3 inside the division house and 50 outside?"", ""answer"": ""YES""}, {""question"": ""Did the student get a quotient of 0.06?"", ""answer"": ""YES""}, {""question"": ""Did the student use the standard division algorithm?"", ""answer"": ""YES""}]"
1532572,748b6478-daa6-4eac-9797-2d97bdebfe8a.jpeg,"[{""question"": ""Did the student correctly put 3 inside the division house and 50 outside?"", ""answer"": ""YES""}, {""question"": ""Did the student get a quotient of 0.06?"", ""answer"": ""YES""}, {""question"": ""Did the student use the standard division algorithm?"", ""answer"": ""YES""}]"
1532572,7d60bb86-62ad-4a93-9dc5-679f5ad1f983.jpeg,"[{""question"": ""Did the student correctly put 3 inside the division house and 50 outside?"", ""answer"": ""YES""}, {""question"": ""Did the student get a quotient of 0.06?"", ""answer"": ""YES""}, {""question"": ""Did the student use the standard division algorithm?"", ""answer"": ""YES""}]"
1532572,8d9b4aea-3b69-4ad5-aef9-d309364419eb.jpeg,"[{""question"": ""Did the student correctly put 3 inside the division house and 50 outside?"", ""answer"": ""YES""}, {""question"": ""Did the student get a quotient of 0.06?"", ""answer"": ""YES""}, {""question"": ""Did the student use the standard division algorithm?"", ""answer"": ""YES""}]"
1532572,a3160413-175f-422e-9384-8caeb72f18d8.jpeg,"[{""question"": ""Did the student correctly put 3 inside the division house and 50 outside?"", ""answer"": ""YES""}, {""question"": ""Did the student get a quotient of 0.06?"", ""answer"": ""YES""}, {""question"": ""Did the student use the standard division algorithm?"", ""answer"": ""YES""}]"
1532572,ac571e03-5b75-43fd-925e-66b1607c862a.jpeg,"[{""question"": ""Did the student correctly put 3 inside the division house and 50 outside?"", ""answer"": ""YES""}, {""question"": ""Did the student get a quotient of 0.06?"", ""answer"": ""YES""}, {""question"": ""Did the student use the standard division algorithm?"", ""answer"": ""YES""}]"
1532572,b1e05193-f018-4c8a-8fcc-bca979c724c0.jpeg,"[{""question"": ""Did the student correctly put 3 inside the division house and 50 outside?"", ""answer"": ""YES""}, {""question"": ""Did the student get a quotient of 0.06?"", ""answer"": ""YES""}, {""question"": ""Did the student use the standard division algorithm?"", ""answer"": ""YES""}]"
1532572,be02555c-8037-4ef3-a8a7-d7287fe3844a.jpeg,"[{""question"": ""Did the student correctly put 3 inside the division house and 50 outside?"", ""answer"": ""YES""}, {""question"": ""Did the student get a quotient of 0.06?"", ""answer"": ""YES""}, {""question"": ""Did the student use the standard division algorithm?"", ""answer"": ""YES""}]"
1532572,d2495466-61aa-42fa-aa60-1f21007a73a3.jpeg,"[{""question"": ""Did the student use the standard division algorithm?"", ""answer"": ""YES""}]"
1532572,d94b22e1-071d-45cf-9c82-ad7ec5c51789.jpeg,"[{""question"": ""Did the student correctly put 3 inside the division house and 50 outside?"", ""answer"": ""YES""}, {""question"": ""Did the student get a quotient of 0.06?"", ""answer"": ""YES""}, {""question"": ""Did the student use the standard division algorithm?"", ""answer"": ""YES""}]"
1532572,e10876de-38ad-4406-a1b0-eefacbcbd560.jpeg,"[{""question"": ""Did the student correctly put 3 inside the division house and 50 outside?"", ""answer"": ""YES""}, {""question"": ""Did the student get a quotient of 0.06?"", ""answer"": ""YES""}, {""question"": ""Did the student use the standard division algorithm?"", ""answer"": ""YES""}]"
1532573,01a2a622-9d37-434d-8242-a167e5e62c92.jpeg,"[{""question"": ""Did the student correctly put 7 on the inside of the division house and 25 on the outside of the division house?"", ""answer"": ""YES""}, {""question"": ""Is the quotient 0.28?"", ""answer"": ""YES""}]"
1532573,05cc38b3-550e-4e34-add3-c36829298b42.jpeg,"[{""question"": ""Did the student correctly put 7 on the inside of the division house and 25 on the outside of the division house?"", ""answer"": ""YES""}, {""question"": ""Is the quotient 0.28?"", ""answer"": ""YES""}]"
1532573,0d3c47ca-e3c0-42b3-8cc6-013a3318203d.jpeg,"[{""question"": ""Did the student correctly put 7 on the inside of the division house and 25 on the outside of the division house?"", ""answer"": ""YES""}, {""question"": ""Is the quotient 0.28?"", ""answer"": ""YES""}]"
1532573,10fc0143-680a-43b1-b7f0-87d5df6e6331.jpeg,"[{""question"": ""Did the student correctly put 7 on the inside of the division house and 25 on the outside of the division house?"", ""answer"": ""YES""}, {""question"": ""Is the quotient 0.28?"", ""answer"": ""YES""}]"
1532573,3cb98a0c-7aee-44a8-9a04-124b5147e0db.jpeg,"[{""question"": ""Did the student correctly put 7 on the inside of the division house and 25 on the outside of the division house?"", ""answer"": ""YES""}, {""question"": ""Is the quotient 0.28?"", ""answer"": ""YES""}]"
1532573,66f93f92-dd25-4a1d-9df5-38a3d4d6da44.jpeg,"[{""question"": ""Did the student correctly put 7 on the inside of the division house and 25 on the outside of the division house?"", ""answer"": ""YES""}, {""question"": ""Is the quotient 0.28?"", ""answer"": ""YES""}]"
1532573,6a518d8e-11fd-4db9-8df5-de0da78789fa.jpeg,"[{""question"": ""Did the student correctly put 7 on the inside of the division house and 25 on the outside of the division house?"", ""answer"": ""YES""}, {""question"": ""Is the quotient 0.28?"", ""answer"": ""YES""}]"
1532573,76892a16-b99d-4729-b70d-cb9482dee60b.jpeg,"[{""question"": ""Did the student correctly put 7 on the inside of the division house and 25 on the outside of the division house?"", ""answer"": ""YES""}, {""question"": ""Is the quotient 0.28?"", ""answer"": ""YES""}]"
1532573,92557428-3874-494e-b202-0ad7761fe1ba.jpeg,"[{""question"": ""Did the student correctly put 7 on the inside of the division house and 25 on the outside of the division house?"", ""answer"": ""YES""}, {""question"": ""Is the quotient 0.28?"", ""answer"": ""YES""}]"
1532573,d5fcc0bf-d54d-4bcb-9d32-ce2c8c2d6858.jpeg,"[{""question"": ""Did the student correctly put 7 on the inside of the division house and 25 on the outside of the division house?"", ""answer"": ""YES""}, {""question"": ""Is the quotient 0.28?"", ""answer"": ""YES""}]"
1532573,da0fda2b-6882-49c2-8129-6822f915aec8.jpeg,"[{""question"": ""Did the student correctly put 7 on the inside of the division house and 25 on the outside of the division house?"", ""answer"": ""YES""}, {""question"": ""Is the quotient 0.28?"", ""answer"": ""YES""}]"
1532573,e10593da-83d5-4ae7-a76a-7babee9bb34d.jpeg,"[{""question"": ""Did the student correctly put 7 on the inside of the division house and 25 on the outside of the division house?"", ""answer"": ""YES""}, {""question"": ""Is the quotient 0.28?"", ""answer"": ""YES""}]"
1532573,f6d158e8-d059-4d54-8f08-3944381fe1ce.jpeg,"[{""question"": ""Did the student correctly put 7 on the inside of the division house and 25 on the outside of the division house?"", ""answer"": ""YES""}, {""question"": ""Is the quotient 0.28?"", ""answer"": ""YES""}]"
1532810,029d2b4a-e709-4937-abf7-38a7b83c40c5.jpeg,"[{""question"": ""Did the student correctly label the tick marks at intervals of 5?"", ""answer"": ""YES""}]"
1532810,0b761dbd-6029-4e9d-b6b3-c04b69f9aa20.png,"[{""question"": ""Did the student correctly label the tick marks at intervals of 5?"", ""answer"": ""YES""}]"
1532810,243d5fc9-1ada-4ed5-8480-39853fea7d50.png,"[{""question"": ""Did the student correctly label the tick marks at intervals of 5?"", ""answer"": ""YES""}]"
1532810,4adb5f19-aee2-4977-aaf9-174381885fe4.jpeg,"[{""question"": ""Did the student correctly label the tick marks at intervals of 5?"", ""answer"": ""YES""}]"
1532810,50e02f2f-b371-41d8-9c6e-df496a9fc240.jpeg,"[{""question"": ""Did the student correctly label the tick marks at intervals of 5?"", ""answer"": ""YES""}]"
1532810,5657c267-b575-4e81-af1e-b210822f58e1.png,"[{""question"": ""Did the student correctly label the tick marks at intervals of 5?"", ""answer"": ""YES""}]"
1532810,5972787c-0d08-4192-b623-68d911c2aa03.jpeg,"[{""question"": ""Did the student correctly label the tick marks at intervals of 5?"", ""answer"": ""YES""}]"
1532810,8ab4dd0f-8f1c-4827-beb9-fc157a73e9eb.jpeg,"[{""question"": ""Did the student correctly label the tick marks at intervals of 5?"", ""answer"": ""YES""}]"
1532810,adc74f75-ccdc-4acb-b7d8-f7eaa8df0311.png,"[{""question"": ""Did the student correctly label the tick marks at intervals of 5?"", ""answer"": ""YES""}]"
1532810,d7e9e847-cc1a-4f45-af92-16f422909a19.jpeg,"[{""question"": ""Did the student correctly label the tick marks at intervals of 5?"", ""answer"": ""YES""}]"
1532810,db78aec4-be45-4c14-8dab-7a3d8955de51.jpeg,"[{""question"": ""Did the student correctly label the tick marks at intervals of 5?"", ""answer"": ""YES""}]"
1532810,ed7620f5-80bf-4edf-9990-27518ba75349.jpeg,"[{""question"": ""Did the student correctly label the tick marks at intervals of 5?"", ""answer"": ""YES""}]"
1532903,593d8ab1-624f-4c90-98a0-aa12407cd3fa.jpeg,"[{""question"": ""Do the values on the double number line share the ratio of 4 cups of powder to 6 cups of water?"", ""answer"": ""YES""}]"
1532903,64ec70d0-b185-45b5-82ab-f0fca7a91c12.jpeg,"[{""question"": ""Do the values on the double number line share the ratio of 4 cups of powder to 6 cups of water?"", ""answer"": ""YES""}]"
1532903,7354438a-e4a0-4138-accb-9a557141ac8c.jpeg,"[{""question"": ""Do the values on the double number line share the ratio of 4 cups of powder to 6 cups of water?"", ""answer"": ""NO""}]"
1532903,78ef3fd2-0287-4d3b-becb-1e60f8e111ba.jpeg,"[{""question"": ""Do the values on the double number line share the ratio of 4 cups of powder to 6 cups of water?"", ""answer"": ""NO""}]"
1532903,d80beba4-3ace-4377-897a-3f948f9ebd42.jpeg,"[{""question"": ""Do the values on the double number line share the ratio of 4 cups of powder to 6 cups of water?"", ""answer"": ""YES""}]"
1532904,0302229b-3c09-48cb-af8b-4975cf5cc7d8.jpeg,"[{""question"": ""Does the student's explanation correctly capture how many red marbles are in the bag?"", ""answer"": ""YES""}, {""question"": ""Is there evidence of an equation in the explanation?"", ""answer"": ""YES""}, {""question"": ""Is there evidence of ratios in the explanation?"", ""answer"": ""YES""}]"
1532905,0ec3a61d-9958-4995-ba9c-0c38cafe07b6.jpeg,"[{""question"": ""Did the student correctly generate ratios equivalent to 5 scoops of powder to 8 cups of water?"", ""answer"": ""YES""}]"
1532905,0f55c252-c7c5-4da2-83c7-856933636cfa.jpeg,"[{""question"": ""Did the student correctly generate ratios equivalent to 5 scoops of powder to 8 cups of water?"", ""answer"": ""YES""}]"
1532905,0fdc4d0d-89fc-4565-ab1d-1ac6744d6572.jpeg,"[{""question"": ""Did the student correctly generate ratios equivalent to 5 scoops of powder to 8 cups of water?"", ""answer"": ""YES""}]"
1532905,2c5ad019-880d-47ff-95ad-bce59fe058e6.jpeg,"[{""question"": ""Did the student correctly generate ratios equivalent to 5 scoops of powder to 8 cups of water?"", ""answer"": ""YES""}]"
1532905,574d8a30-566f-4d90-b94c-6a6a86b4a42b.jpeg,"[{""question"": ""Did the student correctly generate ratios equivalent to 5 scoops of powder to 8 cups of water?"", ""answer"": ""YES""}]"
1532905,722536b3-b081-4666-87e0-675a8eb7c319.jpeg,"[{""question"": ""Did the student correctly generate ratios equivalent to 5 scoops of powder to 8 cups of water?"", ""answer"": ""NO""}]"
1532905,7bdece36-0233-44c2-aab8-c265d7e52115.jpeg,"[{""question"": ""Did the student correctly generate ratios equivalent to 5 scoops of powder to 8 cups of water?"", ""answer"": ""NO""}]"
1532905,b49703d0-d316-4296-995f-84384f501cc2.jpeg,"[{""question"": ""Did the student correctly generate ratios equivalent to 5 scoops of powder to 8 cups of water?"", ""answer"": ""YES""}]"
1532905,c311ccc5-c2f3-4c64-aa14-ee0b67d98181.jpeg,"[{""question"": ""Did the student correctly generate ratios equivalent to 5 scoops of powder to 8 cups of water?"", ""answer"": ""YES""}]"
1532964,20c48d2d-8147-4ab5-87a3-3c1142172c76.jpeg,[]
1532964,3496538c-7cb3-456a-87bc-d8f98860f7f9.jpeg,[]
1532964,724b32b9-207c-4f22-abc6-06102f51c058.jpeg,[]
1532964,ab704e54-d6c5-4d47-9c06-9a9c30e7cceb.jpeg,[]
1532964,c4a88448-eb6b-418f-b943-2439886ca0a2.jpeg,[]
1532964,d3128365-2017-4fa0-acfb-5344268d58a5.jpeg,[]
1532964,dc7688a0-6f01-469c-93ca-eb0027423ad3.jpeg,[]
1548927,0604df91-8e8d-43c3-99dd-113fdf48a710.jpeg,"[{""question"": ""Do the number sentences all correctly show a decomposition of 4/7?"", ""answer"": ""YES""}]"
1548927,1c59263c-c777-4623-8059-e3cbb31e6fe4.png,"[{""question"": ""Do the number sentences all correctly show a decomposition of 4/7?"", ""answer"": ""YES""}]"
1548927,575f5a99-3c1b-4f77-b7cf-55147cebaefb.jpeg,"[{""question"": ""Do the number sentences all correctly show a decomposition of 4/7?"", ""answer"": ""YES""}]"
1548927,605e664b-1788-48b2-a536-24780c80aaf5.jpeg,"[{""question"": ""Do the number sentences all correctly show a decomposition of 4/7?"", ""answer"": ""YES""}]"
1548927,73a465bb-daeb-4a55-9896-5a0ae10a00be.jpeg,"[{""question"": ""Do the number sentences all correctly show a decomposition of 4/7?"", ""answer"": ""NO""}]"
1548927,8398ff0e-3cac-4add-a1d3-3fc3eff12bc3.jpeg,"[{""question"": ""Do the number sentences all correctly show a decomposition of 4/7?"", ""answer"": ""YES""}]"
1548927,927365db-9bb2-499a-96d9-b0296440cc8a.jpeg,"[{""question"": ""Do the number sentences all correctly show a decomposition of 4/7?"", ""answer"": ""NO""}]"
1548927,a26fbd8b-1d69-4501-9388-975a9b93b00d.jpeg,"[{""question"": ""Do the number sentences all correctly show a decomposition of 4/7?"", ""answer"": ""YES""}]"
1548927,b7596961-71a4-4f79-81ba-09bfcd745053.jpeg,"[{""question"": ""Do the number sentences all correctly show a decomposition of 4/7?"", ""answer"": ""NO""}]"
1548927,bd084d64-f427-4d1e-aaea-4a9ddf25106c.jpeg,"[{""question"": ""Do the number sentences all correctly show a decomposition of 4/7?"", ""answer"": ""YES""}]"
1548927,c020cd4a-16dd-42bb-b9ad-eaf834822c72.jpeg,"[{""question"": ""Do the number sentences all correctly show a decomposition of 4/7?"", ""answer"": ""YES""}]"
1548927,c6a441af-3ba2-4a59-a52f-fdfa36239ba4.jpeg,"[{""question"": ""Do the number sentences all correctly show a decomposition of 4/7?"", ""answer"": ""YES""}]"
1557600,00a20d83-50ed-4398-a5b1-3544cef2cd29.png,"[{""question"": ""Did the student correctly estimate the product as 120?"", ""answer"": ""YES""}, {""question"": ""Did the student correctly round 1.7 to 2?"", ""answer"": ""YES""}, {""question"": ""Did the student correctly round 55 to 60?"", ""answer"": ""YES""}, {""question"": ""Is the student's estimate of the product reasonable?"", ""answer"": ""YES""}]"
1557600,15105a48-55b4-4dc8-aab2-e60c83b0521f.jpeg,"[{""question"": ""Did the student correctly estimate the product as 120?"", ""answer"": ""YES""}, {""question"": ""Did the student correctly round 1.7 to 2?"", ""answer"": ""YES""}, {""question"": ""Did the student correctly round 55 to 60?"", ""answer"": ""YES""}, {""question"": ""Is the student's estimate of the product reasonable?"", ""answer"": ""YES""}]"
1557600,42c0ebd1-9660-4689-b025-81c51bb36196.jpeg,"[{""question"": ""Did the student correctly estimate the product as 120?"", ""answer"": ""YES""}, {""question"": ""Did the student correctly round 1.7 to 2?"", ""answer"": ""YES""}, {""question"": ""Did the student correctly round 55 to 60?"", ""answer"": ""YES""}, {""question"": ""Is the student's estimate of the product reasonable?"", ""answer"": ""YES""}]"
1557600,4751c5c0-a645-42d2-9572-17b9153497be.jpeg,"[{""question"": ""Did the student correctly estimate the product as 120?"", ""answer"": ""YES""}, {""question"": ""Did the student correctly round 1.7 to 2?"", ""answer"": ""YES""}, {""question"": ""Did the student correctly round 55 to 60?"", ""answer"": ""YES""}, {""question"": ""Is the student's estimate of the product reasonable?"", ""answer"": ""YES""}]"
1557600,6c013e9f-0d13-49f4-aa71-aefdc2108509.jpeg,"[{""question"": ""Did the student correctly estimate the product as 120?"", ""answer"": ""YES""}, {""question"": ""Did the student correctly round 1.7 to 2?"", ""answer"": ""YES""}, {""question"": ""Did the student correctly round 55 to 60?"", ""answer"": ""YES""}, {""question"": ""Is the student's estimate of the product reasonable?"", ""answer"": ""YES""}]"
1557600,a154a813-b388-43cf-b388-d4f6ab2dd0c6.jpeg,"[{""question"": ""Did the student correctly estimate the product as 120?"", ""answer"": ""YES""}, {""question"": ""Did the student correctly round 1.7 to 2?"", ""answer"": ""YES""}, {""question"": ""Did the student correctly round 55 to 60?"", ""answer"": ""YES""}, {""question"": ""Is the student's estimate of the product reasonable?"", ""answer"": ""YES""}]"
1557600,a972c7bf-c220-43b9-b0af-6f4e2db2ff2a.png,"[{""question"": ""Did the student correctly estimate the product as 120?"", ""answer"": ""YES""}, {""question"": ""Did the student correctly round 1.7 to 2?"", ""answer"": ""YES""}, {""question"": ""Did the student correctly round 55 to 60?"", ""answer"": ""YES""}, {""question"": ""Is the student's estimate of the product reasonable?"", ""answer"": ""YES""}]"
1557600,abc695a8-515c-40b3-b633-d3e702de69e0.png,"[{""question"": ""Did the student correctly estimate the product as 120?"", ""answer"": ""YES""}, {""question"": ""Did the student correctly round 1.7 to 2?"", ""answer"": ""YES""}, {""question"": ""Did the student correctly round 55 to 60?"", ""answer"": ""YES""}, {""question"": ""Is the student's estimate of the product reasonable?"", ""answer"": ""YES""}]"
1557600,b14a5d67-29e3-41c1-81df-e6001675bbc9.jpeg,"[{""question"": ""Did the student correctly estimate the product as 120?"", ""answer"": ""YES""}, {""question"": ""Did the student correctly round 1.7 to 2?"", ""answer"": ""YES""}, {""question"": ""Did the student correctly round 55 to 60?"", ""answer"": ""YES""}, {""question"": ""Is the student's estimate of the product reasonable?"", ""answer"": ""YES""}]"
1557600,bd290679-8f6a-4cb3-980e-bddec40bd1bf.jpeg,"[{""question"": ""Did the student correctly estimate the product as 120?"", ""answer"": ""YES""}, {""question"": ""Did the student correctly round 1.7 to 2?"", ""answer"": ""YES""}, {""question"": ""Did the student correctly round 55 to 60?"", ""answer"": ""YES""}, {""question"": ""Is the student's estimate of the product reasonable?"", ""answer"": ""YES""}]"
1557600,e87b82c1-d4ac-4250-adfa-883e0caf980d.jpeg,"[{""question"": ""Did the student correctly estimate the product as 120?"", ""answer"": ""YES""}, {""question"": ""Did the student correctly round 1.7 to 2?"", ""answer"": ""YES""}, {""question"": ""Did the student correctly round 55 to 60?"", ""answer"": ""YES""}, {""question"": ""Is the student's estimate of the product reasonable?"", ""answer"": ""YES""}]"
1557730,09ddfa34-7db3-4a25-b77e-a8b872c052a3.jpeg,"[{""question"": ""Did the student correctly round the amount of chemical A to the nearest tenth of a gram?"", ""answer"": ""YES""}, {""question"": ""Did the student correctly round the amount of chemical B to the nearest tenth of a gram?"", ""answer"": ""YES""}, {""question"": ""Did the student correctly round the amount of chemical C to the nearest tenth of a gram?"", ""answer"": ""YES""}]"
1557730,0da0c581-27d1-4a09-96a2-3ebb41e24042.jpeg,"[{""question"": ""Did the student correctly round the amount of chemical A to the nearest tenth of a gram?"", ""answer"": ""YES""}, {""question"": ""Did the student correctly round the amount of chemical B to the nearest tenth of a gram?"", ""answer"": ""YES""}, {""question"": ""Did the student correctly round the amount of chemical C to the nearest tenth of a gram?"", ""answer"": ""YES""}]"
1557730,40b6ad83-6fb3-4ef7-baca-77911efc7385.jpeg,"[{""question"": ""Did the student correctly round the amount of chemical A to the nearest tenth of a gram?"", ""answer"": ""YES""}, {""question"": ""Did the student correctly round the amount of chemical B to the nearest tenth of a gram?"", ""answer"": ""YES""}, {""question"": ""Did the student correctly round the amount of chemical C to the nearest tenth of a gram?"", ""answer"": ""YES""}]"
1557730,8dfd7205-e004-49d7-a86c-c3f942c9ef9e.jpeg,"[{""question"": ""Did the student correctly round the amount of chemical A to the nearest tenth of a gram?"", ""answer"": ""YES""}, {""question"": ""Did the student correctly round the amount of chemical B to the nearest tenth of a gram?"", ""answer"": ""YES""}, {""question"": ""Did the student correctly round the amount of chemical C to the nearest tenth of a gram?"", ""answer"": ""YES""}]"
1557730,9e24c43e-3347-4a15-b92a-b5ffcc8413cb.jpeg,"[{""question"": ""Did the student correctly round the amount of chemical A to the nearest tenth of a gram?"", ""answer"": ""YES""}, {""question"": ""Did the student correctly round the amount of chemical B to the nearest tenth of a gram?"", ""answer"": ""YES""}, {""question"": ""Did the student correctly round the amount of chemical C to the nearest tenth of a gram?"", ""answer"": ""YES""}]"
1557730,bb85851a-7e49-4801-a1e0-e766b2fcedb6.jpeg,"[{""question"": ""Did the student correctly round the amount of chemical A to the nearest tenth of a gram?"", ""answer"": ""YES""}, {""question"": ""Did the student correctly round the amount of chemical B to the nearest tenth of a gram?"", ""answer"": ""YES""}, {""question"": ""Did the student correctly round the amount of chemical C to the nearest tenth of a gram?"", ""answer"": ""YES""}]"
1557730,e60bdd3e-df53-4970-a7e4-1ff66125f9c9.jpeg,"[{""question"": ""Did the student correctly round the amount of chemical A to the nearest tenth of a gram?"", ""answer"": ""YES""}, {""question"": ""Did the student correctly round the amount of chemical B to the nearest tenth of a gram?"", ""answer"": ""YES""}, {""question"": ""Did the student correctly round the amount of chemical C to the nearest tenth of a gram?"", ""answer"": ""YES""}]"
1557730,f500b3c8-a037-4236-9be4-8cf34fdc720f.jpeg,"[{""question"": ""Did the student correctly round the amount of chemical A to the nearest tenth of a gram?"", ""answer"": ""YES""}, {""question"": ""Did the student correctly round the amount of chemical B to the nearest tenth of a gram?"", ""answer"": ""YES""}, {""question"": ""Did the student correctly round the amount of chemical C to the nearest tenth of a gram?"", ""answer"": ""YES""}]"
1557730,f65aaf03-5fc5-4c40-b68a-2004892ac623.jpeg,"[{""question"": ""Did the student correctly round the amount of chemical A to the nearest tenth of a gram?"", ""answer"": ""YES""}, {""question"": ""Did the student correctly round the amount of chemical B to the nearest tenth of a gram?"", ""answer"": ""YES""}, {""question"": ""Did the student correctly round the amount of chemical C to the nearest tenth of a gram?"", ""answer"": ""YES""}]"
1557742,06076f0a-69f4-45fd-9a06-37dd2e8511b7.jpeg,"[{""question"": ""Did the student correctly include one placeholder zero when multiplying by the tens place in 33?"", ""answer"": ""YES""}]"
1557742,120dc850-ac5f-42d7-899c-51c4c9ffa21b.jpeg,"[{""question"": ""Did the student correctly include one placeholder zero when multiplying by the tens place in 33?"", ""answer"": ""NO""}]"
1557742,263a6ed0-3f8b-4452-8c12-900e981caa20.jpeg,"[{""question"": ""Did the student correctly include one placeholder zero when multiplying by the tens place in 33?"", ""answer"": ""NO""}]"
1557742,54b5fca7-9619-4227-8978-92862fe95a37.jpeg,"[{""question"": ""Did the student correctly include one placeholder zero when multiplying by the tens place in 33?"", ""answer"": ""YES""}]"
1557742,599429a5-d554-48f4-8f09-a03a9a837874.jpeg,"[{""question"": ""Did the student correctly include one placeholder zero when multiplying by the tens place in 33?"", ""answer"": ""YES""}]"
1557742,759c77a7-e274-4b78-88ad-46b92ef79d09.jpeg,"[{""question"": ""Did the student correctly include one placeholder zero when multiplying by the tens place in 33?"", ""answer"": ""YES""}]"
1557742,954b2bc5-9089-44b5-bc76-808230c54b93.jpeg,"[{""question"": ""Did the student correctly include one placeholder zero when multiplying by the tens place in 33?"", ""answer"": ""YES""}]"
1557742,b00d1b98-2148-4cf2-8487-1db4e4901fc4.jpeg,"[{""question"": ""Did the student correctly include one placeholder zero when multiplying by the tens place in 33?"", ""answer"": ""YES""}]"
1557742,b9f4cba4-1949-4f42-99dc-b1432aaa984c.jpeg,"[{""question"": ""Did the student correctly include one placeholder zero when multiplying by the tens place in 33?"", ""answer"": ""YES""}]"
1557742,c51dcc9b-7802-4637-86e2-3e67c6246f9b.jpeg,"[{""question"": ""Did the student correctly include one placeholder zero when multiplying by the tens place in 33?"", ""answer"": ""NO""}]"
1557742,da3e56c1-b8cb-4d52-ba2b-a07fe23ee329.jpeg,"[{""question"": ""Did the student correctly include one placeholder zero when multiplying by the tens place in 33?"", ""answer"": ""NO""}]"
1557742,f47ea68b-f272-4a6c-909b-203780f8822c.jpeg,"[{""question"": ""Did the student correctly include one placeholder zero when multiplying by the tens place in 33?"", ""answer"": ""YES""}]"
1557743,02c3a692-8d4e-4432-aa43-45b84033f1c1.png,"[{""question"": ""Did the student correctly include one placeholder zero when multipying by the tens place in 405?"", ""answer"": ""NO""}]"
1557743,19812d83-2b2e-452f-9ae9-75fa1d960931.jpeg,"[{""question"": ""Did the student correctly include one placeholder zero when multipying by the tens place in 405?"", ""answer"": ""YES""}]"
1557743,19a71fd6-cdf2-4f3b-98ac-4bb1f036104a.jpeg,"[{""question"": ""Did the student correctly include one placeholder zero when multipying by the tens place in 405?"", ""answer"": ""YES""}]"
1557743,231d6042-793b-40d2-9280-5f574621ac38.jpeg,"[{""question"": ""Did the student correctly include one placeholder zero when multipying by the tens place in 405?"", ""answer"": ""NO""}, {""question"": ""Did the student correctly include two placeholde zeroes when multiplying by the hundreds place in 405?"", ""answer"": ""NO""}]"
1557743,23ee7d66-6430-4db6-a655-f94bbc25c015.jpeg,"[{""question"": ""Did the student correctly include one placeholder zero when multipying by the tens place in 405?"", ""answer"": ""YES""}, {""question"": ""Did the student correctly include two placeholde zeroes when multiplying by the hundreds place in 405?"", ""answer"": ""YES""}]"
1557743,2d7fe92a-c9d6-486e-adfa-414413eaa931.jpeg,"[{""question"": ""Did the student correctly include one placeholder zero when multipying by the tens place in 405?"", ""answer"": ""YES""}, {""question"": ""Did the student correctly include two placeholde zeroes when multiplying by the hundreds place in 405?"", ""answer"": ""YES""}]"
1557743,40ae4e81-8d3c-4d8d-834d-66346519c499.jpeg,"[{""question"": ""Did the student correctly include one placeholder zero when multipying by the tens place in 405?"", ""answer"": ""NO""}, {""question"": ""Did the student correctly include two placeholde zeroes when multiplying by the hundreds place in 405?"", ""answer"": ""NO""}]"
1557743,b5996bb7-520c-4caf-8292-5f67db55b91f.jpeg,"[{""question"": ""Did the student correctly include one placeholder zero when multipying by the tens place in 405?"", ""answer"": ""YES""}, {""question"": ""Did the student correctly include two placeholde zeroes when multiplying by the hundreds place in 405?"", ""answer"": ""YES""}]"
1557743,cdf99eb4-1634-40a9-aee7-0a1e621f2c13.png,"[{""question"": ""Did the student correctly include one placeholder zero when multipying by the tens place in 405?"", ""answer"": ""NO""}, {""question"": ""Did the student correctly include two placeholde zeroes when multiplying by the hundreds place in 405?"", ""answer"": ""NO""}]"
1557743,d68d262d-626a-4b9b-8a8d-82d90e7b6508.jpeg,"[{""question"": ""Did the student correctly include one placeholder zero when multipying by the tens place in 405?"", ""answer"": ""YES""}, {""question"": ""Did the student correctly include two placeholde zeroes when multiplying by the hundreds place in 405?"", ""answer"": ""NO""}, {""question"": ""Can you double check your multiplication of 546x400?"", ""answer"": ""YES""}]"
1557743,de910fd2-6bb0-4726-8fb0-4e723e04f1fc.jpeg,"[{""question"": ""Did the student correctly include one placeholder zero when multipying by the tens place in 405?"", ""answer"": ""YES""}, {""question"": ""Did the student correctly include two placeholde zeroes when multiplying by the hundreds place in 405?"", ""answer"": ""YES""}]"
1557744,28b1bb68-3fed-45ad-9139-8543ca5e2d0a.jpeg,"[{""question"": ""Did the student correctly calculate the number of yards of ribbon needed for all the bows?"", ""answer"": ""YES""}, {""question"": ""Did the student correctly convert from yards to feet?"", ""answer"": ""NO""}]"
1557744,4b32b1f8-ae7c-457b-8798-a0ad3a5bb537.jpeg,"[{""question"": ""Did the student correctly calculate the number of yards of ribbon needed for all the bows?"", ""answer"": ""NO""}, {""question"": ""Did the student correctly convert from yards to feet?"", ""answer"": ""YES""}]"
1557744,54ba8caf-cb4f-4699-8825-e2510db9267f.jpeg,"[{""question"": ""Did the student correctly calculate the number of yards of ribbon needed for all the bows?"", ""answer"": ""NO""}, {""question"": ""Did the student correctly convert from yards to feet?"", ""answer"": ""YES""}]"
1557744,6926ea3a-6aab-45c7-b97e-3a3a52c4fccb.jpeg,"[{""question"": ""Did the student correctly calculate the number of yards of ribbon needed for all the bows?"", ""answer"": ""YES""}, {""question"": ""Did the student correctly convert from yards to feet?"", ""answer"": ""NO""}]"
1557744,7c1502a4-f3f3-42e2-acbb-adb013457869.jpeg,"[{""question"": ""Did the student correctly calculate the number of yards of ribbon needed for all the bows?"", ""answer"": ""YES""}, {""question"": ""Did the student correctly convert from yards to feet?"", ""answer"": ""YES""}]"
1557744,7e456dc0-e70d-48eb-b0aa-dc3ddb2a027c.jpeg,"[{""question"": ""Did the student correctly calculate the number of yards of ribbon needed for all the bows?"", ""answer"": ""YES""}, {""question"": ""Did the student correctly convert from yards to feet?"", ""answer"": ""YES""}]"
1557744,9e9b6cca-8216-4c84-b8c4-201cf2d1c3db.jpeg,"[{""question"": ""Did the student correctly calculate the number of yards of ribbon needed for all the bows?"", ""answer"": ""YES""}, {""question"": ""Did the student correctly convert from yards to feet?"", ""answer"": ""NO""}]"
1557744,aaf33279-8427-4751-92db-cb0b4eb04b53.jpeg,"[{""question"": ""Did the student correctly calculate the number of yards of ribbon needed for all the bows?"", ""answer"": ""NO""}, {""question"": ""Did the student correctly convert from yards to feet?"", ""answer"": ""NO""}]"
1557744,cbec96dd-5e52-45a5-832e-972898651c8d.jpeg,"[{""question"": ""Did the student correctly calculate the number of yards of ribbon needed for all the bows?"", ""answer"": ""YES""}, {""question"": ""Did the student correctly convert from yards to feet?"", ""answer"": ""NO""}]"
1557744,ec9d313b-e97a-436a-995c-38c15c981920.jpeg,"[{""question"": ""Did the student correctly calculate the number of yards of ribbon needed for all the bows?"", ""answer"": ""YES""}, {""question"": ""Did the student correctly convert from yards to feet?"", ""answer"": ""NO""}]"
1557744,f8655792-4932-42db-b665-a1b8d9f1df9d.jpeg,"[{""question"": ""Did the student correctly calculate the number of yards of ribbon needed for all the bows?"", ""answer"": ""NO""}, {""question"": ""Did the student correctly convert from yards to feet?"", ""answer"": ""YES""}]"
1557745,0aeb4d26-9994-41f1-8c35-d552aa38f3cb.jpeg,"[{""question"": ""Is the student's final product reasonable?"", ""answer"": ""YES""}]"
1557745,1e8acc92-0aa2-427f-a00d-d7220c8357d1.png,"[{""question"": ""Is the student's final product reasonable?"", ""answer"": ""YES""}]"
1557745,5d3285fc-cb3b-42df-9c10-2b609c875452.jpeg,"[{""question"": ""Is the student's final product reasonable?"", ""answer"": ""YES""}]"
1557745,65895386-5537-4185-8d68-c7f781665b21.jpeg,"[{""question"": ""Is the student's final product reasonable?"", ""answer"": ""YES""}]"
1557745,81afcc37-a8f9-487e-b756-6d699ff1556a.jpeg,"[{""question"": ""Is the student's final product reasonable?"", ""answer"": ""YES""}]"
1557745,8a6edd5b-08ba-433c-b8c7-8063b41ea7f8.jpeg,"[{""question"": ""Is the student's final product reasonable?"", ""answer"": ""NO""}]"
1557745,9e6c7484-0f06-44c6-813b-f5ff8a65e257.jpeg,"[{""question"": ""Is the student's final product reasonable?"", ""answer"": ""YES""}]"
1557745,bdc100f1-e675-4317-b9d3-3809920620e0.jpeg,"[{""question"": ""Is the student's final product reasonable?"", ""answer"": ""YES""}]"
1557745,bfe33cd5-afb2-4d99-ae51-7f9d53545554.jpeg,"[{""question"": ""Is the student's final product reasonable?"", ""answer"": ""YES""}]"
1557745,d35d5f0a-7c29-43b5-8c2a-e2794ff93d39.jpeg,"[{""question"": ""Is the student's final product reasonable?"", ""answer"": ""NO""}]"
1557745,d3d18d8a-35f5-4466-963c-032c763a229c.jpeg,"[{""question"": ""Is the student's final product reasonable?"", ""answer"": ""YES""}]"
1557745,dbdc416d-7ec5-419e-8ee5-643e60fc38a1.jpeg,"[{""question"": ""Is the student's final product reasonable?"", ""answer"": ""YES""}]"
1557984,0e214658-a84e-406b-b9cb-278b7813859d.jpeg,"[{""question"": ""Did the student correctly find the quotient is 59?"", ""answer"": ""YES""}, {""question"": ""Did the student use place value strategies to solve?"", ""answer"": ""NO""}, {""question"": ""Did the student use the standard division algorithm to solve?"", ""answer"": ""NO""}]"
1557984,19d5e51a-6f6e-46fb-8650-05c501145d7f.jpeg,"[{""question"": ""Did the student correctly find the quotient is 59?"", ""answer"": ""YES""}, {""question"": ""Did the student use place value strategies to solve?"", ""answer"": ""NO""}, {""question"": ""Did the student use the standard division algorithm to solve?"", ""answer"": ""NO""}]"
1557984,3825c8ff-ebe4-4ceb-8f01-9cb4e8f2efb4.jpeg,"[{""question"": ""Did the student correctly find the quotient is 59?"", ""answer"": ""YES""}, {""question"": ""Did the student use place value strategies to solve?"", ""answer"": ""NO""}, {""question"": ""Did the student use the standard division algorithm to solve?"", ""answer"": ""NO""}]"
1557984,3e5a9c77-ea4e-4907-a33c-5240d1a01a14.jpeg,"[{""question"": ""Did the student correctly find the quotient is 59?"", ""answer"": ""YES""}, {""question"": ""Did the student use place value strategies to solve?"", ""answer"": ""YES""}, {""question"": ""Did the student use the standard division algorithm to solve?"", ""answer"": ""NO""}]"
1557984,55101cf8-4e6f-4dcd-b85b-caf425cdf98f.jpeg,"[{""question"": ""Did the student correctly find the quotient is 59?"", ""answer"": ""NO""}, {""question"": ""Did the student use place value strategies to solve?"", ""answer"": ""YES""}, {""question"": ""Did the student use the standard division algorithm to solve?"", ""answer"": ""YES""}]"
1557984,6ec73a06-7c13-4f93-9468-a47b9bd19abd.jpeg,"[{""question"": ""Did the student correctly find the quotient is 59?"", ""answer"": ""YES""}, {""question"": ""Did the student use place value strategies to solve?"", ""answer"": ""NO""}, {""question"": ""Did the student use the standard division algorithm to solve?"", ""answer"": ""NO""}]"
1557984,95c2f640-76e4-4bef-9c8a-6da3d6298241.jpeg,"[{""question"": ""Did the student correctly find the quotient is 59?"", ""answer"": ""YES""}, {""question"": ""Did the student use place value strategies to solve?"", ""answer"": ""YES""}, {""question"": ""Did the student use the standard division algorithm to solve?"", ""answer"": ""NO""}]"
1557984,96b8d224-bfe1-4597-84e3-cc44978bbeec.jpeg,"[{""question"": ""Did the student correctly find the quotient is 59?"", ""answer"": ""YES""}, {""question"": ""Did the student use place value strategies to solve?"", ""answer"": ""NO""}, {""question"": ""Did the student use the standard division algorithm to solve?"", ""answer"": ""NO""}]"
1557984,a5ada780-ef0c-49e4-90d6-057f8464f8e6.jpeg,"[{""question"": ""Did the student correctly find the quotient is 59?"", ""answer"": ""YES""}, {""question"": ""Did the student use place value strategies to solve?"", ""answer"": ""NO""}, {""question"": ""Did the student use the standard division algorithm to solve?"", ""answer"": ""NO""}]"
1557984,a5c1543d-ac77-4589-8cd8-e1dd44779ed1.jpeg,"[{""question"": ""Did the student correctly find the quotient is 59?"", ""answer"": ""NO""}, {""question"": ""Did the student use place value strategies to solve?"", ""answer"": ""YES""}, {""question"": ""Did the student use the standard division algorithm to solve?"", ""answer"": ""NO""}]"
1557984,c025f955-6587-4eb9-937a-6bdbe4108035.jpeg,"[{""question"": ""Did the student correctly find the quotient is 59?"", ""answer"": ""YES""}, {""question"": ""Did the student use place value strategies to solve?"", ""answer"": ""YES""}, {""question"": ""Did the student use the standard division algorithm to solve?"", ""answer"": ""NO""}]"
1557984,c3ef431d-6907-41f0-b859-53a92c4efb2c.jpeg,"[{""question"": ""Did the student correctly find the quotient is 59?"", ""answer"": ""YES""}, {""question"": ""Did the student use place value strategies to solve?"", ""answer"": ""NO""}, {""question"": ""Did the student use the standard division algorithm to solve?"", ""answer"": ""NO""}]"
1557984,cb2737a1-e4fc-46ac-a1d2-15db1865a6ae.jpeg,"[{""question"": ""Did the student correctly find the quotient is 59?"", ""answer"": ""YES""}, {""question"": ""Did the student use place value strategies to solve?"", ""answer"": ""NO""}, {""question"": ""Did the student use the standard division algorithm to solve?"", ""answer"": ""NO""}]"
1557984,f94d4cac-2b0f-4720-9213-8f1444216e1d.jpeg,"[{""question"": ""Did the student correctly find the quotient is 59?"", ""answer"": ""YES""}, {""question"": ""Did the student use place value strategies to solve?"", ""answer"": ""YES""}, {""question"": ""Did the student use the standard division algorithm to solve?"", ""answer"": ""NO""}]"
1557984,fa247f00-851f-4f00-8ca9-dc4f253339d6.jpeg,"[{""question"": ""Did the student correctly find the quotient is 59?"", ""answer"": ""YES""}, {""question"": ""Did the student use place value strategies to solve?"", ""answer"": ""YES""}, {""question"": ""Did the student use the standard division algorithm to solve?"", ""answer"": ""NO""}]"
1557985,103e29d9-acd7-42a5-8cee-9432c7c70faf.jpeg,"[{""question"": ""Did the student get the correct quotient of 300?"", ""answer"": ""YES""}, {""question"": ""Did the student use place value strategies to solve?"", ""answer"": ""NO""}, {""question"": ""Did the student use the standard algorithm to solve?"", ""answer"": ""NO""}]"
1557985,36011931-d8aa-47bb-be74-f563b83296b1.jpeg,"[{""question"": ""Did the student get the correct quotient of 300?"", ""answer"": ""YES""}, {""question"": ""Did the student use place value strategies to solve?"", ""answer"": ""YES""}, {""question"": ""Did the student use the standard algorithm to solve?"", ""answer"": ""NO""}]"
1557985,3e162e8d-6b5e-4dba-874a-f73ef9946641.jpeg,"[{""question"": ""Did the student get the correct quotient of 300?"", ""answer"": ""YES""}, {""question"": ""Did the student use place value strategies to solve?"", ""answer"": ""YES""}, {""question"": ""Did the student use the standard algorithm to solve?"", ""answer"": ""NO""}]"
1557985,4c3ebbe9-bd56-4d33-a45b-39160b560dbd.jpeg,"[{""question"": ""Did the student get the correct quotient of 300?"", ""answer"": ""NO""}, {""question"": ""Did the student use place value strategies to solve?"", ""answer"": ""NO""}, {""question"": ""Did the student use the standard algorithm to solve?"", ""answer"": ""NO""}]"
1557985,5432fc7b-bbff-4d0e-98f3-57ce047e1f9d.jpeg,"[{""question"": ""Did the student get the correct quotient of 300?"", ""answer"": ""YES""}, {""question"": ""Did the student use place value strategies to solve?"", ""answer"": ""YES""}, {""question"": ""Did the student use the standard algorithm to solve?"", ""answer"": ""NO""}]"
1557985,60db6874-6a47-402a-a17b-0a2e163db5f2.jpeg,"[{""question"": ""Did the student get the correct quotient of 300?"", ""answer"": ""NO""}, {""question"": ""Did the student use place value strategies to solve?"", ""answer"": ""YES""}, {""question"": ""Did the student use the standard algorithm to solve?"", ""answer"": ""NO""}]"
1557985,61661ff2-69d4-45d3-bb08-a0ceceffef81.jpeg,"[{""question"": ""Did the student get the correct quotient of 300?"", ""answer"": ""YES""}, {""question"": ""Did the student use place value strategies to solve?"", ""answer"": ""YES""}, {""question"": ""Did the student use the standard algorithm to solve?"", ""answer"": ""NO""}]"
1557985,682d8e30-967b-411e-af86-20faded4327f.jpeg,"[{""question"": ""Did the student get the correct quotient of 300?"", ""answer"": ""YES""}, {""question"": ""Did the student use place value strategies to solve?"", ""answer"": ""YES""}, {""question"": ""Did the student use the standard algorithm to solve?"", ""answer"": ""NO""}]"
1557985,685624ef-f3c9-4c27-ba81-b71d97e3c80e.png,"[{""question"": ""Did the student get the correct quotient of 300?"", ""answer"": ""YES""}, {""question"": ""Did the student use place value strategies to solve?"", ""answer"": ""YES""}, {""question"": ""Did the student use the standard algorithm to solve?"", ""answer"": ""YES""}]"
1557985,9d788daa-d0ec-4efc-89cd-146e9e498074.jpeg,"[{""question"": ""Did the student get the correct quotient of 300?"", ""answer"": ""YES""}, {""question"": ""Did the student use place value strategies to solve?"", ""answer"": ""YES""}, {""question"": ""Did the student use the standard algorithm to solve?"", ""answer"": ""NO""}]"
1557985,b0024c78-fd73-44ef-b130-6dd73bb2722a.jpeg,"[{""question"": ""Did the student get the correct quotient of 300?"", ""answer"": ""YES""}, {""question"": ""Did the student use place value strategies to solve?"", ""answer"": ""YES""}, {""question"": ""Did the student use the standard algorithm to solve?"", ""answer"": ""YES""}]"
1557985,c84c25d0-9946-45a2-b94d-c02c8513171e.jpeg,"[{""question"": ""Did the student get the correct quotient of 300?"", ""answer"": ""YES""}, {""question"": ""Did the student use place value strategies to solve?"", ""answer"": ""YES""}, {""question"": ""Did the student use the standard algorithm to solve?"", ""answer"": ""YES""}]"
1557985,dccc3fdf-b757-4d0c-b3ee-abe9902664e0.jpeg,"[{""question"": ""Did the student get the correct quotient of 300?"", ""answer"": ""YES""}, {""question"": ""Did the student use place value strategies to solve?"", ""answer"": ""YES""}, {""question"": ""Did the student use the standard algorithm to solve?"", ""answer"": ""YES""}]"
1557986,26ce0352-ecd2-401a-981f-2d5a42f38724.jpeg,"[{""question"": ""Did the student use place value strategies to solve?"", ""answer"": ""YES""}, {""question"": ""Did the student use the standard division algorithm?"", ""answer"": ""YES""}]"
1557986,2aacb8b5-bc25-4c1f-80ca-9985a6e737c3.jpeg,"[{""question"": ""Did the student use place value strategies to solve?"", ""answer"": ""YES""}, {""question"": ""Did the student use the standard division algorithm?"", ""answer"": ""YES""}]"
1557986,3afdb25f-dd60-4fac-8988-6498ab877374.jpeg,"[{""question"": ""Did the student use place value strategies to solve?"", ""answer"": ""YES""}, {""question"": ""Did the student use the standard division algorithm?"", ""answer"": ""YES""}]"
1557986,3d14e521-93a2-46f6-8f5d-8c5df75b8ab0.jpeg,"[{""question"": ""Did the student use place value strategies to solve?"", ""answer"": ""YES""}, {""question"": ""Did the student use the standard division algorithm?"", ""answer"": ""YES""}]"
1557986,703a302c-07ce-40a1-ac37-7721ae59566a.jpeg,"[{""question"": ""Did the student use place value strategies to solve?"", ""answer"": ""YES""}, {""question"": ""Did the student use the standard division algorithm?"", ""answer"": ""YES""}]"
1557986,7d341db8-6d16-4ba0-9938-6feacf8e1997.jpeg,"[{""question"": ""Did the student use place value strategies to solve?"", ""answer"": ""YES""}, {""question"": ""Did the student use the standard division algorithm?"", ""answer"": ""YES""}]"
1557986,9d5ff8e9-90be-46a2-ada6-5ef18d31df9b.jpeg,"[{""question"": ""Did the student use place value strategies to solve?"", ""answer"": ""YES""}, {""question"": ""Did the student use the standard division algorithm?"", ""answer"": ""YES""}]"
1557986,a2ba81f6-3d95-4e87-9a60-02f300060a0c.jpeg,"[{""question"": ""Did the student use place value strategies to solve?"", ""answer"": ""YES""}, {""question"": ""Did the student use the standard division algorithm?"", ""answer"": ""YES""}]"
1557986,b000c2e0-84de-4d0a-97cd-4027980c2f79.jpeg,"[{""question"": ""Did the student use place value strategies to solve?"", ""answer"": ""YES""}, {""question"": ""Did the student use the standard division algorithm?"", ""answer"": ""YES""}]"
1557986,d02c944e-4468-4e89-9840-e51383e15191.jpeg,"[{""question"": ""Did the student use place value strategies to solve?"", ""answer"": ""YES""}, {""question"": ""Did the student use the standard division algorithm?"", ""answer"": ""YES""}]"
1557986,dc1851dc-196f-402c-b170-08242254d662.jpeg,"[{""question"": ""Did the student use place value strategies to solve?"", ""answer"": ""YES""}, {""question"": ""Did the student use the standard division algorithm?"", ""answer"": ""YES""}]"
1557986,e528c74b-d900-496a-bb90-03d064d24e9b.jpeg,"[{""question"": ""Did the student use place value strategies to solve?"", ""answer"": ""YES""}, {""question"": ""Did the student use the standard division algorithm?"", ""answer"": ""YES""}]"
1557986,f46dc1eb-cf9e-43bb-9d1b-e63667e17e80.jpeg,"[{""question"": ""Did the student use place value strategies to solve?"", ""answer"": ""YES""}, {""question"": ""Did the student use the standard division algorithm?"", ""answer"": ""YES""}]"
1557986,f583eaa0-a18f-483c-8cf4-0b0aff4f54db.jpeg,"[{""question"": ""Did the student use place value strategies to solve?"", ""answer"": ""YES""}, {""question"": ""Did the student use the standard division algorithm?"", ""answer"": ""YES""}]"
1558469,1b45ddf4-f19a-4d0a-be07-b9f05462dbd3.jpeg,"[{""question"": ""Is the student's final answer reasonable?"", ""answer"": ""YES""}]"
1558469,1c1f721b-6053-437a-81db-d4132b499cc2.jpeg,"[{""question"": ""Is the student's final answer reasonable?"", ""answer"": ""YES""}]"
1558469,3e09d688-8058-48aa-9d62-5a31e22d3497.jpeg,"[{""question"": ""Is the student's final answer reasonable?"", ""answer"": ""YES""}]"
1558469,47fee961-2f9a-43be-804e-a715b9de914c.jpeg,"[{""question"": ""Is the student's final answer reasonable?"", ""answer"": ""YES""}]"
1558469,54cbc500-fcff-4e77-85d9-1fa8fc252e16.jpeg,"[{""question"": ""Is the student's final answer reasonable?"", ""answer"": ""YES""}]"
1558469,5a9c02c8-2962-4713-ad06-cf5c42ca8665.jpeg,"[{""question"": ""Is the student's final answer reasonable?"", ""answer"": ""YES""}]"
1558469,7f46ca6f-9074-46b6-9874-4d8e110920e0.jpeg,"[{""question"": ""Is the student's final answer reasonable?"", ""answer"": ""YES""}]"
1558469,7fb7d6df-8812-4796-8bb8-7ad1100f0b57.jpeg,"[{""question"": ""Is the student's final answer reasonable?"", ""answer"": ""YES""}]"
1558469,8ad4f90d-31d7-472e-ad70-b7cc94667396.jpeg,"[{""question"": ""Is the student's final answer reasonable?"", ""answer"": ""NO""}]"
1558469,a033554d-5d42-45f7-b5e1-ef2eaed97bf0.jpeg,"[{""question"": ""Is the student's final answer reasonable?"", ""answer"": ""YES""}]"
1558469,ad3f5e46-2146-4b35-b3d6-69c2ee8aed7c.jpeg,"[{""question"": ""Is the student's final answer reasonable?"", ""answer"": ""YES""}]"
1558469,b94888b7-c045-461e-a875-216b16dbb4f9.jpeg,"[{""question"": ""Is the student's final answer reasonable?"", ""answer"": ""YES""}]"
1558469,f4ec99b0-ef04-44bb-a47a-8a7cf8260f03.jpeg,"[{""question"": ""Is the student's final answer reasonable?"", ""answer"": ""YES""}]"
1558469,f504cdf5-fbb9-4942-9f22-4d7279017c1f.jpeg,"[{""question"": ""Is the student's final answer reasonable?"", ""answer"": ""YES""}]"
1558470,240b32a9-19b6-43b3-b5d0-a107eafadbff.jpeg,"[{""question"": ""Is the student's final answer reasonable?"", ""answer"": ""YES""}]"
1558470,314724e0-ad5b-4c63-b73c-757005874135.jpeg,[]
1558470,4d669b51-c3bf-4af7-93ee-977a05b0c426.jpeg,"[{""question"": ""Is the student's final answer reasonable?"", ""answer"": ""YES""}]"
1558470,709a3af2-a9bc-4ea1-84a1-062461d12237.jpeg,"[{""question"": ""Is the student's final answer reasonable?"", ""answer"": ""YES""}]"
1558470,7cb338c1-079d-4418-a81a-80fc742ecfa3.jpeg,"[{""question"": ""Is the student's final answer reasonable?"", ""answer"": ""YES""}]"
1558470,86993e7a-81f1-4a9e-91f5-f6a0d15c1ab1.jpeg,"[{""question"": ""Is the student's final answer reasonable?"", ""answer"": ""YES""}]"
1558470,8f65ce5c-f752-4421-8fd1-466c9a4ea63e.jpeg,"[{""question"": ""Is the student's final answer reasonable?"", ""answer"": ""NO""}]"
1558470,982ae0a8-bec8-4f16-a35b-a351d00ef023.jpeg,"[{""question"": ""Is the student's final answer reasonable?"", ""answer"": ""NO""}]"
1558470,a94b256e-c2da-4ec3-90d9-c33013699573.jpeg,"[{""question"": ""Is the student's final answer reasonable?"", ""answer"": ""YES""}]"
1558470,e0c7230f-4bf8-4cca-8cc8-aef90f88b37a.jpeg,"[{""question"": ""Is the student's final answer reasonable?"", ""answer"": ""NO""}]"
1558470,e2b67729-a932-4884-a2a0-3cf6d48fab09.jpeg,"[{""question"": ""Is the student's final answer reasonable?"", ""answer"": ""NO""}]"
1558470,e98aff03-8a8c-4a05-aa04-dfd9b3634986.jpeg,"[{""question"": ""Is the student's final answer reasonable?"", ""answer"": ""YES""}]"
1558470,f885608c-2d55-4959-b7b6-a9f79effadcf.jpeg,"[{""question"": ""Is the student's final answer reasonable?"", ""answer"": ""YES""}]"
1558471,066e71f4-dad9-4e5c-a8dc-343e8aca406d.jpeg,"[{""question"": ""Is the student's final answer reasonable?"", ""answer"": ""YES""}]"
1558471,130e3402-0df2-446a-9e0d-e9d539959ff2.jpeg,"[{""question"": ""Is the student's final answer reasonable?"", ""answer"": ""NO""}]"
1558471,13137b94-70cc-4eb0-80ad-92a404269f49.jpeg,"[{""question"": ""Is the student's final answer reasonable?"", ""answer"": ""NO""}]"
1558471,2918accd-d8f1-4899-a3de-069e54ba436a.jpeg,"[{""question"": ""Is the student's final answer reasonable?"", ""answer"": ""NO""}]"
1558471,31b4974f-0cb6-4e3f-8ddf-06889f4a3ead.jpeg,"[{""question"": ""Is the student's final answer reasonable?"", ""answer"": ""NO""}]"
1558471,383b6efa-4a95-4e8f-906a-ddede3880a8e.jpeg,"[{""question"": ""Is the student's final answer reasonable?"", ""answer"": ""NO""}]"
1558471,4bdeb62d-a9d2-4ae7-998b-0dcf32fdc1c6.jpeg,"[{""question"": ""Is the student's final answer reasonable?"", ""answer"": ""NO""}]"
1558471,61480c16-65f2-43cd-afb1-17789c399cb4.jpeg,"[{""question"": ""Is the student's final answer reasonable?"", ""answer"": ""NO""}]"
1558471,7c630742-6fb7-491a-8358-b60edbc5f142.jpeg,"[{""question"": ""Is the student's final answer reasonable?"", ""answer"": ""NO""}]"
1558471,83a375b2-16c9-4936-b949-dd4da27b6914.jpeg,"[{""question"": ""Is the student's final answer reasonable?"", ""answer"": ""NO""}]"
1558471,870ba096-83ac-46ef-9011-4829393674e5.jpeg,"[{""question"": ""Is the student's final answer reasonable?"", ""answer"": ""NO""}]"
1558471,91f75caa-c0af-4eb1-b2aa-046cfa870c5c.jpeg,"[{""question"": ""Is the student's final answer reasonable?"", ""answer"": ""NO""}]"
1558471,c3e1616e-2673-488a-a556-7abfdd6ab57c.jpeg,"[{""question"": ""Is the student's final answer reasonable?"", ""answer"": ""NO""}]"
1558471,d0c9f09d-f2cd-48f4-b7ee-6b7a5d52753f.jpeg,"[{""question"": ""Is the student's final answer reasonable?"", ""answer"": ""NO""}]"
1558471,f9e4e8a5-c909-4a7c-9870-1aed14f94d21.jpeg,"[{""question"": ""Is the student's final answer reasonable?"", ""answer"": ""NO""}]"
1558505,08a89c23-97ad-4ffe-9e99-81ece3aa8c85.jpeg,"[{""question"": ""Is the student's estimate reasonable?"", ""answer"": ""YES""}]"
1558505,4783dd55-0ec0-4bc4-b444-9687fe526917.jpeg,"[{""question"": ""Is the student's estimate reasonable?"", ""answer"": ""YES""}]"
1558505,54706179-8f9a-451e-ad12-1bc5920ad5ba.jpeg,"[{""question"": ""Is the student's estimate reasonable?"", ""answer"": ""YES""}]"
1558505,636118db-3ee4-42bf-9bbd-c00f57dcc798.png,"[{""question"": ""Is the student's estimate reasonable?"", ""answer"": ""NO""}]"
1558505,796dc23b-8ec3-467e-9b3b-27f1f78ee963.jpeg,"[{""question"": ""Is the student's estimate reasonable?"", ""answer"": ""NO""}]"
1558505,7d37a6f4-9e80-406c-8641-e73ff7ae4720.jpeg,"[{""question"": ""Is the student's estimate reasonable?"", ""answer"": ""YES""}]"
1558505,b2573af5-5b4f-42c0-a1f0-9b6b1a912f42.jpeg,"[{""question"": ""Is the student's estimate reasonable?"", ""answer"": ""YES""}]"
1558505,b3cd0cae-e7ee-4e0f-994c-0c45d7df68ad.jpeg,"[{""question"": ""Is the student's estimate reasonable?"", ""answer"": ""YES""}]"
1558505,b48b24bc-4a00-4cba-84db-7189527806cd.jpeg,"[{""question"": ""Is the student's estimate reasonable?"", ""answer"": ""NO""}]"
1558505,bba2970d-1a76-4e98-a57f-b9eac63af553.jpeg,"[{""question"": ""Is the student's estimate reasonable?"", ""answer"": ""YES""}]"
1558505,cab711d5-308c-4a08-82db-a0a418ab9fc1.jpeg,"[{""question"": ""Is the student's estimate reasonable?"", ""answer"": ""YES""}]"
1558505,cc31a805-c18f-4651-8844-898c647356ef.jpeg,"[{""question"": ""Is the student's estimate reasonable?"", ""answer"": ""YES""}]"
1558505,cd08e287-cf4c-4531-9866-8c3fdd8e3610.jpeg,"[{""question"": ""Is the student's estimate reasonable?"", ""answer"": ""YES""}]"
1572866,3306c86d-77e9-430f-9aa5-b13d569d0ce1.png,"[{""question"": ""Is the student's estimation reasonable?"", ""answer"": ""YES""}]"
1572866,4169710a-1be8-4d3e-829b-a90f432abd17.jpeg,"[{""question"": ""Is the student's estimation reasonable?"", ""answer"": ""YES""}]"
1572866,55e75b34-5fcc-4695-b0db-20fe0b4c9976.jpeg,"[{""question"": ""Is the student's estimation reasonable?"", ""answer"": ""YES""}]"
1572866,62bd7af2-5435-477a-b535-2c0cbd7ee761.jpeg,"[{""question"": ""Is the student's estimation reasonable?"", ""answer"": ""YES""}]"
1572866,748cadc8-2dd8-4efa-accd-4d9d9a0449ca.jpeg,"[{""question"": ""Is the student's estimation reasonable?"", ""answer"": ""YES""}]"
1572866,77c39d4c-ea8a-449a-b5e5-15c643656124.jpeg,"[{""question"": ""Is the student's estimation reasonable?"", ""answer"": ""YES""}]"
1572866,7db3fea4-efc0-4553-a680-4c35fa3420b9.jpeg,"[{""question"": ""Is the student's estimation reasonable?"", ""answer"": ""YES""}]"
1572866,9540d248-2014-41c2-8bee-650f95554b44.jpeg,"[{""question"": ""Is the student's estimation reasonable?"", ""answer"": ""YES""}]"
1572866,9c4f9cd8-95a5-46c7-a6c3-938b2cd34261.jpeg,"[{""question"": ""Is the student's estimation reasonable?"", ""answer"": ""YES""}]"
1572866,9f75874b-a237-4759-93b8-7ce06a1917ae.jpeg,"[{""question"": ""Is the student's estimation reasonable?"", ""answer"": ""YES""}]"
1572866,d293d977-c1a0-4b25-9dac-44a657bdccbb.jpeg,"[{""question"": ""Is the student's estimation reasonable?"", ""answer"": ""YES""}]"
1572866,daa14fd3-fd34-4bd8-a296-73659dfa5c1a.jpeg,"[{""question"": ""Is the student's estimation reasonable?"", ""answer"": ""YES""}]"
1572866,e68f9086-a485-41d3-a98c-45d0f378a083.jpeg,"[{""question"": ""Is the student's estimation reasonable?"", ""answer"": ""YES""}]"
1572866,e9461f30-30e1-45bd-a13f-784154edb7d6.jpeg,"[{""question"": ""Is the student's estimation reasonable?"", ""answer"": ""YES""}]"
1572997,1d6491bb-6fc8-4799-9e29-c4b33bd6cf72.jpeg,"[{""question"": ""Did the student draw an array with 3 rows and four columns?"", ""answer"": ""YES""}]"
1572997,2cce160e-5e25-46f1-818d-cc9f41fa47dd.jpeg,"[{""question"": ""Did the student draw an array with 3 rows and four columns?"", ""answer"": ""YES""}]"
1572997,46f9be0f-c2d3-488f-a022-0ca10b2ed7fc.jpeg,"[{""question"": ""Did the student draw an array with 3 rows and four columns?"", ""answer"": ""YES""}]"
1572997,5d685769-ce63-4a94-9db3-eac3b4b20b25.jpeg,"[{""question"": ""Did the student draw an array with 3 rows and four columns?"", ""answer"": ""YES""}]"
1572997,6d48ce4c-2d1c-48c8-9653-cda607f2998d.jpeg,"[{""question"": ""Did the student draw an array with 3 rows and four columns?"", ""answer"": ""YES""}]"
1572997,78e844c9-ac04-449d-9f07-6336b2724908.jpeg,"[{""question"": ""Did the student draw an array with 3 rows and four columns?"", ""answer"": ""YES""}]"
1572997,a0114caf-bcb8-4552-a1ba-9031290e280c.jpeg,"[{""question"": ""Did the student draw an array with 3 rows and four columns?"", ""answer"": ""YES""}]"
1572997,a289a8d5-ac0d-481b-9ace-4de976c77f33.png,"[{""question"": ""Did the student draw an array with 3 rows and four columns?"", ""answer"": ""YES""}]"
1572997,a4858f35-2cd1-432c-89c5-2623f3f5cdab.jpeg,"[{""question"": ""Did the student draw an array with 3 rows and four columns?"", ""answer"": ""YES""}]"
1572997,a954770f-5e53-405c-8dbf-4fc6139166c9.jpeg,"[{""question"": ""Did the student draw an array with 3 rows and four columns?"", ""answer"": ""YES""}]"
1572997,b719b7cc-eb12-41d6-b27f-d10ba5eda90c.jpeg,"[{""question"": ""Did the student draw an array with 3 rows and four columns?"", ""answer"": ""YES""}]"
1572997,d95798d0-5501-4e3f-b16e-d8a19b3194e7.jpeg,"[{""question"": ""Did the student draw an array with 3 rows and four columns?"", ""answer"": ""YES""}]"
1572997,e4bf57e0-1aae-4aef-9f1d-5d8b3b8e106b.jpeg,"[{""question"": ""Did the student draw an array with 3 rows and four columns?"", ""answer"": ""YES""}]"
1572997,eee766d6-82f8-435a-b0c2-29cb72c5f006.jpeg,"[{""question"": ""Did the student draw an array with 3 rows and four columns?"", ""answer"": ""YES""}]"
1573459,06494a40-7898-43bf-992d-009f5bfdf7ab.png,"[{""question"": ""Does the tape diagram show that when Pam has $40 in her account, her brother has $100 in his account?"", ""answer"": ""YES""}]"
1573459,0c989643-8e4d-4190-97ff-e1dffa2f4bf0.jpeg,"[{""question"": ""Does the tape diagram show that when Pam has $40 in her account, her brother has $100 in his account?"", ""answer"": ""YES""}]"
1573459,1e8a9043-dde8-487b-a6f9-355f5b5b4b41.jpeg,"[{""question"": ""Does the tape diagram show that when Pam has $40 in her account, her brother has $100 in his account?"", ""answer"": ""YES""}]"
1573459,320666d5-14c5-4c7e-bea1-17f277d21896.jpeg,"[{""question"": ""Does the tape diagram show that when Pam has $40 in her account, her brother has $100 in his account?"", ""answer"": ""YES""}]"
1573459,51ba48ae-5002-4f1d-b2eb-e5cf38b8e023.jpeg,"[{""question"": ""Does the tape diagram show that when Pam has $40 in her account, her brother has $100 in his account?"", ""answer"": ""YES""}]"
1573459,72d37a89-56dc-48bc-b464-d46376ec1b4c.jpeg,"[{""question"": ""Does the tape diagram show that when Pam has $40 in her account, her brother has $100 in his account?"", ""answer"": ""NO""}]"
1573459,7ba55ae0-ca7a-418e-b698-a458fe2146c4.jpeg,"[{""question"": ""Does the tape diagram show that when Pam has $40 in her account, her brother has $100 in his account?"", ""answer"": ""YES""}]"
1573459,7d85bea6-105a-4fec-b1a7-7e337b09b747.jpeg,"[{""question"": ""Does the tape diagram show that when Pam has $40 in her account, her brother has $100 in his account?"", ""answer"": ""YES""}]"
1573459,85721e2d-3c00-4454-8295-5be07b8c5b6b.jpeg,"[{""question"": ""Does the tape diagram show that when Pam has $40 in her account, her brother has $100 in his account?"", ""answer"": ""YES""}]"
1573459,c4b0b224-f0b8-49e0-80e7-ae7abaa7dba9.jpeg,"[{""question"": ""Does the tape diagram show that when Pam has $40 in her account, her brother has $100 in his account?"", ""answer"": ""NO""}]"
1573459,cb1111cd-c776-41f3-b580-d1773f40e83e.jpeg,"[{""question"": ""Does the tape diagram show that when Pam has $40 in her account, her brother has $100 in his account?"", ""answer"": ""YES""}]"
1573459,db0d2ac0-6560-4e44-8aea-3c27059cd91c.jpeg,"[{""question"": ""Does the tape diagram show that when Pam has $40 in her account, her brother has $100 in his account?"", ""answer"": ""YES""}]"
1573459,f40eec29-ecc4-4911-808c-b37d93aa8895.jpeg,"[{""question"": ""Does the tape diagram show that when Pam has $40 in her account, her brother has $100 in his account?"", ""answer"": ""YES""}]"
1573459,fb9ba668-b90b-42fc-adb2-475ab3ceb1b1.jpeg,"[{""question"": ""Does the tape diagram show that when Pam has $40 in her account, her brother has $100 in his account?"", ""answer"": ""YES""}]"
1573468,1ae1cdf1-64c4-44ae-a1f6-b74b7f8e68c7.jpeg,"[{""question"": ""Did the student redraw the given triangle?"", ""answer"": ""YES""}, {""question"": ""Does the student's drawing show a translation of triangle XYZ along ray AB?"", ""answer"": ""YES""}]"
1573468,1ee8473e-d78e-4117-b287-5ef6fc232766.png,"[{""question"": ""Did the student redraw the given triangle?"", ""answer"": ""YES""}, {""question"": ""Does the student's drawing show a translation of triangle XYZ along ray AB?"", ""answer"": ""YES""}]"
1573468,248c322c-e8de-401b-9246-782886ff1c8e.jpeg,"[{""question"": ""Did the student redraw the given triangle?"", ""answer"": ""YES""}, {""question"": ""Does the student's drawing show a translation of triangle XYZ along ray AB?"", ""answer"": ""YES""}]"
1573468,307d73bd-c1ce-4b93-9b79-f6535ee5e35a.jpeg,"[{""question"": ""Did the student redraw the given triangle?"", ""answer"": ""YES""}, {""question"": ""Does the student's drawing show a translation of triangle XYZ along ray AB?"", ""answer"": ""YES""}]"
1573468,3eae4be4-26ef-46f2-b0b7-f86718c7b1e0.png,"[{""question"": ""Did the student redraw the given triangle?"", ""answer"": ""YES""}, {""question"": ""Does the student's drawing show a translation of triangle XYZ along ray AB?"", ""answer"": ""YES""}]"
1573468,46034c56-52fc-4ccd-8649-c85416f7c9d1.png,"[{""question"": ""Did the student redraw the given triangle?"", ""answer"": ""YES""}, {""question"": ""Does the student's drawing show a translation of triangle XYZ along ray AB?"", ""answer"": ""YES""}]"
1573468,63a8451d-18c4-4ad0-a544-911928920223.jpeg,"[{""question"": ""Did the student redraw the given triangle?"", ""answer"": ""YES""}, {""question"": ""Does the student's drawing show a translation of triangle XYZ along ray AB?"", ""answer"": ""YES""}]"
1573468,6ed7f526-a802-44c1-9bf5-4b5bc2b1a9ff.jpeg,"[{""question"": ""Did the student redraw the given triangle?"", ""answer"": ""YES""}, {""question"": ""Does the student's drawing show a translation of triangle XYZ along ray AB?"", ""answer"": ""YES""}]"
1573468,7be25cf6-8ac7-466e-9911-919e0929412d.jpeg,"[{""question"": ""Did the student redraw the given triangle?"", ""answer"": ""YES""}, {""question"": ""Does the student's drawing show a translation of triangle XYZ along ray AB?"", ""answer"": ""YES""}]"
1573468,a5f2b747-db2b-48ad-b519-3957881ade85.jpeg,"[{""question"": ""Did the student redraw the given triangle?"", ""answer"": ""YES""}, {""question"": ""Does the student's drawing show a translation of triangle XYZ along ray AB?"", ""answer"": ""NO""}]"
1573468,bba5f315-19bf-4188-8609-24ead78bb5b3.jpeg,"[{""question"": ""Did the student redraw the given triangle?"", ""answer"": ""YES""}, {""question"": ""Does the student's drawing show a translation of triangle XYZ along ray AB?"", ""answer"": ""YES""}]"
1573468,cf1e1ab4-7464-4e5a-b620-2dbadc4315c6.jpeg,"[{""question"": ""Did the student redraw the given triangle?"", ""answer"": ""YES""}, {""question"": ""Does the student's drawing show a translation of triangle XYZ along ray AB?"", ""answer"": ""YES""}]"
1573468,e1136638-e70a-47c2-885c-ff5b9d0f0b36.jpeg,"[{""question"": ""Did the student redraw the given triangle?"", ""answer"": ""YES""}, {""question"": ""Does the student's drawing show a translation of triangle XYZ along ray AB?"", ""answer"": ""YES""}]"
1573468,e7e967bc-5acf-4256-af8a-b9dc5a6997a2.png,"[{""question"": ""Did the student redraw the given triangle?"", ""answer"": ""YES""}, {""question"": ""Does the student's drawing show a translation of triangle XYZ along ray AB?"", ""answer"": ""YES""}]"
1573470,03ddb35f-d7c8-4d1e-9e4f-24caaf82eae4.jpeg,"[{""question"": ""Did the student redraw the given triangle?"", ""answer"": ""YES""}, {""question"": ""Did the student reflect the triangle over the line y=1?"", ""answer"": ""NO""}]"
1573470,1c0184c9-4462-4c0b-b30e-e84cdbe3192e.jpeg,"[{""question"": ""Did the student redraw the given triangle?"", ""answer"": ""YES""}, {""question"": ""Did the student reflect the triangle over the line y=1?"", ""answer"": ""YES""}]"
1573470,223ace52-40a2-4917-8684-ba9e83fd1d44.jpeg,"[{""question"": ""Did the student redraw the given triangle?"", ""answer"": ""YES""}, {""question"": ""Did the student reflect the triangle over the line y=1?"", ""answer"": ""YES""}]"
1573470,4887ddaf-2f80-42db-84ae-bde5736d614c.jpeg,"[{""question"": ""Did the student redraw the given triangle?"", ""answer"": ""YES""}, {""question"": ""Did the student reflect the triangle over the line y=1?"", ""answer"": ""YES""}]"
1573470,59011705-0f63-4ea3-b67c-3bc15fe02466.png,"[{""question"": ""Did the student redraw the given triangle?"", ""answer"": ""YES""}, {""question"": ""Did the student reflect the triangle over the line y=1?"", ""answer"": ""YES""}]"
1573470,789b60d7-189a-407d-b521-f1e5a711d674.jpeg,"[{""question"": ""Did the student redraw the given triangle?"", ""answer"": ""YES""}, {""question"": ""Did the student reflect the triangle over the line y=1?"", ""answer"": ""YES""}]"
1573470,87b82118-469d-47ac-9ee3-e5b419ebcf30.jpeg,"[{""question"": ""Did the student redraw the given triangle?"", ""answer"": ""YES""}, {""question"": ""Did the student reflect the triangle over the line y=1?"", ""answer"": ""YES""}]"
1573470,885dba9c-1ee2-4bbc-b017-cfa26533d822.jpeg,"[{""question"": ""Did the student redraw the given triangle?"", ""answer"": ""YES""}, {""question"": ""Did the student reflect the triangle over the line y=1?"", ""answer"": ""YES""}]"
1573470,92047601-d609-4ef6-9221-9f0cbb36a3b6.jpeg,"[{""question"": ""Did the student redraw the given triangle?"", ""answer"": ""YES""}, {""question"": ""Did the student reflect the triangle over the line y=1?"", ""answer"": ""YES""}]"
1573470,b3c899c2-af70-400e-9050-f9e04ce74cee.png,"[{""question"": ""Did the student redraw the given triangle?"", ""answer"": ""YES""}, {""question"": ""Did the student reflect the triangle over the line y=1?"", ""answer"": ""YES""}]"
1573470,bb2e5967-af8b-4080-ae9e-a55d8936d57f.png,"[{""question"": ""Did the student redraw the given triangle?"", ""answer"": ""YES""}, {""question"": ""Did the student reflect the triangle over the line y=1?"", ""answer"": ""YES""}]"
1573470,c3da3610-4095-4224-9452-e39c9ece60fa.png,"[{""question"": ""Did the student redraw the given triangle?"", ""answer"": ""YES""}, {""question"": ""Did the student reflect the triangle over the line y=1?"", ""answer"": ""YES""}]"
1573470,c9931d4c-3de6-4477-8eb1-4d619ac4fcb6.jpeg,"[{""question"": ""Did the student redraw the given triangle?"", ""answer"": ""YES""}, {""question"": ""Did the student reflect the triangle over the line y=1?"", ""answer"": ""YES""}]"
1573470,dc3ccc16-ea75-4499-a4c1-dc95c4f5b506.png,"[{""question"": ""Did the student redraw the given triangle?"", ""answer"": ""YES""}, {""question"": ""Did the student reflect the triangle over the line y=1?"", ""answer"": ""YES""}]"
1573470,e3590822-5380-4a35-b2ad-b09e13f59407.png,"[{""question"": ""Did the student redraw the given triangle?"", ""answer"": ""YES""}, {""question"": ""Did the student reflect the triangle over the line y=1?"", ""answer"": ""YES""}]"
1573473,1315dc53-1ce5-4df8-8e1b-670b7bc07cb0.jpeg,"[{""question"": ""Did the student draw the reflected image of the triangle on their page?"", ""answer"": ""YES""}, {""question"": ""Is the student's image of X'Y'Z' a correct reflection across the line of reflection?"", ""answer"": ""NO""}]"
1573473,18f8ef23-5a22-44cb-aaee-065f50c2f0e4.jpeg,"[{""question"": ""Did the student draw the reflected image of the triangle on their page?"", ""answer"": ""YES""}, {""question"": ""Is the student's image of X'Y'Z' a correct reflection across the line of reflection?"", ""answer"": ""YES""}]"
1573473,1ecb6235-56fb-47be-a0f6-d0ddae66f542.png,"[{""question"": ""Did the student draw the reflected image of the triangle on their page?"", ""answer"": ""YES""}, {""question"": ""Is the student's image of X'Y'Z' a correct reflection across the line of reflection?"", ""answer"": ""NO""}]"
1573473,4d3031f5-161d-42d5-b875-87b499705982.jpeg,"[{""question"": ""Did the student draw the reflected image of the triangle on their page?"", ""answer"": ""YES""}, {""question"": ""Is the student's image of X'Y'Z' a correct reflection across the line of reflection?"", ""answer"": ""YES""}]"
1573473,5dd48797-aaf0-4aec-b260-76455be96fd1.png,"[{""question"": ""Did the student draw the reflected image of the triangle on their page?"", ""answer"": ""YES""}, {""question"": ""Is the student's image of X'Y'Z' a correct reflection across the line of reflection?"", ""answer"": ""YES""}]"
1573473,60e4bcd3-da5e-4b7f-9753-cdb86c1c514a.jpeg,"[{""question"": ""Did the student draw the reflected image of the triangle on their page?"", ""answer"": ""YES""}, {""question"": ""Is the student's image of X'Y'Z' a correct reflection across the line of reflection?"", ""answer"": ""YES""}]"
1573473,6f200717-632e-4311-b6ec-c3904bf6d125.jpeg,"[{""question"": ""Did the student draw the reflected image of the triangle on their page?"", ""answer"": ""YES""}, {""question"": ""Is the student's image of X'Y'Z' a correct reflection across the line of reflection?"", ""answer"": ""YES""}]"
1573473,7476c637-bfac-421c-a8a6-c08cbf45407d.jpeg,"[{""question"": ""Did the student draw the reflected image of the triangle on their page?"", ""answer"": ""YES""}, {""question"": ""Is the student's image of X'Y'Z' a correct reflection across the line of reflection?"", ""answer"": ""YES""}]"
1573473,752b290e-ec6b-490e-8bd6-8ce80495f106.jpeg,"[{""question"": ""Did the student draw the reflected image of the triangle on their page?"", ""answer"": ""NO""}, {""question"": ""Is the student's image of X'Y'Z' a correct reflection across the line of reflection?"", ""answer"": ""YES""}]"
1573473,badf229a-745c-4afc-a4f7-b7db62b6302a.jpeg,"[{""question"": ""Did the student draw the reflected image of the triangle on their page?"", ""answer"": ""YES""}, {""question"": ""Is the student's image of X'Y'Z' a correct reflection across the line of reflection?"", ""answer"": ""YES""}]"
1573473,bd211bc8-e498-4bb0-a2fd-1fcc2b43b9b6.png,"[{""question"": ""Did the student draw the reflected image of the triangle on their page?"", ""answer"": ""YES""}, {""question"": ""Is the student's image of X'Y'Z' a correct reflection across the line of reflection?"", ""answer"": ""NO""}]"
1573473,d944a80b-c320-4831-9ef7-1f956a873509.jpeg,"[{""question"": ""Did the student draw the reflected image of the triangle on their page?"", ""answer"": ""YES""}, {""question"": ""Is the student's image of X'Y'Z' a correct reflection across the line of reflection?"", ""answer"": ""YES""}]"
1573473,de90119b-dbe1-40d0-96fd-9f60aa1d234d.png,"[{""question"": ""Did the student draw the reflected image of the triangle on their page?"", ""answer"": ""YES""}, {""question"": ""Is the student's image of X'Y'Z' a correct reflection across the line of reflection?"", ""answer"": ""YES""}]"
1573473,ded92bf7-063f-4062-806e-46eff0622976.jpeg,"[{""question"": ""Did the student draw the reflected image of the triangle on their page?"", ""answer"": ""YES""}, {""question"": ""Is the student's image of X'Y'Z' a correct reflection across the line of reflection?"", ""answer"": ""YES""}]"
1573473,f7f76153-8e6f-47f1-882a-d4edbcb68db0.jpeg,"[{""question"": ""Did the student draw the reflected image of the triangle on their page?"", ""answer"": ""YES""}, {""question"": ""Is the student's image of X'Y'Z' a correct reflection across the line of reflection?"", ""answer"": ""YES""}]"
1573474,013a0456-28e0-4835-9b6f-738d72461fd1.jpeg,"[{""question"": ""Did the student correctly rotate the triangle 90 degrees clockwise around the point (1,0)?"", ""answer"": ""YES""}, {""question"": ""Did the student redraw the given triangle?"", ""answer"": ""YES""}]"
1573474,1df51538-a471-410d-bae1-391a8b16bd1f.jpeg,"[{""question"": ""Did the student correctly rotate the triangle 90 degrees clockwise around the point (1,0)?"", ""answer"": ""YES""}, {""question"": ""Did the student redraw the given triangle?"", ""answer"": ""YES""}]"
1573474,4954dd48-6a89-48c1-bcaf-28f7b0d40536.jpeg,"[{""question"": ""Did the student correctly rotate the triangle 90 degrees clockwise around the point (1,0)?"", ""answer"": ""YES""}, {""question"": ""Did the student redraw the given triangle?"", ""answer"": ""YES""}]"
1573474,6a62db75-dac2-4899-8a91-edc34552784e.jpeg,"[{""question"": ""Did the student correctly rotate the triangle 90 degrees clockwise around the point (1,0)?"", ""answer"": ""YES""}, {""question"": ""Did the student redraw the given triangle?"", ""answer"": ""YES""}]"
1573474,77341624-70ca-4e0e-8c52-6ae80449ff64.jpeg,"[{""question"": ""Did the student correctly rotate the triangle 90 degrees clockwise around the point (1,0)?"", ""answer"": ""YES""}, {""question"": ""Did the student redraw the given triangle?"", ""answer"": ""YES""}]"
1573474,7d041753-c82b-4e19-a33b-1757ef2a3efd.jpeg,"[{""question"": ""Did the student correctly rotate the triangle 90 degrees clockwise around the point (1,0)?"", ""answer"": ""YES""}, {""question"": ""Did the student redraw the given triangle?"", ""answer"": ""YES""}]"
1573474,98035e65-bf7f-49a2-ac21-e94628ffd861.jpeg,"[{""question"": ""Did the student correctly rotate the triangle 90 degrees clockwise around the point (1,0)?"", ""answer"": ""YES""}, {""question"": ""Did the student redraw the given triangle?"", ""answer"": ""YES""}]"
1573474,9855af5b-96e3-4fdf-8832-875d0027130d.jpeg,"[{""question"": ""Did the student correctly rotate the triangle 90 degrees clockwise around the point (1,0)?"", ""answer"": ""YES""}, {""question"": ""Did the student redraw the given triangle?"", ""answer"": ""YES""}]"
1573474,a3f8fb8a-d75e-457c-b879-5adfd3f85dc7.jpeg,"[{""question"": ""Did the student correctly rotate the triangle 90 degrees clockwise around the point (1,0)?"", ""answer"": ""YES""}, {""question"": ""Did the student redraw the given triangle?"", ""answer"": ""YES""}]"
1573474,ba595db7-e5c4-4bb7-972c-a4bbe30b0a1f.jpeg,"[{""question"": ""Did the student correctly rotate the triangle 90 degrees clockwise around the point (1,0)?"", ""answer"": ""NO""}, {""question"": ""Did the student redraw the given triangle?"", ""answer"": ""YES""}]"
1573474,e989f02b-880a-4d69-a4e9-9795adf7f6f4.jpeg,"[{""question"": ""Did the student correctly rotate the triangle 90 degrees clockwise around the point (1,0)?"", ""answer"": ""YES""}, {""question"": ""Did the student redraw the given triangle?"", ""answer"": ""YES""}]"
1573883,2d017cab-7247-42ed-b534-2d192d0caba6.jpeg,"[{""question"": ""Do the ordered pairs on the graph match the values in the table?"", ""answer"": ""YES""}]"
1573883,3c27a756-417a-4ada-befd-2b24d90aea8d.jpeg,"[{""question"": ""Do the ordered pairs on the graph match the values in the table?"", ""answer"": ""YES""}]"
1573883,418c6fd4-8ae6-45bb-a4e2-1672906f6a26.jpeg,"[{""question"": ""Do the ordered pairs on the graph match the values in the table?"", ""answer"": ""NO""}]"
1573883,46588a9a-ccce-4f7d-b557-7b58a8b48fa3.jpeg,"[{""question"": ""Do the ordered pairs on the graph match the values in the table?"", ""answer"": ""NO""}]"
1573883,46d53599-5127-492b-ba32-130d1b15ea45.jpeg,"[{""question"": ""Do the ordered pairs on the graph match the values in the table?"", ""answer"": ""NO""}]"
1573883,56c44313-caed-4c37-9286-f007dea424c7.jpeg,"[{""question"": ""Do the ordered pairs on the graph match the values in the table?"", ""answer"": ""NO""}]"
1573883,742d4b4a-45a0-4609-9cef-cfab9bbc8fb4.jpeg,"[{""question"": ""Do the ordered pairs on the graph match the values in the table?"", ""answer"": ""YES""}]"
1573883,75040484-b764-4722-9708-978471626f35.jpeg,"[{""question"": ""Do the ordered pairs on the graph match the values in the table?"", ""answer"": ""YES""}]"
1573883,7994faf3-a33b-4d7f-8ca3-095efa5e5c7f.jpeg,"[{""question"": ""Do the ordered pairs on the graph match the values in the table?"", ""answer"": ""YES""}]"
1573883,8ffe926c-7efb-4fab-83d9-b505a5f4b8b8.jpeg,"[{""question"": ""Do the ordered pairs on the graph match the values in the table?"", ""answer"": ""YES""}]"
1573883,bbfd962c-59de-4d9a-9111-fd8e38a01e38.jpeg,"[{""question"": ""Do the ordered pairs on the graph match the values in the table?"", ""answer"": ""YES""}]"
1573883,c3d0015d-824e-45e5-b341-16d6e4a95762.jpeg,"[{""question"": ""Do the ordered pairs on the graph match the values in the table?"", ""answer"": ""YES""}]"
1573883,dbb3c42b-606a-4f1b-b1d6-08e557b5a02c.jpeg,"[{""question"": ""Do the ordered pairs on the graph match the values in the table?"", ""answer"": ""YES""}]"
1582775,099bc78c-eb35-49ae-8419-89aedece2d3a.jpeg,"[{""question"": ""Did the student get the correct quotient of 1 1/3 as an answer?"", ""answer"": ""NO""}, {""question"": ""Does the student's picture match the equation they wrote?"", ""answer"": ""NO""}]"
1582775,0e473513-ae71-4f3e-94f5-6ac55255d541.jpeg,"[{""question"": ""Did the student get the correct quotient of 1 1/3 as an answer?"", ""answer"": ""YES""}, {""question"": ""Does the student's picture match the equation they wrote?"", ""answer"": ""YES""}]"
1582775,3737e735-605e-45e5-a812-6bae3b84d92a.jpeg,"[{""question"": ""Did the student get the correct quotient of 1 1/3 as an answer?"", ""answer"": ""YES""}, {""question"": ""Does the student's picture match the equation they wrote?"", ""answer"": ""YES""}]"
1582775,3fe55316-9071-4c30-8a10-dc26eb0fb966.jpeg,"[{""question"": ""Did the student get the correct quotient of 1 1/3 as an answer?"", ""answer"": ""YES""}, {""question"": ""Does the student's picture match the equation they wrote?"", ""answer"": ""YES""}]"
1582775,51b2bae2-981d-48e5-9ad4-2e8166fa67ed.jpeg,"[{""question"": ""Did the student get the correct quotient of 1 1/3 as an answer?"", ""answer"": ""YES""}, {""question"": ""Does the student's picture match the equation they wrote?"", ""answer"": ""NO""}]"
1582775,573c753e-ebfc-4d3c-9035-859208390881.jpeg,"[{""question"": ""Did the student get the correct quotient of 1 1/3 as an answer?"", ""answer"": ""NO""}, {""question"": ""Does the student's picture match the equation they wrote?"", ""answer"": ""YES""}]"
1582775,78c4068e-41de-417e-9635-52b484979360.jpeg,"[{""question"": ""Did the student get the correct quotient of 1 1/3 as an answer?"", ""answer"": ""YES""}, {""question"": ""Does the student's picture match the equation they wrote?"", ""answer"": ""NO""}]"
1582775,802f6529-19b7-4101-bc21-b721e7485319.jpeg,"[{""question"": ""Did the student get the correct quotient of 1 1/3 as an answer?"", ""answer"": ""NO""}, {""question"": ""Does the student's picture match the equation they wrote?"", ""answer"": ""NO""}]"
1582775,ad1fa52c-6e6b-422d-928a-2e8ed03e2190.jpeg,"[{""question"": ""Did the student get the correct quotient of 1 1/3 as an answer?"", ""answer"": ""NO""}, {""question"": ""Does the student's picture match the equation they wrote?"", ""answer"": ""NO""}]"
1582775,ad4273f3-6c27-4bfd-b31b-c62626b5c2b4.jpeg,"[{""question"": ""Did the student get the correct quotient of 1 1/3 as an answer?"", ""answer"": ""NO""}, {""question"": ""Does the student's picture match the equation they wrote?"", ""answer"": ""NO""}]"
1582775,bd991b36-fc59-48da-83fa-d42f5b61c6a5.jpeg,"[{""question"": ""Did the student get the correct quotient of 1 1/3 as an answer?"", ""answer"": ""YES""}, {""question"": ""Does the student's picture match the equation they wrote?"", ""answer"": ""YES""}]"
1582775,f815485a-f93e-4006-8b97-226c16e7d985.jpeg,"[{""question"": ""Did the student get the correct quotient of 1 1/3 as an answer?"", ""answer"": ""YES""}, {""question"": ""Does the student's picture match the equation they wrote?"", ""answer"": ""YES""}]"
1582775,fde0e90c-a15a-483a-a860-41bfc4124f7e.jpeg,"[{""question"": ""Did the student get the correct quotient of 1 1/3 as an answer?"", ""answer"": ""NO""}, {""question"": ""Does the student's picture match the equation they wrote?"", ""answer"": ""NO""}]"
1597679,00a99664-338e-4b39-b6b5-a92f9452c16b.jpeg,"[{""question"": ""Are the parts of the whole of equal size?"", ""answer"": ""YES""}, {""question"": ""Did the student correctly partition the shape equally into four parts?"", ""answer"": ""YES""}, {""question"": ""Did the student shade one of the four parts?"", ""answer"": ""YES""}]"
1597679,0ae9aaee-df73-443c-bca5-0f0fb79ea5c7.jpeg,"[{""question"": ""Are the parts of the whole of equal size?"", ""answer"": ""YES""}, {""question"": ""Did the student correctly partition the shape equally into four parts?"", ""answer"": ""YES""}, {""question"": ""Did the student shade one of the four parts?"", ""answer"": ""YES""}]"
1597679,0de98605-22b5-4101-8128-1aabfdddc3c6.jpeg,"[{""question"": ""Are the parts of the whole of equal size?"", ""answer"": ""YES""}, {""question"": ""Did the student correctly partition the shape equally into four parts?"", ""answer"": ""YES""}, {""question"": ""Did the student shade one of the four parts?"", ""answer"": ""YES""}]"
1597679,180e9c84-0aa6-4ab0-ac7e-f7d0acee0ba6.jpeg,"[{""question"": ""Are the parts of the whole of equal size?"", ""answer"": ""YES""}, {""question"": ""Did the student correctly partition the shape equally into four parts?"", ""answer"": ""YES""}, {""question"": ""Did the student shade one of the four parts?"", ""answer"": ""NO""}]"
1597679,4a6bd080-6e28-4997-ba59-7783dd0870f1.jpeg,"[{""question"": ""Are the parts of the whole of equal size?"", ""answer"": ""NO""}, {""question"": ""Did the student correctly partition the shape equally into four parts?"", ""answer"": ""YES""}, {""question"": ""Did the student shade one of the four parts?"", ""answer"": ""YES""}]"
1597679,4ad00fa5-7431-40d4-a865-7d382a02f6f4.jpeg,"[{""question"": ""Are the parts of the whole of equal size?"", ""answer"": ""YES""}, {""question"": ""Did the student correctly partition the shape equally into four parts?"", ""answer"": ""YES""}, {""question"": ""Did the student shade one of the four parts?"", ""answer"": ""YES""}]"
1597679,61af649e-04dc-4764-806e-1be344485465.jpeg,"[{""question"": ""Are the parts of the whole of equal size?"", ""answer"": ""YES""}, {""question"": ""Did the student correctly partition the shape equally into four parts?"", ""answer"": ""YES""}, {""question"": ""Did the student shade one of the four parts?"", ""answer"": ""YES""}]"
1597679,65f1b055-5b67-4a5e-8be4-db75535d0061.jpeg,"[{""question"": ""Are the parts of the whole of equal size?"", ""answer"": ""YES""}, {""question"": ""Did the student correctly partition the shape equally into four parts?"", ""answer"": ""YES""}, {""question"": ""Did the student shade one of the four parts?"", ""answer"": ""NO""}]"
1597679,6a56a619-5a16-41d3-8231-007a47d2c0be.jpeg,"[{""question"": ""Are the parts of the whole of equal size?"", ""answer"": ""NO""}, {""question"": ""Did the student correctly partition the shape equally into four parts?"", ""answer"": ""YES""}, {""question"": ""Did the student shade one of the four parts?"", ""answer"": ""YES""}]"
1597679,81e1227e-2943-49b2-a09e-e09fa8c60700.jpeg,"[{""question"": ""Are the parts of the whole of equal size?"", ""answer"": ""YES""}, {""question"": ""Did the student correctly partition the shape equally into four parts?"", ""answer"": ""YES""}, {""question"": ""Did the student shade one of the four parts?"", ""answer"": ""YES""}]"
1597679,94ed9179-f9d5-431f-9288-22eb3ff9cddf.jpeg,"[{""question"": ""Are the parts of the whole of equal size?"", ""answer"": ""YES""}, {""question"": ""Did the student correctly partition the shape equally into four parts?"", ""answer"": ""YES""}, {""question"": ""Did the student shade one of the four parts?"", ""answer"": ""YES""}]"
1597679,99d21684-4957-4fbb-b290-f05fc9c10e01.jpeg,"[{""question"": ""Are the parts of the whole of equal size?"", ""answer"": ""YES""}, {""question"": ""Did the student correctly partition the shape equally into four parts?"", ""answer"": ""YES""}, {""question"": ""Did the student shade one of the four parts?"", ""answer"": ""YES""}]"
1597679,d1e236c0-cb39-4b35-a320-f267ebf07ee2.png,"[{""question"": ""Are the parts of the whole of equal size?"", ""answer"": ""YES""}, {""question"": ""Did the student correctly partition the shape equally into four parts?"", ""answer"": ""YES""}, {""question"": ""Did the student shade one of the four parts?"", ""answer"": ""YES""}]"
1597679,d357d0f8-1e85-4116-961f-7ca5861a4f63.jpeg,"[{""question"": ""Are the parts of the whole of equal size?"", ""answer"": ""YES""}, {""question"": ""Did the student correctly partition the shape equally into four parts?"", ""answer"": ""YES""}, {""question"": ""Did the student shade one of the four parts?"", ""answer"": ""YES""}]"
1597679,f7a58ee9-788f-4e25-901e-83bb1defb116.jpeg,"[{""question"": ""Are the parts of the whole of equal size?"", ""answer"": ""NO""}, {""question"": ""Did the student correctly partition the shape equally into four parts?"", ""answer"": ""YES""}, {""question"": ""Did the student shade one of the four parts?"", ""answer"": ""YES""}]"
1597690,30117bac-ecd4-46f8-8c43-ead392b64ec6.png,"[{""question"": ""Did the student correctly explain why 1/5 is bigger than 1/8?"", ""answer"": ""YES""}, {""question"": ""Did the student draw two identical rectangles?"", ""answer"": ""YES""}, {""question"": ""Did the student label one equal part of the rectangle partitioned into 5 equal parts as 1/5?"", ""answer"": ""YES""}, {""question"": ""Did the student label one equal part of the rectangle partitioned into 8 equal parts as 1/8?"", ""answer"": ""YES""}, {""question"": ""Did the student partition one of the rectangles into 5 equal parts, while partitioning the other rectangle into 8 equal parts?"", ""answer"": ""YES""}]"
1597690,42219515-6443-4771-b1cc-29873d945391.jpeg,"[{""question"": ""Did the student correctly explain why 1/5 is bigger than 1/8?"", ""answer"": ""YES""}, {""question"": ""Did the student draw two identical rectangles?"", ""answer"": ""YES""}, {""question"": ""Did the student label one equal part of the rectangle partitioned into 5 equal parts as 1/5?"", ""answer"": ""YES""}, {""question"": ""Did the student label one equal part of the rectangle partitioned into 8 equal parts as 1/8?"", ""answer"": ""YES""}, {""question"": ""Did the student partition one of the rectangles into 5 equal parts, while partitioning the other rectangle into 8 equal parts?"", ""answer"": ""YES""}]"
1597690,758a2320-3ef3-4d6d-875e-d5c1b15ae29f.jpeg,"[{""question"": ""Did the student correctly explain why 1/5 is bigger than 1/8?"", ""answer"": ""YES""}, {""question"": ""Did the student draw two identical rectangles?"", ""answer"": ""YES""}, {""question"": ""Did the student label one equal part of the rectangle partitioned into 5 equal parts as 1/5?"", ""answer"": ""YES""}, {""question"": ""Did the student label one equal part of the rectangle partitioned into 8 equal parts as 1/8?"", ""answer"": ""YES""}, {""question"": ""Did the student partition one of the rectangles into 5 equal parts, while partitioning the other rectangle into 8 equal parts?"", ""answer"": ""NO""}]"
1597690,7ccf9d27-5543-4047-a1ca-a65dd728eece.jpeg,"[{""question"": ""Did the student correctly explain why 1/5 is bigger than 1/8?"", ""answer"": ""YES""}, {""question"": ""Did the student draw two identical rectangles?"", ""answer"": ""YES""}, {""question"": ""Did the student label one equal part of the rectangle partitioned into 5 equal parts as 1/5?"", ""answer"": ""YES""}, {""question"": ""Did the student label one equal part of the rectangle partitioned into 8 equal parts as 1/8?"", ""answer"": ""YES""}, {""question"": ""Did the student partition one of the rectangles into 5 equal parts, while partitioning the other rectangle into 8 equal parts?"", ""answer"": ""YES""}]"
1597690,a7f56e74-981a-4e80-ac6d-cfda33e3a783.jpeg,"[{""question"": ""Did the student correctly explain why 1/5 is bigger than 1/8?"", ""answer"": ""YES""}, {""question"": ""Did the student draw two identical rectangles?"", ""answer"": ""YES""}, {""question"": ""Did the student label one equal part of the rectangle partitioned into 5 equal parts as 1/5?"", ""answer"": ""YES""}, {""question"": ""Did the student label one equal part of the rectangle partitioned into 8 equal parts as 1/8?"", ""answer"": ""YES""}, {""question"": ""Did the student partition one of the rectangles into 5 equal parts, while partitioning the other rectangle into 8 equal parts?"", ""answer"": ""YES""}]"
1597690,bafb48bd-7d9e-40bc-9eeb-12cf45a1582b.jpeg,"[{""question"": ""Did the student correctly explain why 1/5 is bigger than 1/8?"", ""answer"": ""YES""}, {""question"": ""Did the student draw two identical rectangles?"", ""answer"": ""YES""}, {""question"": ""Did the student label one equal part of the rectangle partitioned into 5 equal parts as 1/5?"", ""answer"": ""YES""}, {""question"": ""Did the student label one equal part of the rectangle partitioned into 8 equal parts as 1/8?"", ""answer"": ""YES""}, {""question"": ""Did the student partition one of the rectangles into 5 equal parts, while partitioning the other rectangle into 8 equal parts?"", ""answer"": ""YES""}]"
1597690,c45a9002-901d-4e6f-b1a2-5fc4ea8c6479.jpeg,"[{""question"": ""Did the student correctly explain why 1/5 is bigger than 1/8?"", ""answer"": ""NO""}, {""question"": ""Did the student draw two identical rectangles?"", ""answer"": ""YES""}, {""question"": ""Did the student label one equal part of the rectangle partitioned into 5 equal parts as 1/5?"", ""answer"": ""YES""}, {""question"": ""Did the student label one equal part of the rectangle partitioned into 8 equal parts as 1/8?"", ""answer"": ""YES""}, {""question"": ""Did the student partition one of the rectangles into 5 equal parts, while partitioning the other rectangle into 8 equal parts?"", ""answer"": ""YES""}]"
1597690,c86638d1-19de-44dc-8f95-66f87b6f5434.jpeg,"[{""question"": ""Did the student correctly explain why 1/5 is bigger than 1/8?"", ""answer"": ""YES""}, {""question"": ""Did the student draw two identical rectangles?"", ""answer"": ""YES""}, {""question"": ""Did the student label one equal part of the rectangle partitioned into 5 equal parts as 1/5?"", ""answer"": ""YES""}, {""question"": ""Did the student label one equal part of the rectangle partitioned into 8 equal parts as 1/8?"", ""answer"": ""YES""}, {""question"": ""Did the student partition one of the rectangles into 5 equal parts, while partitioning the other rectangle into 8 equal parts?"", ""answer"": ""YES""}]"
1597690,efbcbaf3-3fe2-440c-a67e-9f71643e84cf.jpeg,"[{""question"": ""Did the student correctly explain why 1/5 is bigger than 1/8?"", ""answer"": ""YES""}, {""question"": ""Did the student draw two identical rectangles?"", ""answer"": ""YES""}, {""question"": ""Did the student label one equal part of the rectangle partitioned into 5 equal parts as 1/5?"", ""answer"": ""YES""}, {""question"": ""Did the student label one equal part of the rectangle partitioned into 8 equal parts as 1/8?"", ""answer"": ""YES""}, {""question"": ""Did the student partition one of the rectangles into 5 equal parts, while partitioning the other rectangle into 8 equal parts?"", ""answer"": ""YES""}]"
1597698,060db233-03f4-43ca-a503-37c7feade5c1.jpeg,"[{""question"": ""Did the student correctly shade two of the units to show the answer?"", ""answer"": ""YES""}, {""question"": ""Did the student divide the strip into five equal parts?"", ""answer"": ""YES""}, {""question"": ""Did the student write the unit fraction inside each unit?"", ""answer"": ""YES""}]"
1597698,08195123-eadf-4a2b-8043-1b989298f004.jpeg,"[{""question"": ""Did the student correctly shade two of the units to show the answer?"", ""answer"": ""YES""}, {""question"": ""Did the student divide the strip into five equal parts?"", ""answer"": ""YES""}, {""question"": ""Did the student write the unit fraction inside each unit?"", ""answer"": ""YES""}]"
1597698,23cd490f-d964-4a21-8dbc-507c7487ded8.jpeg,"[{""question"": ""Did the student correctly shade two of the units to show the answer?"", ""answer"": ""YES""}, {""question"": ""Did the student divide the strip into five equal parts?"", ""answer"": ""YES""}, {""question"": ""Did the student write the unit fraction inside each unit?"", ""answer"": ""YES""}]"
1597698,44fecd7c-17ad-4eed-8c39-5476dcfdb7eb.jpeg,"[{""question"": ""Did the student correctly shade two of the units to show the answer?"", ""answer"": ""YES""}, {""question"": ""Did the student divide the strip into five equal parts?"", ""answer"": ""YES""}, {""question"": ""Did the student write the unit fraction inside each unit?"", ""answer"": ""YES""}]"
1597698,4660b546-2d9b-4d1a-8160-5bb066e9a500.jpeg,"[{""question"": ""Did the student correctly shade two of the units to show the answer?"", ""answer"": ""YES""}, {""question"": ""Did the student divide the strip into five equal parts?"", ""answer"": ""YES""}, {""question"": ""Did the student write the unit fraction inside each unit?"", ""answer"": ""YES""}]"
1597698,62d212fd-2641-4ab1-9bee-0f879a4535d0.jpeg,"[{""question"": ""Did the student correctly shade two of the units to show the answer?"", ""answer"": ""YES""}, {""question"": ""Did the student divide the strip into five equal parts?"", ""answer"": ""YES""}, {""question"": ""Did the student write the unit fraction inside each unit?"", ""answer"": ""YES""}]"
1597698,693d7179-aff5-4425-b023-9e8b21c122b3.jpeg,"[{""question"": ""Did the student correctly shade two of the units to show the answer?"", ""answer"": ""YES""}, {""question"": ""Did the student divide the strip into five equal parts?"", ""answer"": ""YES""}, {""question"": ""Did the student write the unit fraction inside each unit?"", ""answer"": ""YES""}]"
1597698,8ae135c4-0fe1-4904-bb44-7d6aa6e5ddae.jpeg,"[{""question"": ""Did the student correctly shade two of the units to show the answer?"", ""answer"": ""YES""}, {""question"": ""Did the student divide the strip into five equal parts?"", ""answer"": ""YES""}, {""question"": ""Did the student write the unit fraction inside each unit?"", ""answer"": ""YES""}]"
1597698,95a75698-bd69-4d94-be14-d2e01b086af2.jpeg,"[{""question"": ""Did the student correctly shade two of the units to show the answer?"", ""answer"": ""YES""}, {""question"": ""Did the student divide the strip into five equal parts?"", ""answer"": ""YES""}, {""question"": ""Did the student write the unit fraction inside each unit?"", ""answer"": ""YES""}]"
1597698,c44fcd4a-5cf6-4134-9302-ba3272367049.jpeg,"[{""question"": ""Did the student correctly shade two of the units to show the answer?"", ""answer"": ""YES""}, {""question"": ""Did the student divide the strip into five equal parts?"", ""answer"": ""YES""}, {""question"": ""Did the student write the unit fraction inside each unit?"", ""answer"": ""YES""}]"
1597698,e9aa0658-53f6-42d4-af72-1bfe5707b0d7.jpeg,"[{""question"": ""Did the student correctly shade two of the units to show the answer?"", ""answer"": ""YES""}, {""question"": ""Did the student divide the strip into five equal parts?"", ""answer"": ""YES""}, {""question"": ""Did the student write the unit fraction inside each unit?"", ""answer"": ""YES""}]"
1598215,074ffd9e-e439-4864-8db6-3c7e51eb1181.jpeg,"[{""question"": ""Did the student correctly label each unit fraction of 1/3?"", ""answer"": ""YES""}, {""question"": ""Did the student correctly partition each rectangle into thirds?"", ""answer"": ""YES""}, {""question"": ""Did the student correctly shade in four of the units?"", ""answer"": ""YES""}]"
1598215,2725b2e4-789c-4fd3-b96b-2a4023324525.jpeg,"[{""question"": ""Did the student correctly label each unit fraction of 1/3?"", ""answer"": ""YES""}, {""question"": ""Did the student correctly partition each rectangle into thirds?"", ""answer"": ""YES""}, {""question"": ""Did the student correctly shade in four of the units?"", ""answer"": ""YES""}]"
1598215,5765fb93-1384-4c59-bce7-b2137afc8b9e.jpeg,"[{""question"": ""Did the student correctly label each unit fraction of 1/3?"", ""answer"": ""YES""}, {""question"": ""Did the student correctly partition each rectangle into thirds?"", ""answer"": ""YES""}, {""question"": ""Did the student correctly shade in four of the units?"", ""answer"": ""YES""}]"
1598215,6128beae-c0a7-49d2-963e-6c17d22ca2ef.jpeg,"[{""question"": ""Did the student correctly label each unit fraction of 1/3?"", ""answer"": ""NO""}, {""question"": ""Did the student correctly partition each rectangle into thirds?"", ""answer"": ""YES""}, {""question"": ""Did the student correctly shade in four of the units?"", ""answer"": ""YES""}]"
1598215,7d2c8f0e-ba91-44a5-be12-93cd4c14a4ae.jpeg,"[{""question"": ""Did the student correctly label each unit fraction of 1/3?"", ""answer"": ""YES""}, {""question"": ""Did the student correctly partition each rectangle into thirds?"", ""answer"": ""YES""}, {""question"": ""Did the student correctly shade in four of the units?"", ""answer"": ""YES""}]"
1598215,8be9ebcf-679b-4097-b4f7-73654b77350a.jpeg,"[{""question"": ""Did the student correctly label each unit fraction of 1/3?"", ""answer"": ""YES""}, {""question"": ""Did the student correctly partition each rectangle into thirds?"", ""answer"": ""YES""}, {""question"": ""Did the student correctly shade in four of the units?"", ""answer"": ""YES""}]"
1598215,905af511-6136-43d5-8610-0cb4e3a376ba.jpeg,"[{""question"": ""Did the student correctly label each unit fraction of 1/3?"", ""answer"": ""YES""}, {""question"": ""Did the student correctly partition each rectangle into thirds?"", ""answer"": ""YES""}, {""question"": ""Did the student correctly shade in four of the units?"", ""answer"": ""YES""}]"
1598215,adf8bbb6-a978-4531-81c9-2213a56ffe69.jpeg,"[{""question"": ""Did the student correctly label each unit fraction of 1/3?"", ""answer"": ""YES""}, {""question"": ""Did the student correctly partition each rectangle into thirds?"", ""answer"": ""YES""}, {""question"": ""Did the student correctly shade in four of the units?"", ""answer"": ""YES""}]"
1598215,dd88c671-f114-4e77-bb82-706c4768adcb.jpeg,"[{""question"": ""Did the student correctly label each unit fraction of 1/3?"", ""answer"": ""YES""}, {""question"": ""Did the student correctly partition each rectangle into thirds?"", ""answer"": ""YES""}, {""question"": ""Did the student correctly shade in four of the units?"", ""answer"": ""YES""}]"
1598215,e6007b25-bca2-4f5c-9da7-f21c9305ac41.jpeg,"[{""question"": ""Did the student correctly label each unit fraction of 1/3?"", ""answer"": ""YES""}, {""question"": ""Did the student correctly partition each rectangle into thirds?"", ""answer"": ""YES""}, {""question"": ""Did the student correctly shade in four of the units?"", ""answer"": ""YES""}]"
1598215,f3034ac2-70b0-4a71-b77f-5ed130d26869.jpeg,"[{""question"": ""Did the student correctly label each unit fraction of 1/3?"", ""answer"": ""YES""}, {""question"": ""Did the student correctly partition each rectangle into thirds?"", ""answer"": ""YES""}, {""question"": ""Did the student correctly shade in four of the units?"", ""answer"": ""YES""}]"
1598215,faaeb3ba-886f-4875-8010-60b31faf8323.jpeg,"[{""question"": ""Did the student correctly label each unit fraction of 1/3?"", ""answer"": ""YES""}, {""question"": ""Did the student correctly partition each rectangle into thirds?"", ""answer"": ""YES""}, {""question"": ""Did the student correctly shade in four of the units?"", ""answer"": ""YES""}]"
1598216,18d43818-1100-4080-bc7a-76304db0835d.jpeg,"[{""question"": ""Did the student shade the correct amount of units on the fraction strips?"", ""answer"": ""YES""}]"
1598216,3973acc3-a5c3-422f-8596-cd593d4028ec.jpeg,"[{""question"": ""Did the student shade the correct amount of units on the fraction strips?"", ""answer"": ""YES""}]"
1598216,3c3bc418-9fa5-4215-89e3-4c96e66bd1b2.jpeg,"[{""question"": ""Did the student shade the correct amount of units on the fraction strips?"", ""answer"": ""YES""}]"
1598216,6438c3c7-05ad-442d-90ee-bc1ea0d45555.jpeg,"[{""question"": ""Did the student shade the correct amount of units on the fraction strips?"", ""answer"": ""YES""}]"
1598216,6be32250-0060-4d3c-a411-56138c6cf66d.png,"[{""question"": ""Did the student shade the correct amount of units on the fraction strips?"", ""answer"": ""YES""}]"
1598216,77580e16-2030-43fd-8281-0d551e3b8f67.jpeg,"[{""question"": ""Did the student shade the correct amount of units on the fraction strips?"", ""answer"": ""YES""}]"
1598216,f4ebb038-aa92-4c4b-9bfe-d7a6b5218021.jpeg,"[{""question"": ""Did the student shade the correct amount of units on the fraction strips?"", ""answer"": ""YES""}]"
1598216,f62c475d-e5d3-4486-ad45-040f8f92a8ba.jpeg,"[{""question"": ""Did the student shade the correct amount of units on the fraction strips?"", ""answer"": ""YES""}]"
1598217,1b028672-a089-4eee-850d-45dd13a8d86b.jpeg,"[{""question"": ""Did the student circle 1/2?"", ""answer"": ""YES""}, {""question"": ""Did the student start 1/4?"", ""answer"": ""YES""}]"
1598217,1f9ff9d7-fe70-4646-ae49-8a9352b033e1.jpeg,"[{""question"": ""Did the student circle 1/2?"", ""answer"": ""YES""}, {""question"": ""Did the student start 1/4?"", ""answer"": ""YES""}]"
1598217,77e001d8-7478-4a43-9dda-36b7ef7723e8.jpeg,"[{""question"": ""Did the student circle 1/2?"", ""answer"": ""YES""}, {""question"": ""Did the student start 1/4?"", ""answer"": ""YES""}]"
1598217,82f45548-3a49-4fa2-9580-cb623f601f44.jpeg,"[{""question"": ""Did the student circle 1/2?"", ""answer"": ""YES""}, {""question"": ""Did the student start 1/4?"", ""answer"": ""YES""}]"
1598217,8792e34f-02e5-4ffd-bd56-09070ddbc11b.jpeg,"[{""question"": ""Did the student circle 1/2?"", ""answer"": ""YES""}, {""question"": ""Did the student start 1/4?"", ""answer"": ""YES""}]"
1598217,b73887be-6484-435c-b418-395165cedb3d.jpeg,"[{""question"": ""Did the student circle 1/2?"", ""answer"": ""NO""}, {""question"": ""Did the student start 1/4?"", ""answer"": ""NO""}]"
1598217,c9af9dd9-2cf3-44e0-ab86-2ecbc8f8edc0.jpeg,"[{""question"": ""Did the student circle 1/2?"", ""answer"": ""YES""}, {""question"": ""Did the student start 1/4?"", ""answer"": ""YES""}]"
1598217,ca67625f-2330-4cd1-bc3a-af7f9374401e.jpeg,"[{""question"": ""Did the student circle 1/2?"", ""answer"": ""YES""}, {""question"": ""Did the student start 1/4?"", ""answer"": ""YES""}]"
1598217,e2ff43c9-8405-4897-90ff-88550c3eb6d1.jpeg,"[{""question"": ""Did the student circle 1/2?"", ""answer"": ""NO""}, {""question"": ""Did the student start 1/4?"", ""answer"": ""NO""}]"
1598217,ea212860-cb78-47a9-8bc4-8ac6fb4e771f.png,"[{""question"": ""Did the student circle 1/2?"", ""answer"": ""YES""}, {""question"": ""Did the student start 1/4?"", ""answer"": ""YES""}]"
1598221,218f27f9-bc5e-435d-a611-2d01f511eacd.jpeg,"[{""question"": ""Does the model represent the fraction the student wrote in Part A?"", ""answer"": ""YES""}]"
1598221,7b837c2c-545c-41c8-93dc-5d2ff632142d.jpeg,"[{""question"": ""Does the model represent the fraction the student wrote in Part A?"", ""answer"": ""YES""}]"
1598221,9400d478-23ad-4366-a53c-23e58e7adbe9.jpeg,"[{""question"": ""Does the model represent the fraction the student wrote in Part A?"", ""answer"": ""YES""}]"
1598221,a369221d-f886-4c5b-904d-3fd4d74dded4.jpeg,"[{""question"": ""Does the model represent the fraction the student wrote in Part A?"", ""answer"": ""YES""}]"
1598221,b3960d0a-28fe-40cc-b9fa-f7e4676bd7e0.jpeg,"[{""question"": ""Does the model represent the fraction the student wrote in Part A?"", ""answer"": ""NO""}]"
1598221,b5fe2287-722c-4b6a-9b72-34537807c2d3.jpeg,"[{""question"": ""Does the model represent the fraction the student wrote in Part A?"", ""answer"": ""YES""}]"
1598221,c4d3846d-4ad8-4799-b69d-a3713fd10ce1.jpeg,"[{""question"": ""Does the model represent the fraction the student wrote in Part A?"", ""answer"": ""NO""}]"
1598221,c6df4933-7342-483d-8cde-af5a7c867514.jpeg,"[{""question"": ""Does the model represent the fraction the student wrote in Part A?"", ""answer"": ""YES""}]"
1598221,cb1730bd-8972-4a1f-8eb6-18aa8354e2b8.jpeg,"[{""question"": ""Does the model represent the fraction the student wrote in Part A?"", ""answer"": ""YES""}]"
1598224,0f81189d-da38-4699-bc50-18f713160dcb.jpeg,"[{""question"": ""Do the number line and the number bond match?"", ""answer"": ""YES""}, {""question"": ""Does the number bond show that each student gets 20 cents?"", ""answer"": ""YES""}, {""question"": ""Does the number line show that each student gets 20 cents?"", ""answer"": ""YES""}]"
1598224,3a6c3b52-92b2-43e4-b1f2-72baedd721f8.jpeg,"[{""question"": ""Do the number line and the number bond match?"", ""answer"": ""YES""}, {""question"": ""Does the number bond show that each student gets 20 cents?"", ""answer"": ""NO""}, {""question"": ""Does the number line show that each student gets 20 cents?"", ""answer"": ""NO""}]"
1598224,5e7448a6-5159-4730-b77f-d5fca5a397e0.jpeg,"[{""question"": ""Do the number line and the number bond match?"", ""answer"": ""YES""}, {""question"": ""Does the number bond show that each student gets 20 cents?"", ""answer"": ""YES""}, {""question"": ""Does the number line show that each student gets 20 cents?"", ""answer"": ""YES""}]"
1598224,763e8b3b-c0c5-443e-bc54-c606c2565b40.jpeg,"[{""question"": ""Do the number line and the number bond match?"", ""answer"": ""NO""}, {""question"": ""Does the number bond show that each student gets 20 cents?"", ""answer"": ""YES""}, {""question"": ""Does the number line show that each student gets 20 cents?"", ""answer"": ""NO""}]"
1598224,af72065b-ec7c-4b73-9e90-15800f21f974.jpeg,"[{""question"": ""Do the number line and the number bond match?"", ""answer"": ""NO""}, {""question"": ""Does the number bond show that each student gets 20 cents?"", ""answer"": ""YES""}, {""question"": ""Does the number line show that each student gets 20 cents?"", ""answer"": ""NO""}]"
1598224,d527fb6f-9863-401d-b409-e65d9c291994.jpeg,"[{""question"": ""Do the number line and the number bond match?"", ""answer"": ""YES""}, {""question"": ""Does the number bond show that each student gets 20 cents?"", ""answer"": ""YES""}, {""question"": ""Does the number line show that each student gets 20 cents?"", ""answer"": ""YES""}]"
1598224,e0915a8f-d14f-4a79-8c93-2c3a2ec06a60.jpeg,"[{""question"": ""Do the number line and the number bond match?"", ""answer"": ""YES""}, {""question"": ""Does the number bond show that each student gets 20 cents?"", ""answer"": ""YES""}, {""question"": ""Does the number line show that each student gets 20 cents?"", ""answer"": ""YES""}]"
1598224,edaec9b8-5829-4fcf-bca0-8d7d29897987.jpeg,"[{""question"": ""Do the number line and the number bond match?"", ""answer"": ""YES""}, {""question"": ""Does the number bond show that each student gets 20 cents?"", ""answer"": ""YES""}, {""question"": ""Does the number line show that each student gets 20 cents?"", ""answer"": ""YES""}]"
1598224,fa1d3f5b-520b-43ad-b7d9-a7b8c54f57a1.jpeg,"[{""question"": ""Do the number line and the number bond match?"", ""answer"": ""YES""}, {""question"": ""Does the number bond show that each student gets 20 cents?"", ""answer"": ""YES""}, {""question"": ""Does the number line show that each student gets 20 cents?"", ""answer"": ""YES""}]"
1598228,01df312a-35e5-4756-9d6b-85736e367578.jpeg,"[{""question"": ""Did the student correctly box the values 10/5 and 15/5?"", ""answer"": ""YES""}, {""question"": ""Did the student equally partition the number line into fifths?"", ""answer"": ""YES""}]"
1598228,0b701ea3-64ef-41fb-adcd-6dcc21a25e30.jpeg,"[{""question"": ""Did the student correctly box the values 10/5 and 15/5?"", ""answer"": ""YES""}, {""question"": ""Did the student equally partition the number line into fifths?"", ""answer"": ""YES""}]"
1598228,1354cac7-aa5d-47ff-b855-5d4016706b96.jpeg,"[{""question"": ""Did the student correctly box the values 10/5 and 15/5?"", ""answer"": ""YES""}, {""question"": ""Did the student equally partition the number line into fifths?"", ""answer"": ""YES""}]"
1598228,3703e31d-336c-48c3-81c3-63f8b87c2aa1.jpeg,"[{""question"": ""Did the student correctly box the values 10/5 and 15/5?"", ""answer"": ""YES""}, {""question"": ""Did the student equally partition the number line into fifths?"", ""answer"": ""YES""}]"
1598228,3fac14d3-8bf0-42b7-95c7-265753b041e0.jpeg,"[{""question"": ""Did the student correctly box the values 10/5 and 15/5?"", ""answer"": ""YES""}, {""question"": ""Did the student equally partition the number line into fifths?"", ""answer"": ""YES""}]"
1598228,48dc4f0b-606b-4d00-bf37-44f5c4296483.jpeg,"[{""question"": ""Did the student correctly box the values 10/5 and 15/5?"", ""answer"": ""YES""}, {""question"": ""Did the student equally partition the number line into fifths?"", ""answer"": ""YES""}]"
1598228,7d340170-2989-49e0-b8d5-5fd54a7484c2.jpeg,"[{""question"": ""Did the student correctly box the values 10/5 and 15/5?"", ""answer"": ""YES""}, {""question"": ""Did the student equally partition the number line into fifths?"", ""answer"": ""YES""}]"
1598228,d2dbff97-e9dc-4fff-93d5-14f428ce1605.jpeg,"[{""question"": ""Did the student correctly box the values 10/5 and 15/5?"", ""answer"": ""YES""}, {""question"": ""Did the student equally partition the number line into fifths?"", ""answer"": ""YES""}]"
1598229,017a44f8-63ab-448e-b486-cde212ab5969.jpeg,"[{""question"": ""Did the student correctly partition each whole into thirds?"", ""answer"": ""YES""}]"
1598229,1358d77e-bc39-4cec-84f0-3ef0a00b704c.jpeg,"[{""question"": ""Did the student correctly partition each whole into thirds?"", ""answer"": ""YES""}]"
1598229,255693fb-04e0-44fd-8cc0-a546ece95fab.jpeg,"[{""question"": ""Did the student correctly partition each whole into thirds?"", ""answer"": ""YES""}]"
1598229,2e8bfbae-6571-41cb-b5d1-0fba96df0c82.jpeg,"[{""question"": ""Did the student correctly partition each whole into thirds?"", ""answer"": ""YES""}]"
1598229,616df4ad-e469-4fe3-ae94-8083a4efed6c.jpeg,"[{""question"": ""Did the student correctly partition each whole into thirds?"", ""answer"": ""YES""}]"
1598229,68a74be8-915f-4711-ab29-85d33b250642.jpeg,"[{""question"": ""Did the student correctly partition each whole into thirds?"", ""answer"": ""YES""}]"
1598229,73e99ffe-3ac9-483e-a309-f1c9cf12d8de.jpeg,"[{""question"": ""Did the student correctly partition each whole into thirds?"", ""answer"": ""YES""}]"
1598229,e97ad001-96eb-462a-9440-8897840bea29.jpeg,"[{""question"": ""Did the student correctly partition each whole into thirds?"", ""answer"": ""YES""}]"
1598446,2043fc06-6b6c-49f5-b27a-2cd22a88fb60.jpeg,"[{""question"": ""Did the student divide the whole into fifths?"", ""answer"": ""YES""}]"
1598446,3d4aa04c-7346-4fdf-8a21-3305a0ca04a3.jpeg,"[{""question"": ""Did the student divide the whole into fifths?"", ""answer"": ""YES""}]"
1598446,5eb438a9-bccd-4c08-a5ee-1fb39e184124.jpeg,"[{""question"": ""Did the student divide the whole into fifths?"", ""answer"": ""YES""}]"
1598446,5eb7220f-a9f4-4e10-ae48-049bfe5322f7.jpeg,"[{""question"": ""Did the student divide the whole into fifths?"", ""answer"": ""YES""}]"
1598446,8c0a75af-3c7a-45b2-84ad-3a537affc7b2.jpeg,"[{""question"": ""Did the student divide the whole into fifths?"", ""answer"": ""YES""}]"
1598446,beee9a3b-6aed-452e-8058-def90f246850.jpeg,"[{""question"": ""Did the student divide the whole into fifths?"", ""answer"": ""NO""}]"
1598446,c4cd60de-ebbe-43a0-beb2-89fd47597f68.jpeg,"[{""question"": ""Did the student divide the whole into fifths?"", ""answer"": ""YES""}]"
1598447,071bb881-629e-491b-b554-32f8df180340.jpeg,"[{""question"": ""Did the student correctly place 1/2 in the center of the number line?'"", ""answer"": ""YES""}]"
1598447,3b03bdfb-80d0-40c8-8d0b-5feb99685f5b.jpeg,"[{""question"": ""Did the student correctly place 1/2 in the center of the number line?'"", ""answer"": ""YES""}]"
1598447,650ce4d1-0fe4-4149-b4a8-1766b6be6442.jpeg,"[{""question"": ""Did the student correctly place 1/2 in the center of the number line?'"", ""answer"": ""YES""}]"
1598447,698202e6-3779-43f6-a509-4b3a816da6df.jpeg,"[{""question"": ""Did the student correctly place 1/2 in the center of the number line?'"", ""answer"": ""YES""}]"
1598447,b2a3307d-798c-4343-9a91-621e26208ff9.jpeg,"[{""question"": ""Did the student correctly place 1/2 in the center of the number line?'"", ""answer"": ""YES""}]"
1598447,dcdafd90-de1b-4af0-8f6c-aa0a34bb9a86.jpeg,"[{""question"": ""Did the student correctly place 1/2 in the center of the number line?'"", ""answer"": ""YES""}]"
1606644,4b0b17c9-a0ef-4265-9a9d-b23715a618cf.jpeg,"[{""question"": ""Does the diagram match the equation?"", ""answer"": ""YES""}]"
1606644,56691b2d-92e8-4ab3-bd44-4480c4f50877.jpeg,"[{""question"": ""Does the diagram match the equation?"", ""answer"": ""YES""}]"
1606644,576fc024-8225-475e-bd46-4947fa056568.jpeg,"[{""question"": ""Does the diagram match the equation?"", ""answer"": ""YES""}]"
1606644,80fd548b-f963-4e15-8677-6827f8e1f32d.jpeg,"[{""question"": ""Does the diagram match the equation?"", ""answer"": ""YES""}]"
1606644,90c65303-3c38-4532-a158-43b2a09bdf98.jpeg,"[{""question"": ""Does the diagram match the equation?"", ""answer"": ""YES""}]"
1606644,9af1d54e-954c-4e6f-bf8b-5cd2c7b1d219.jpeg,"[{""question"": ""Does the diagram match the equation?"", ""answer"": ""YES""}]"
1606644,b9012857-4ea4-48fe-acb6-98e061b1ea5d.jpeg,"[{""question"": ""Does the diagram match the equation?"", ""answer"": ""YES""}]"
1606644,c4ba2493-5633-408f-99e5-6b902e28ef29.jpeg,"[{""question"": ""Does the diagram match the equation?"", ""answer"": ""YES""}]"
1606644,f8cea09e-a818-4c15-b3a5-481e7b8ddcfc.png,"[{""question"": ""Does the diagram match the equation?"", ""answer"": ""YES""}]"
1622985,7eb5ee23-40f4-44f2-91ab-0115f642f61f.jpeg,"[{""question"": ""Does the diagram show the assocation between ears, paws, and tails?"", ""answer"": ""YES""}, {""question"": ""Does the diagram show there are 6 ears, 12 paws, and 3 tails in all?"", ""answer"": ""YES""}]"
1622985,a058a543-2650-4e45-9c84-f70fbbf93b68.jpeg,"[{""question"": ""Does the diagram show the assocation between ears, paws, and tails?"", ""answer"": ""YES""}, {""question"": ""Does the diagram show there are 6 ears, 12 paws, and 3 tails in all?"", ""answer"": ""YES""}]"
1622985,b448e3f2-f7f3-4d7d-9885-ac1539416791.jpeg,"[{""question"": ""Does the diagram show the assocation between ears, paws, and tails?"", ""answer"": ""YES""}, {""question"": ""Does the diagram show there are 6 ears, 12 paws, and 3 tails in all?"", ""answer"": ""YES""}]"
1622985,b5a1b217-aed6-4e94-b832-8cc5292cea9b.jpeg,"[{""question"": ""Does the diagram show the assocation between ears, paws, and tails?"", ""answer"": ""YES""}, {""question"": ""Does the diagram show there are 6 ears, 12 paws, and 3 tails in all?"", ""answer"": ""YES""}]"
1622985,b861dfba-9db8-4045-a1e5-3ed3b14cb667.jpeg,"[{""question"": ""Does the diagram show the assocation between ears, paws, and tails?"", ""answer"": ""YES""}, {""question"": ""Does the diagram show there are 6 ears, 12 paws, and 3 tails in all?"", ""answer"": ""YES""}]"
1622985,e5fd1f2a-6e4b-4467-94b0-4c3b8d5a1ef1.jpeg,"[{""question"": ""Does the diagram show the assocation between ears, paws, and tails?"", ""answer"": ""YES""}, {""question"": ""Does the diagram show there are 6 ears, 12 paws, and 3 tails in all?"", ""answer"": ""YES""}]"
1622991,1ea7949c-4f1a-4a29-a363-d1a164606cae.jpeg,"[{""question"": ""Does the recipe maintain the ratio of 9 cups of seeds to 6 tablespoons of syrup?"", ""answer"": ""YES""}, {""question"": ""Is the recipe smaller than 9 cups of seeds and 6 tablespoons of maple syrup?"", ""answer"": ""YES""}]"
1622991,5f7bfc54-202a-44c3-8f6a-b48237908350.jpeg,"[{""question"": ""Does the recipe maintain the ratio of 9 cups of seeds to 6 tablespoons of syrup?"", ""answer"": ""YES""}, {""question"": ""Is the recipe smaller than 9 cups of seeds and 6 tablespoons of maple syrup?"", ""answer"": ""YES""}]"
1622991,8d03476b-ed01-4bf6-9713-27fd5c2bfe1a.jpeg,"[{""question"": ""Does the recipe maintain the ratio of 9 cups of seeds to 6 tablespoons of syrup?"", ""answer"": ""YES""}, {""question"": ""Is the recipe smaller than 9 cups of seeds and 6 tablespoons of maple syrup?"", ""answer"": ""YES""}]"
1622991,a9c6c397-a011-4849-ac2c-a26274c66636.jpeg,"[{""question"": ""Does the recipe maintain the ratio of 9 cups of seeds to 6 tablespoons of syrup?"", ""answer"": ""YES""}, {""question"": ""Is the recipe smaller than 9 cups of seeds and 6 tablespoons of maple syrup?"", ""answer"": ""YES""}]"
1622991,be5d51bd-8852-4ce9-9c0a-8a4f32291632.jpeg,"[{""question"": ""Does the recipe maintain the ratio of 9 cups of seeds to 6 tablespoons of syrup?"", ""answer"": ""NO""}, {""question"": ""Is the recipe smaller than 9 cups of seeds and 6 tablespoons of maple syrup?"", ""answer"": ""NO""}]"
1622997,22b1a55d-219e-4c82-8eed-84a26aed6cc2.jpeg,"[{""question"": ""Did the student label which values correspond with a number of batches?"", ""answer"": ""YES""}, {""question"": ""Do the values maintain the original ratio of 5 cups of flour and 2 teapsoons of vanilla for 1 batch?"", ""answer"": ""YES""}]"
1622997,32b69900-d752-488d-908c-b0c40e8886b7.jpeg,"[{""question"": ""Did the student label which values correspond with a number of batches?"", ""answer"": ""YES""}, {""question"": ""Do the values maintain the original ratio of 5 cups of flour and 2 teapsoons of vanilla for 1 batch?"", ""answer"": ""YES""}]"
1622997,75f307b3-0cc4-4b36-9352-772621114e6e.jpeg,"[{""question"": ""Did the student label which values correspond with a number of batches?"", ""answer"": ""YES""}, {""question"": ""Do the values maintain the original ratio of 5 cups of flour and 2 teapsoons of vanilla for 1 batch?"", ""answer"": ""YES""}]"
1622997,80bfedf7-e9e5-4152-8579-2aa71b144241.jpeg,"[{""question"": ""Did the student label which values correspond with a number of batches?"", ""answer"": ""YES""}, {""question"": ""Do the values maintain the original ratio of 5 cups of flour and 2 teapsoons of vanilla for 1 batch?"", ""answer"": ""YES""}]"
1622997,8a80cd4a-2bef-4195-b457-0bd7fa8e0638.jpeg,"[{""question"": ""Did the student label which values correspond with a number of batches?"", ""answer"": ""YES""}, {""question"": ""Do the values maintain the original ratio of 5 cups of flour and 2 teapsoons of vanilla for 1 batch?"", ""answer"": ""YES""}]"
1622997,9a977bb0-7783-4432-9aa5-d43e55971acd.jpeg,"[{""question"": ""Did the student label which values correspond with a number of batches?"", ""answer"": ""NO""}, {""question"": ""Do the values maintain the original ratio of 5 cups of flour and 2 teapsoons of vanilla for 1 batch?"", ""answer"": ""YES""}]"
1622997,a867b9fa-5af9-4e0b-9123-16a612c24d84.png,"[{""question"": ""Did the student label which values correspond with a number of batches?"", ""answer"": ""NO""}, {""question"": ""Do the values maintain the original ratio of 5 cups of flour and 2 teapsoons of vanilla for 1 batch?"", ""answer"": ""YES""}]"
1622997,bb0ca56c-22d9-42b0-8c77-30077aaa6f4c.png,"[{""question"": ""Did the student label which values correspond with a number of batches?"", ""answer"": ""NO""}, {""question"": ""Do the values maintain the original ratio of 5 cups of flour and 2 teapsoons of vanilla for 1 batch?"", ""answer"": ""YES""}]"
1622997,c0a39997-6607-4c88-b430-77807a3d0fae.jpeg,"[{""question"": ""Did the student label which values correspond with a number of batches?"", ""answer"": ""NO""}, {""question"": ""Do the values maintain the original ratio of 5 cups of flour and 2 teapsoons of vanilla for 1 batch?"", ""answer"": ""YES""}]"
1623001,0c54a773-ebd6-4833-98a0-1a4d5c59fa5f.jpeg,"[{""question"": ""Does the double number line show the ratio of 2 ears to 4 paws to 1 tail?"", ""answer"": ""NO""}, {""question"": ""Does the doule number line show the total of 6 ears, 12 paws, and 3 tails?"", ""answer"": ""NO""}]"
1623001,2667a5fb-ec89-4c94-865b-9d2503dfdf5b.jpeg,"[{""question"": ""Does the double number line show the ratio of 2 ears to 4 paws to 1 tail?"", ""answer"": ""NO""}, {""question"": ""Does the doule number line show the total of 6 ears, 12 paws, and 3 tails?"", ""answer"": ""NO""}]"
1623001,3391e87a-7f60-407b-8384-e3d013554d7a.jpeg,"[{""question"": ""Does the double number line show the ratio of 2 ears to 4 paws to 1 tail?"", ""answer"": ""NO""}, {""question"": ""Does the doule number line show the total of 6 ears, 12 paws, and 3 tails?"", ""answer"": ""NO""}]"
1623001,4463c27f-ec2d-4f3a-ab4f-59c98d7832d2.jpeg,"[{""question"": ""Does the double number line show the ratio of 2 ears to 4 paws to 1 tail?"", ""answer"": ""YES""}, {""question"": ""Does the doule number line show the total of 6 ears, 12 paws, and 3 tails?"", ""answer"": ""YES""}]"
1623001,711b8dfd-17d0-4c55-a452-e0ce5ab0e85a.jpeg,"[{""question"": ""Does the double number line show the ratio of 2 ears to 4 paws to 1 tail?"", ""answer"": ""NO""}, {""question"": ""Does the doule number line show the total of 6 ears, 12 paws, and 3 tails?"", ""answer"": ""NO""}]"
1623001,7f42864e-2b76-4d4a-b673-4dec3d827955.jpeg,"[{""question"": ""Does the double number line show the ratio of 2 ears to 4 paws to 1 tail?"", ""answer"": ""YES""}, {""question"": ""Does the doule number line show the total of 6 ears, 12 paws, and 3 tails?"", ""answer"": ""NO""}]"
1623001,8b88d4c4-2a4b-4b58-a5df-a869e8799947.jpeg,"[{""question"": ""Does the double number line show the ratio of 2 ears to 4 paws to 1 tail?"", ""answer"": ""YES""}, {""question"": ""Does the doule number line show the total of 6 ears, 12 paws, and 3 tails?"", ""answer"": ""YES""}]"
1623001,a4f738fe-a755-4088-9a86-d6f915bf763b.jpeg,"[{""question"": ""Does the double number line show the ratio of 2 ears to 4 paws to 1 tail?"", ""answer"": ""NO""}, {""question"": ""Does the doule number line show the total of 6 ears, 12 paws, and 3 tails?"", ""answer"": ""NO""}]"
1623493,3bfee2ae-c45e-413c-970d-eb05a2ea30f9.jpeg,"[{""question"": ""Does the student's sketch show a line with a slope of 3?"", ""answer"": ""YES""}, {""question"": ""Does the student's sketch show a line with a y-intercept other than (0,0)?"", ""answer"": ""NO""}, {""question"": ""Does the student's sketch show a straight line?"", ""answer"": ""YES""}]"
1623493,4cc76286-caf2-4f49-be3e-a0cbd3652df8.jpeg,"[{""question"": ""Does the student's sketch show a line with a slope of 3?"", ""answer"": ""YES""}, {""question"": ""Does the student's sketch show a line with a y-intercept other than (0,0)?"", ""answer"": ""YES""}, {""question"": ""Does the student's sketch show a straight line?"", ""answer"": ""YES""}]"
1623493,75165a3b-024a-4c69-86a5-f6e08ad3ec0b.jpeg,"[{""question"": ""Does the student's sketch show a line with a slope of 3?"", ""answer"": ""YES""}, {""question"": ""Does the student's sketch show a line with a y-intercept other than (0,0)?"", ""answer"": ""YES""}, {""question"": ""Does the student's sketch show a straight line?"", ""answer"": ""YES""}]"
1623493,7dfff77d-2712-473c-bb24-8eafc0dbcf96.png,"[{""question"": ""Does the student's sketch show a line with a slope of 3?"", ""answer"": ""YES""}, {""question"": ""Does the student's sketch show a line with a y-intercept other than (0,0)?"", ""answer"": ""YES""}, {""question"": ""Does the student's sketch show a straight line?"", ""answer"": ""YES""}]"
1623493,a00d7a41-8baf-4a93-bef6-ab66af2c2af2.png,"[{""question"": ""Does the student's sketch show a line with a slope of 3?"", ""answer"": ""YES""}, {""question"": ""Does the student's sketch show a line with a y-intercept other than (0,0)?"", ""answer"": ""YES""}, {""question"": ""Does the student's sketch show a straight line?"", ""answer"": ""YES""}]"
1623493,c78a4efc-39a9-4291-92c6-6b28a567cc37.jpeg,"[{""question"": ""Does the student's sketch show a line with a slope of 3?"", ""answer"": ""YES""}, {""question"": ""Does the student's sketch show a line with a y-intercept other than (0,0)?"", ""answer"": ""YES""}, {""question"": ""Does the student's sketch show a straight line?"", ""answer"": ""YES""}]"
1623493,ddb0f0fa-b84e-40c9-a7c2-80773ed0978e.jpeg,"[{""question"": ""Does the student's sketch show a line with a slope of 3?"", ""answer"": ""NO""}, {""question"": ""Does the student's sketch show a line with a y-intercept other than (0,0)?"", ""answer"": ""NO""}, {""question"": ""Does the student's sketch show a straight line?"", ""answer"": ""NO""}]"
1623635,086ea867-a540-46e7-93ba-c2986526952a.jpeg,"[{""question"": ""Does the student's line have a slope of -2?"", ""answer"": ""YES""}, {""question"": ""Does the student's line pass through the indicated point?"", ""answer"": ""YES""}]"
1623635,12338965-9992-47d3-8057-33d8ad16ad42.png,"[{""question"": ""Does the student's line have a slope of -2?"", ""answer"": ""YES""}, {""question"": ""Does the student's line pass through the indicated point?"", ""answer"": ""YES""}]"
1623635,25cf73b4-3c4c-4643-aa17-9ac6c2e554e2.jpeg,"[{""question"": ""Does the student's line have a slope of -2?"", ""answer"": ""YES""}, {""question"": ""Does the student's line pass through the indicated point?"", ""answer"": ""YES""}]"
1623635,92175c60-8b0e-4e7a-b4eb-ae3842a5734d.jpeg,"[{""question"": ""Does the student's line have a slope of -2?"", ""answer"": ""YES""}, {""question"": ""Does the student's line pass through the indicated point?"", ""answer"": ""YES""}]"
1623635,b6c1996c-129e-4eb1-a1c4-12f21bc6f02a.png,"[{""question"": ""Does the student's line have a slope of -2?"", ""answer"": ""YES""}, {""question"": ""Does the student's line pass through the indicated point?"", ""answer"": ""NO""}]"
1623635,c4cee76c-a7ff-4323-84da-65014cfe3454.jpeg,"[{""question"": ""Does the student's line have a slope of -2?"", ""answer"": ""NO""}, {""question"": ""Does the student's line pass through the indicated point?"", ""answer"": ""YES""}]"
1623635,ef9c1c19-cf48-44f3-a21b-526781a869c6.jpeg,"[{""question"": ""Does the student's line have a slope of -2?"", ""answer"": ""NO""}, {""question"": ""Does the student's line pass through the indicated point?"", ""answer"": ""YES""}]"
1623635,fca1ff12-60cd-4bbb-9326-b7a1d0512376.jpeg,"[{""question"": ""Does the student's line have a slope of -2?"", ""answer"": ""YES""}, {""question"": ""Does the student's line pass through the indicated point?"", ""answer"": ""YES""}]"
1630652,4bf093bf-2ae4-4572-9fab-7e3e349bcf3d.jpeg,"[{""question"": ""Does the number line include arrows on both ends?"", ""answer"": ""YES""}]"
1630652,52fc7c1a-e9a9-4546-b4c9-83fa0717c680.jpeg,"[{""question"": ""Does the number line include arrows on both ends?"", ""answer"": ""YES""}]"
1630652,602bea71-6705-4a53-8b8e-5e68fc922123.jpeg,"[{""question"": ""Does the number line include arrows on both ends?"", ""answer"": ""YES""}]"
1630652,60c7e8fa-7adf-46b2-8981-17758777de7e.png,"[{""question"": ""Does the number line include arrows on both ends?"", ""answer"": ""YES""}]"
1630652,97cd0c6f-6be1-42d3-b0ec-457e3d56af72.jpeg,"[{""question"": ""Does the number line include arrows on both ends?"", ""answer"": ""YES""}]"
1630652,ab9f51e1-774b-48f8-9abc-9ed20a8a38c2.png,"[{""question"": ""Does the number line include arrows on both ends?"", ""answer"": ""YES""}]"
1630652,b9138ecf-b224-4617-a4ec-7309663fc98c.jpeg,"[{""question"": ""Does the number line include arrows on both ends?"", ""answer"": ""YES""}]"
1630652,cb5e75b0-c4c6-42a9-a8d4-325626f9f3c9.jpeg,"[{""question"": ""Does the number line include arrows on both ends?"", ""answer"": ""YES""}]"
1630652,e9eb80bf-e16a-4815-837f-404664a59398.jpeg,"[{""question"": ""Does the number line include arrows on both ends?"", ""answer"": ""NO""}]"
1631012,2b26d687-d35f-4c3c-8ec8-55e505e5a469.jpeg,"[{""question"": ""Did the student correctly plot the point E at (-3,2)?"", ""answer"": ""NO""}]"
1631012,35807182-ca59-4337-b4b4-0de2c911e9cb.jpeg,"[{""question"": ""Did the student correctly plot the point E at (-3,2)?"", ""answer"": ""YES""}]"
1631012,3b9dc74a-26d3-4442-94e4-6d0218dd7ffb.jpeg,"[{""question"": ""Did the student correctly plot the point E at (-3,2)?"", ""answer"": ""YES""}]"
1631012,3ba68f8f-b870-4a60-8b88-6baeaf0938c8.jpeg,"[{""question"": ""Did the student correctly plot the point E at (-3,2)?"", ""answer"": ""YES""}]"
1631012,47125c1f-26a6-41b1-bfbc-2dfbc8dbe425.jpeg,"[{""question"": ""Did the student correctly plot the point E at (-3,2)?"", ""answer"": ""NO""}]"
1631013,1090e2cf-8f1e-4fec-a715-fd4865de2bfd.jpeg,"[{""question"": ""Did the student correctly plot the point F at (-4.5, -4.5)?"", ""answer"": ""YES""}]"
1631013,2af0e2bb-0dca-4b96-af2d-819ae12c1d12.jpeg,"[{""question"": ""Did the student correctly plot the point F at (-4.5, -4.5)?"", ""answer"": ""YES""}]"
1631013,37672769-c799-42ed-a40b-b6bf399cf5e4.jpeg,"[{""question"": ""Did the student correctly plot the point F at (-4.5, -4.5)?"", ""answer"": ""YES""}]"
1631013,4cd5692f-3d38-4c6d-a1f4-cf87cad7a6f9.jpeg,"[{""question"": ""Did the student correctly plot the point F at (-4.5, -4.5)?"", ""answer"": ""YES""}]"
1631013,59a7d9bd-15b3-4bac-ac31-4789d3e75bf7.jpeg,"[{""question"": ""Did the student correctly plot the point F at (-4.5, -4.5)?"", ""answer"": ""YES""}]"
1640093,0b6c9546-10a0-4f5a-b06b-64e47f074a9e.jpeg,[]
1640093,36d85b87-f18c-4c85-b5cc-ddec9adc4342.png,[]
1640093,5a28f927-638c-4d90-b573-2f69b00f1ad7.jpeg,[]
1640093,5bb250d4-2bf9-4385-b8fc-9e024fe67f89.jpeg,[]
1736714,186fc9c3-8927-4392-84ac-a6aa585c94aa.png,"[{""question"": ""Does the input-output diagram correctly show that there are 60 minutes in one hour?"", ""answer"": ""YES""}, {""question"": ""Does the statement reflect that there are 60 minutes in one hour?"", ""answer"": ""YES""}]"
1736714,1a126137-3b05-4807-b044-9bd63a061808.jpeg,"[{""question"": ""Does the input-output diagram correctly show that there are 60 minutes in one hour?"", ""answer"": ""YES""}, {""question"": ""Does the statement reflect that there are 60 minutes in one hour?"", ""answer"": ""YES""}]"
1736714,1e780fc3-e04f-476d-88d4-f3806f4821f0.png,"[{""question"": ""Does the input-output diagram correctly show that there are 60 minutes in one hour?"", ""answer"": ""YES""}, {""question"": ""Does the statement reflect that there are 60 minutes in one hour?"", ""answer"": ""YES""}]"
1736714,271bb736-6c7a-4c75-bb4b-015c6ae77fe3.png,"[{""question"": ""Does the input-output diagram correctly show that there are 60 minutes in one hour?"", ""answer"": ""YES""}, {""question"": ""Does the statement reflect that there are 60 minutes in one hour?"", ""answer"": ""YES""}]"
1753834,00266291-4e0b-49f5-8d72-eea91c5ca708.jpeg,[]
1753834,1e57faea-7b55-42f7-ae59-c726e6be8ed1.jpeg,[]
1753834,775bb564-6c36-4aef-a5c5-f0a9669d7228.jpeg,[]
1754028,20b89324-6381-4474-8347-0bb30af07000.jpeg,"[{""question"": ""Did the student correctly place D' in between B' and C'?"", ""answer"": ""YES""}]"
1754039,0a160374-f31c-4959-a9c2-af1bccd2df14.jpeg,"[{""question"": ""Did the student correclty draw D' in between A' and C'?"", ""answer"": ""YES""}]"
1754039,130fa9d8-8193-4fc1-8662-bfa523f56a6e.png,"[{""question"": ""Did the student correclty draw D' in between A' and C'?"", ""answer"": ""YES""}]"
1754039,44f692b3-fb95-44b0-8d7e-b4edccf64659.jpeg,"[{""question"": ""Did the student correclty draw D' in between A' and C'?"", ""answer"": ""YES""}]"
1754039,5811bb5a-bc37-4d3e-bb1e-1af85e4a736e.png,"[{""question"": ""Did the student correclty draw D' in between A' and C'?"", ""answer"": ""YES""}]"
1754061,003de3d3-e5ea-4b44-a325-bc95b3b8ba12.jpeg,"[{""question"": ""Does the student's image of A'B'C'D' correctly show ABCD translated by the directed line segment?"", ""answer"": ""YES""}]"
1754061,0ce894d2-f3f1-44d8-a53c-972cf19048d0.png,"[{""question"": ""Does the student's image of A'B'C'D' correctly show ABCD translated by the directed line segment?"", ""answer"": ""YES""}]"
1754061,0f66f758-bacb-42cd-b286-02d1205121a3.jpeg,"[{""question"": ""Does the student's image of A'B'C'D' correctly show ABCD translated by the directed line segment?"", ""answer"": ""YES""}]"
1754061,123ff564-68f5-4732-a0a2-ec090c87b6f5.jpeg,"[{""question"": ""Does the student's image of A'B'C'D' correctly show ABCD translated by the directed line segment?"", ""answer"": ""YES""}]"
1754092,159375ba-589c-4503-a258-3342293f57fb.jpeg,"[{""question"": ""Does the image correctly show the image of the quadrilateral transalted by the directed line segment v?"", ""answer"": ""YES""}]"
1754092,3fefb88b-aaec-488b-b724-83de0ec6ae9d.jpeg,"[{""question"": ""Does the image correctly show the image of the quadrilateral transalted by the directed line segment v?"", ""answer"": ""NO""}]"
1754092,4dd873ea-9ce5-409c-b361-ddfa3615eef0.jpeg,"[{""question"": ""Does the image correctly show the image of the quadrilateral transalted by the directed line segment v?"", ""answer"": ""YES""}]"
1754092,58d6c068-a71a-4dbf-9067-efb38cda1492.png,"[{""question"": ""Does the image correctly show the image of the quadrilateral transalted by the directed line segment v?"", ""answer"": ""NO""}]"
1754092,68b1f705-0978-488b-9fb1-74e26260d5c1.jpeg,"[{""question"": ""Does the image correctly show the image of the quadrilateral transalted by the directed line segment v?"", ""answer"": ""YES""}]"
1754093,13828eb9-29f2-469b-85c0-0f03c4f07e83.png,"[{""question"": ""Did the students plot points A and B on the line, l?"", ""answer"": ""YES""}, {""question"": ""Do the points C and D move when they are reflected over l?"", ""answer"": ""NO""}]"
1754093,1c2afb44-3b63-4997-9ea5-e379aea224c8.png,"[{""question"": ""Did the students plot points A and B on the line, l?"", ""answer"": ""YES""}, {""question"": ""Do the points C and D move when they are reflected over l?"", ""answer"": ""NO""}]"
1754093,30baa85c-5295-420e-8903-2d68c9c2c871.jpeg,"[{""question"": ""Did the students plot points A and B on the line, l?"", ""answer"": ""YES""}, {""question"": ""Do the points C and D move when they are reflected over l?"", ""answer"": ""YES""}]"
1754093,4e17637c-131f-4420-90f6-2d743769cd88.jpeg,"[{""question"": ""Did the students plot points A and B on the line, l?"", ""answer"": ""YES""}, {""question"": ""Do the points C and D move when they are reflected over l?"", ""answer"": ""YES""}]"
1754108,1c85bab5-4365-4416-9028-8354e972beb6.jpeg,"[{""question"": ""Did the student correctly rotate the quadrilateral 120 degrees clockwise around point D?"", ""answer"": ""YES""}]"
1754108,2fd44360-1e30-4add-913e-57d0f8350358.jpeg,"[{""question"": ""Did the student correctly rotate the quadrilateral 120 degrees clockwise around point D?"", ""answer"": ""YES""}]"
1754108,59b7aa4a-803e-4eae-a9df-b386c512cd7f.jpeg,"[{""question"": ""Did the student correctly rotate the quadrilateral 120 degrees clockwise around point D?"", ""answer"": ""YES""}]"
1754108,9bf04568-5e9a-44d6-822b-725056e73d55.jpeg,"[{""question"": ""Did the student correctly rotate the quadrilateral 120 degrees clockwise around point D?"", ""answer"": ""NO""}]"
1754108,b1ed4202-de37-4586-897f-6646de6ccf3d.png,"[{""question"": ""Did the student correctly rotate the quadrilateral 120 degrees clockwise around point D?"", ""answer"": ""YES""}]"
1754108,b635e591-f2fc-4abc-821f-d4358a4b2ae4.jpeg,"[{""question"": ""Did the student correctly rotate the quadrilateral 120 degrees clockwise around point D?"", ""answer"": ""YES""}]"
1754108,b8848813-f618-4dec-b64d-b8bbfe404806.png,"[{""question"": ""Did the student correctly rotate the quadrilateral 120 degrees clockwise around point D?"", ""answer"": ""YES""}]"
1754108,ff0d446c-e194-4dbd-b0d6-3aa14b861e90.jpeg,"[{""question"": ""Did the student correctly rotate the quadrilateral 120 degrees clockwise around point D?"", ""answer"": ""NO""}]"
1754113,0b2ec772-e8ae-41e2-9c7d-a44da7290336.png,"[{""question"": ""Does the image of A'B'C' show a transation by the directed line segment u?"", ""answer"": ""NO""}]"
1754113,4020c1d8-0209-4e14-afbb-1985d5c993bb.jpeg,"[{""question"": ""Does the image of A'B'C' show a transation by the directed line segment u?"", ""answer"": ""YES""}]"
1754113,61a96631-1fb0-4a3a-91bc-d6777ce94883.jpeg,"[{""question"": ""Does the image of A'B'C' show a transation by the directed line segment u?"", ""answer"": ""NO""}]"
1754113,6dfe4d69-6ac4-4723-bac2-a349e8d2f05e.jpeg,"[{""question"": ""Does the image of A'B'C' show a transation by the directed line segment u?"", ""answer"": ""YES""}]"
1754113,ac515e01-3835-4452-84fa-b18009259080.png,"[{""question"": ""Does the image of A'B'C' show a transation by the directed line segment u?"", ""answer"": ""YES""}]"
1754113,adc68854-633d-4825-8001-3b1f2318691d.jpeg,"[{""question"": ""Does the image of A'B'C' show a transation by the directed line segment u?"", ""answer"": ""YES""}]"
1754113,af13f429-0d4c-41a0-9753-1f635cc96da2.jpeg,"[{""question"": ""Does the image of A'B'C' show a transation by the directed line segment u?"", ""answer"": ""YES""}]"
1754113,b44d7bee-5789-40ce-bd68-fd73991f4ac7.jpeg,"[{""question"": ""Does the image of A'B'C' show a transation by the directed line segment u?"", ""answer"": ""YES""}]"
1754113,e3ac048e-4984-4735-adeb-79901088fb5c.jpeg,"[{""question"": ""Does the image of A'B'C' show a transation by the directed line segment u?"", ""answer"": ""YES""}]"
1754113,f286a41e-6ba1-48ec-bd9a-89a632a2f047.jpeg,"[{""question"": ""Does the image of A'B'C' show a transation by the directed line segment u?"", ""answer"": ""YES""}]"
1754115,0f3f5420-73f5-468a-9fc6-f5b041981f52.png,"[{""question"": ""Did the student correctly place D' in between A' and B'?"", ""answer"": ""YES""}]"
1754115,155d949a-7c52-42b7-9b26-615153b30d5c.jpeg,"[{""question"": ""Did the student correctly place D' in between A' and B'?"", ""answer"": ""YES""}]"
1754115,2bf0b7eb-d097-4b15-a405-80500871a9db.jpeg,"[{""question"": ""Did the student correctly place D' in between A' and B'?"", ""answer"": ""YES""}]"
1754115,300db9f5-41bf-4fd5-9a54-ba4a7afe273f.jpeg,"[{""question"": ""Did the student correctly place D' in between A' and B'?"", ""answer"": ""YES""}]"
1754115,3431b4c5-db45-4412-bb28-3e297db78124.jpeg,"[{""question"": ""Did the student correctly place D' in between A' and B'?"", ""answer"": ""YES""}]"
1754115,42d3e21f-ca2a-45f1-b36b-e38ac60b5d87.jpeg,"[{""question"": ""Did the student correctly place D' in between A' and B'?"", ""answer"": ""YES""}]"
1754115,a2026e56-e972-4ee2-b4e7-79feff30ff3b.png,"[{""question"": ""Did the student correctly place D' in between A' and B'?"", ""answer"": ""YES""}]"
1754115,bcb89290-3cea-4949-8b2c-43b9dc830d68.jpeg,"[{""question"": ""Did the student correctly place D' in between A' and B'?"", ""answer"": ""YES""}]"
1754115,ccbbd607-0cb5-4891-95e0-c08344a4daab.jpeg,"[{""question"": ""Did the student correctly place D' in between A' and B'?"", ""answer"": ""YES""}]"
1754115,f5db97f8-7e8d-43c3-a9e2-711848195f9a.jpeg,"[{""question"": ""Did the student correctly place D' in between A' and B'?"", ""answer"": ""YES""}]"
1754531,4da3c612-ecbc-426d-9c48-59f981dbb5bc.jpeg,"[{""question"": ""Does the student's explanation justify their response?"", ""answer"": ""YES""}]"
1754531,8dddb899-6e42-4822-9185-a65cb40c730c.jpeg,"[{""question"": ""Does the student's explanation justify their response?"", ""answer"": ""YES""}]"
1754531,9e846aee-ecc2-4c6b-b145-be3a20d3f384.jpeg,"[{""question"": ""Does the student's explanation justify their response?"", ""answer"": ""YES""}]"
1754531,a7a3dce5-07d2-41da-b698-da3d61665abd.jpeg,"[{""question"": ""Does the student's explanation justify their response?"", ""answer"": ""YES""}]"
1754531,b6e7c72e-61f0-4d0c-a5da-e390143853cd.jpeg,"[{""question"": ""Does the student's explanation justify their response?"", ""answer"": ""YES""}]"
1754531,f03e678b-4e96-497c-acb8-8688f7831172.jpeg,"[{""question"": ""Does the student's explanation justify their response?"", ""answer"": ""YES""}]"
1754654,36c9f37e-5332-4387-bd55-8a54a90d40d2.jpeg,"[{""question"": ""Did the student correctly draw an arrow pointing left from 2.5?"", ""answer"": ""YES""}, {""question"": ""Did the student correctly draw an open circle above 2.5 on the number line?"", ""answer"": ""YES""}, {""question"": ""Did the student correctly identify 5/2 as halfway between 2 and 3?"", ""answer"": ""YES""}]"
1754654,488769f2-9805-48f9-b802-00bbdacec620.png,"[{""question"": ""Did the student correctly draw an arrow pointing left from 2.5?"", ""answer"": ""YES""}, {""question"": ""Did the student correctly draw an open circle above 2.5 on the number line?"", ""answer"": ""YES""}, {""question"": ""Did the student correctly identify 5/2 as halfway between 2 and 3?"", ""answer"": ""YES""}]"
1754654,6472fc9a-a7a8-4d4c-9ed8-7319b321025d.jpeg,"[{""question"": ""Did the student correctly draw an arrow pointing left from 2.5?"", ""answer"": ""YES""}, {""question"": ""Did the student correctly draw an open circle above 2.5 on the number line?"", ""answer"": ""YES""}, {""question"": ""Did the student correctly identify 5/2 as halfway between 2 and 3?"", ""answer"": ""YES""}]"
1754654,7075d0bb-b893-4973-9107-b57e820a4916.jpeg,"[{""question"": ""Did the student correctly draw an arrow pointing left from 2.5?"", ""answer"": ""YES""}, {""question"": ""Did the student correctly draw an open circle above 2.5 on the number line?"", ""answer"": ""YES""}, {""question"": ""Did the student correctly identify 5/2 as halfway between 2 and 3?"", ""answer"": ""YES""}]"
1754654,7b4c8656-cd17-4b9f-912d-a28bdb2424e4.jpeg,"[{""question"": ""Did the student correctly draw an arrow pointing left from 2.5?"", ""answer"": ""YES""}, {""question"": ""Did the student correctly draw an open circle above 2.5 on the number line?"", ""answer"": ""YES""}, {""question"": ""Did the student correctly identify 5/2 as halfway between 2 and 3?"", ""answer"": ""YES""}]"
1754654,8a314b00-3633-480f-8d63-d9eb5c1572f4.jpeg,"[{""question"": ""Did the student correctly draw an arrow pointing left from 2.5?"", ""answer"": ""YES""}, {""question"": ""Did the student correctly draw an open circle above 2.5 on the number line?"", ""answer"": ""YES""}, {""question"": ""Did the student correctly identify 5/2 as halfway between 2 and 3?"", ""answer"": ""YES""}]"
1754654,995ebc7c-be4a-4191-9402-f0bc2eef9493.jpeg,"[{""question"": ""Did the student correctly draw an arrow pointing left from 2.5?"", ""answer"": ""NO""}, {""question"": ""Did the student correctly draw an open circle above 2.5 on the number line?"", ""answer"": ""NO""}, {""question"": ""Did the student correctly identify 5/2 as halfway between 2 and 3?"", ""answer"": ""NO""}]"
1754654,a557d932-81f0-42e2-8aca-cb35b465f0ba.jpeg,"[{""question"": ""Did the student correctly draw an arrow pointing left from 2.5?"", ""answer"": ""YES""}, {""question"": ""Did the student correctly draw an open circle above 2.5 on the number line?"", ""answer"": ""NO""}, {""question"": ""Did the student correctly identify 5/2 as halfway between 2 and 3?"", ""answer"": ""YES""}]"
1754654,bbf51c12-5195-4bba-bffb-52a14f60414d.jpeg,"[{""question"": ""Did the student correctly draw an arrow pointing left from 2.5?"", ""answer"": ""NO""}, {""question"": ""Did the student correctly draw an open circle above 2.5 on the number line?"", ""answer"": ""NO""}, {""question"": ""Did the student correctly identify 5/2 as halfway between 2 and 3?"", ""answer"": ""NO""}]"
1754654,c55d0658-a48c-4f63-afc9-5b9ee1fdcff7.jpeg,"[{""question"": ""Did the student correctly draw an arrow pointing left from 2.5?"", ""answer"": ""NO""}, {""question"": ""Did the student correctly draw an open circle above 2.5 on the number line?"", ""answer"": ""NO""}, {""question"": ""Did the student correctly identify 5/2 as halfway between 2 and 3?"", ""answer"": ""NO""}]"
1755170,05952848-be9e-43d4-b45c-921160c9e18a.jpeg,[]
1755170,16cce813-a1dd-4bde-acfb-c802ad4da7ca.jpeg,[]
1755170,39643893-13b9-49af-b107-cea8cb38774b.jpeg,[]
1755170,3e023a96-84d3-44ce-a254-4e0615534a5f.jpeg,[]
1755170,8041af07-2331-498c-bb8a-c3fba47921bb.jpeg,[]
1755170,9145a1f1-f64c-4e7b-8316-dcb2cfbb7943.png,[]
1755170,a7d4c1ca-563c-4df1-a72a-360c549595c7.png,[]
1755170,dea4a7ab-609e-40f5-b60a-f559fba5a751.png,[]
1755170,fb1c4ada-2b3d-4b41-a4c3-4815a504d23d.jpeg,[]
1755170,fce2f0e8-5ac5-4828-8f9f-ae0a3529bcc2.jpeg,[]
1761420,1827b197-b3e6-4e37-a8c9-0fd75de5e4ee.jpeg,"[{""question"": ""Did the student correctly represent the five number summary on the box plot?"", ""answer"": ""YES""}, {""question"": ""Is the median labeled on the boxplot?"", ""answer"": ""YES""}]"
1761420,53c6eee7-980f-4433-ac6a-09b34ed84da6.jpeg,"[{""question"": ""Did the student correctly represent the five number summary on the box plot?"", ""answer"": ""YES""}, {""question"": ""Is the median labeled on the boxplot?"", ""answer"": ""YES""}]"
1761420,677be540-6b21-4d2c-91a1-5d8f15c18778.jpeg,"[{""question"": ""Did the student correctly represent the five number summary on the box plot?"", ""answer"": ""YES""}, {""question"": ""Is the median labeled on the boxplot?"", ""answer"": ""NO""}]"
1761420,81cbbed9-afb8-4705-b764-6bad3f09ebcd.jpeg,"[{""question"": ""Did the student correctly represent the five number summary on the box plot?"", ""answer"": ""YES""}, {""question"": ""Is the median labeled on the boxplot?"", ""answer"": ""NO""}]"
1761420,874d0fd9-46b0-430d-ad29-ac7d663992dd.jpeg,"[{""question"": ""Did the student correctly represent the five number summary on the box plot?"", ""answer"": ""YES""}, {""question"": ""Is the median labeled on the boxplot?"", ""answer"": ""YES""}]"
1761420,919b4ae4-27e8-4496-8d87-326026713dc0.jpeg,"[{""question"": ""Did the student correctly represent the five number summary on the box plot?"", ""answer"": ""YES""}, {""question"": ""Is the median labeled on the boxplot?"", ""answer"": ""NO""}]"
1761420,f7c14dc6-d26d-4ace-94e6-4fe4eb358e87.jpeg,"[{""question"": ""Did the student correctly represent the five number summary on the box plot?"", ""answer"": ""NO""}, {""question"": ""Is the median labeled on the boxplot?"", ""answer"": ""NO""}]"
1761420,f8b1b052-2d3b-43ee-b0b1-0dd7505b8c06.jpeg,"[{""question"": ""Did the student correctly represent the five number summary on the box plot?"", ""answer"": ""NO""}, {""question"": ""Is the median labeled on the boxplot?"", ""answer"": ""NO""}]"
1761420,fa1a42eb-088f-4ed0-9d67-38929b6b85c3.jpeg,"[{""question"": ""Did the student correctly represent the five number summary on the box plot?"", ""answer"": ""NO""}, {""question"": ""Is the median labeled on the boxplot?"", ""answer"": ""YES""}]"
1761420,ff0914b5-ca1e-4d28-b345-f60a722d2eb4.jpeg,"[{""question"": ""Did the student correctly represent the five number summary on the box plot?"", ""answer"": ""YES""}, {""question"": ""Is the median labeled on the boxplot?"", ""answer"": ""NO""}]"
1761421,42a2852e-0cd7-4f74-9e1e-829ce78c10a0.jpeg,"[{""question"": ""Did the student correctly create buckets of data based on the table?"", ""answer"": ""YES""}, {""question"": ""Did the student correctly represent each bucket of data on the histogram?"", ""answer"": ""YES""}]"
1761421,56ec6d36-46ee-4129-9460-350998aaa67f.png,"[{""question"": ""Did the student correctly create buckets of data based on the table?"", ""answer"": ""YES""}, {""question"": ""Did the student correctly represent each bucket of data on the histogram?"", ""answer"": ""YES""}]"
1761421,93479f9a-5ec2-402c-b154-ca223f6f6a6d.jpeg,"[{""question"": ""Did the student correctly create buckets of data based on the table?"", ""answer"": ""YES""}, {""question"": ""Did the student correctly represent each bucket of data on the histogram?"", ""answer"": ""YES""}]"
1761421,a3336ef1-0b4d-4a70-b8d9-8e06468a8650.jpeg,"[{""question"": ""Did the student correctly create buckets of data based on the table?"", ""answer"": ""YES""}, {""question"": ""Did the student correctly represent each bucket of data on the histogram?"", ""answer"": ""YES""}]"
1761421,c298d190-2c84-4f95-80bc-dc1e53a99808.jpeg,"[{""question"": ""Did the student correctly create buckets of data based on the table?"", ""answer"": ""YES""}, {""question"": ""Did the student correctly represent each bucket of data on the histogram?"", ""answer"": ""YES""}]"
1761421,c7476821-9596-4a5c-867b-0b0aacaf8c89.jpeg,"[{""question"": ""Did the student correctly create buckets of data based on the table?"", ""answer"": ""YES""}, {""question"": ""Did the student correctly represent each bucket of data on the histogram?"", ""answer"": ""YES""}]"
1761421,eff861fc-6bf1-48f5-bd7d-cfa6f21a0843.jpeg,"[{""question"": ""Did the student correctly create buckets of data based on the table?"", ""answer"": ""YES""}, {""question"": ""Did the student correctly represent each bucket of data on the histogram?"", ""answer"": ""YES""}]"
1762263,0715df04-241f-4ff7-bc0e-47e09f79c207.jpeg,"[{""question"": ""Did the student correctly plot a solid (not dotted) line?"", ""answer"": ""YES""}, {""question"": ""Did the student correctly shade above the line?"", ""answer"": ""YES""}, {""question"": ""Does the inequality on the graph match the inequality the student wrote in Part C?"", ""answer"": ""NO""}]"
1762263,376ca017-7219-4270-8194-27447ee277a8.jpeg,"[{""question"": ""Did the student correctly plot a solid (not dotted) line?"", ""answer"": ""YES""}, {""question"": ""Did the student correctly shade above the line?"", ""answer"": ""YES""}, {""question"": ""Does the inequality on the graph match the inequality the student wrote in Part C?"", ""answer"": ""YES""}]"
1762263,406a1c38-4379-48de-9cce-40924bf3828f.jpeg,"[{""question"": ""Did the student correctly plot a solid (not dotted) line?"", ""answer"": ""YES""}, {""question"": ""Did the student correctly shade above the line?"", ""answer"": ""YES""}, {""question"": ""Does the inequality on the graph match the inequality the student wrote in Part C?"", ""answer"": ""YES""}]"
1762263,458f88db-ca41-45c2-88f3-8267b9d709f8.jpeg,"[{""question"": ""Did the student correctly plot a solid (not dotted) line?"", ""answer"": ""YES""}, {""question"": ""Did the student correctly shade above the line?"", ""answer"": ""YES""}, {""question"": ""Does the inequality on the graph match the inequality the student wrote in Part C?"", ""answer"": ""YES""}]"
1762263,9102c84b-460c-4b70-a38c-bdf1c0c61f42.jpeg,"[{""question"": ""Did the student correctly plot a solid (not dotted) line?"", ""answer"": ""YES""}, {""question"": ""Did the student correctly shade above the line?"", ""answer"": ""YES""}, {""question"": ""Does the inequality on the graph match the inequality the student wrote in Part C?"", ""answer"": ""YES""}]"
1762263,c74a604d-dc13-495d-a383-3434c1b8753a.jpeg,"[{""question"": ""Did the student correctly plot a solid (not dotted) line?"", ""answer"": ""YES""}, {""question"": ""Did the student correctly shade above the line?"", ""answer"": ""YES""}, {""question"": ""Does the inequality on the graph match the inequality the student wrote in Part C?"", ""answer"": ""YES""}]"
1762263,c8917310-056d-4694-a9f3-a1b701362f29.jpeg,"[{""question"": ""Did the student correctly plot a solid (not dotted) line?"", ""answer"": ""YES""}, {""question"": ""Did the student correctly shade above the line?"", ""answer"": ""YES""}, {""question"": ""Does the inequality on the graph match the inequality the student wrote in Part C?"", ""answer"": ""YES""}]"
1762263,f134a4d1-5d47-4084-a04f-73e9818c7cc4.jpeg,"[{""question"": ""Did the student correctly plot a solid (not dotted) line?"", ""answer"": ""YES""}, {""question"": ""Did the student correctly shade above the line?"", ""answer"": ""YES""}, {""question"": ""Does the inequality on the graph match the inequality the student wrote in Part C?"", ""answer"": ""YES""}]"
1762467,12e16afc-faa0-412d-b68d-d8d6a1f603b2.png,[]
1762467,542aebe9-75c3-4618-88d5-4a1fa534a517.jpeg,[]
1762467,5fd48bdd-d2ba-450c-a546-17da4ee4c8cc.jpeg,[]
1762467,6a3038c3-9580-4a00-8ff2-41f8be6f8738.png,[]
1762467,b9de6677-580b-4e40-a145-5b73633703e0.jpeg,[]
1762467,eca69a8a-1408-418a-b13a-13986177da42.jpeg,[]
1762467,ed7237ab-4bf5-4928-a09c-5630db337034.jpeg,[]
1762467,edfe5add-3c51-4644-9621-8f18d7752459.jpeg,[]
1762467,f6b573f7-780a-4360-adfe-b51ba9fb9e6b.jpeg,[]
1762474,109b86e6-1922-46fc-b1b7-42a27722fb8e.png,"[{""question"": ""Does the sketch match the information given in the problem about the museum?"", ""answer"": ""YES""}]"
1762474,26a80919-9757-4268-9631-299ea4c89c7f.jpeg,"[{""question"": ""Does the sketch match the information given in the problem about the museum?"", ""answer"": ""YES""}]"
1762474,3eac262f-481f-4144-9ec9-5e424dc920a6.jpeg,"[{""question"": ""Does the sketch match the information given in the problem about the museum?"", ""answer"": ""YES""}]"
1762474,88dfcd92-5afb-43d9-9d85-207c86dce410.jpeg,"[{""question"": ""Does the sketch match the information given in the problem about the museum?"", ""answer"": ""YES""}]"
1762474,928896ef-bbbf-4637-a9c4-56b0b80469d0.jpeg,"[{""question"": ""Does the sketch match the information given in the problem about the museum?"", ""answer"": ""YES""}]"
1762474,d651148f-89d3-44f4-8c7d-1130dd732b1d.jpeg,"[{""question"": ""Does the sketch match the information given in the problem about the museum?"", ""answer"": ""YES""}]"
1762474,e5336d4c-7ace-4fab-bc9a-2b3503c8e7a4.png,"[{""question"": ""Does the sketch match the information given in the problem about the museum?"", ""answer"": ""YES""}]"
1762729,022cfec8-b03f-43e2-9c24-0ab0123cf063.jpeg,[]
1762729,14532139-2d13-4094-b590-e388e98939bd.png,[]
1762729,250046c0-6447-40b1-b4ce-aa016b968858.jpeg,[]
1762729,277db920-d0fc-4510-948a-a18a3c1bd83e.png,[]
1762729,600c3ce7-c14f-4014-b76f-15c3abd5f582.jpeg,[]
1762729,62025937-870b-4b01-a318-85c821e9df82.png,[]
1762729,7fd08923-ccb2-4104-a582-1c1e3fb5120f.jpeg,[]
1762729,81a7b3b5-2042-42ed-a857-096ec970ff9e.png,[]
1762729,bdde5b26-dffa-4688-b8dd-87baaf04a937.png,[]
1762729,fee8591d-c09f-49ac-9e83-9d3fce9835d0.jpeg,[]
1804121,0528d57c-25e0-4c98-82d2-e800c5c594aa.jpeg,"[{""question"": ""Does the line divide the line segment AB in half?"", ""answer"": ""YES""}, {""question"": ""Does the line intersect AB at a right angle?"", ""answer"": ""YES""}, {""question"": ""Does the line intersect point C?"", ""answer"": ""YES""}]"
1804121,1dada9d6-f33f-4d05-ad20-05b6e417446d.jpeg,"[{""question"": ""Does the line divide the line segment AB in half?"", ""answer"": ""YES""}, {""question"": ""Does the line intersect AB at a right angle?"", ""answer"": ""YES""}, {""question"": ""Does the line intersect point C?"", ""answer"": ""YES""}]"
1804121,31ad9c0a-509d-46e5-b4b2-230d782f71c9.jpeg,"[{""question"": ""Does the line divide the line segment AB in half?"", ""answer"": ""YES""}, {""question"": ""Does the line intersect AB at a right angle?"", ""answer"": ""YES""}, {""question"": ""Does the line intersect point C?"", ""answer"": ""YES""}]"
1804121,51e481b8-607d-44a8-b5e4-9369814be785.jpeg,"[{""question"": ""Does the line divide the line segment AB in half?"", ""answer"": ""NO""}, {""question"": ""Does the line intersect AB at a right angle?"", ""answer"": ""NO""}, {""question"": ""Does the line intersect point C?"", ""answer"": ""NO""}]"
1804121,5f2d6275-67b9-4ff8-8659-b0e8407fc0b9.jpeg,"[{""question"": ""Does the line divide the line segment AB in half?"", ""answer"": ""NO""}, {""question"": ""Does the line intersect AB at a right angle?"", ""answer"": ""NO""}, {""question"": ""Does the line intersect point C?"", ""answer"": ""NO""}]"
1804121,6c5c0fc4-da1f-4f6d-bc13-8ee759c92c70.jpeg,"[{""question"": ""Does the line divide the line segment AB in half?"", ""answer"": ""YES""}, {""question"": ""Does the line intersect AB at a right angle?"", ""answer"": ""YES""}, {""question"": ""Does the line intersect point C?"", ""answer"": ""YES""}]"
1804121,9ceb3ab9-f6c3-499f-8297-4def60a46c68.jpeg,"[{""question"": ""Does the line divide the line segment AB in half?"", ""answer"": ""YES""}, {""question"": ""Does the line intersect AB at a right angle?"", ""answer"": ""NO""}, {""question"": ""Does the line intersect point C?"", ""answer"": ""NO""}]"
1804121,ac8029e1-2bc0-4250-a3bd-f7b7e4736382.jpeg,"[{""question"": ""Does the line divide the line segment AB in half?"", ""answer"": ""YES""}, {""question"": ""Does the line intersect AB at a right angle?"", ""answer"": ""NO""}, {""question"": ""Does the line intersect point C?"", ""answer"": ""YES""}]"
1804121,dbb6aa55-135b-4939-aa36-758a75e74ea6.jpeg,"[{""question"": ""Does the line divide the line segment AB in half?"", ""answer"": ""YES""}, {""question"": ""Does the line intersect AB at a right angle?"", ""answer"": ""NO""}, {""question"": ""Does the line intersect point C?"", ""answer"": ""YES""}]"
1804121,e84c0dc5-571b-448e-81df-8fee02ed4b9b.jpeg,"[{""question"": ""Does the line divide the line segment AB in half?"", ""answer"": ""YES""}, {""question"": ""Does the line intersect AB at a right angle?"", ""answer"": ""YES""}, {""question"": ""Does the line intersect point C?"", ""answer"": ""YES""}]"
1804126,067f1475-2197-43c0-967b-dfe6892c56ce.png,"[{""question"": ""Did the student indicate that Mai was correct?"", ""answer"": ""NO""}, {""question"": ""Did the student's response indicate that Mai is correct?"", ""answer"": ""YES""}]"
1811580,0c4948e5-b042-4ed2-9bae-8cebbb4e861c.jpeg,[]
1811580,0eeb7345-efd9-400c-bd71-82101c0f3933.jpeg,[]
1811580,102ac4fd-9db1-4bde-9706-3689ace42c75.jpeg,[]
1811580,2855aa74-5efa-4dd9-b3ff-3b7d3b31bdb2.png,[]
1876182,1959f3bc-c026-47d8-8b66-2d8385e6b78d.jpeg,"[{""question"": ""Did the student correctly show that the quoitent is 12?"", ""answer"": ""YES""}]"
1876182,26798b2f-0c7a-4082-ba33-0108a46caa4f.jpeg,"[{""question"": ""Did the student correctly show that the quoitent is 12?"", ""answer"": ""YES""}]"
1876182,2a407c30-b009-4f89-b21d-597cb60071d9.jpeg,"[{""question"": ""Did the student correctly show that the quoitent is 12?"", ""answer"": ""NO""}]"
1876182,78bac5ea-de59-4a0f-a278-efd619503b9f.jpeg,"[{""question"": ""Did the student correctly show that the quoitent is 12?"", ""answer"": ""YES""}]"
1885548,068b7df7-5291-49b3-8b13-79dee8baf314.jpeg,"[{""question"": ""Did the student use the standard algorithm to check?"", ""answer"": ""YES""}]"
1885548,16d76001-7fa4-4f7f-8c6b-9d697c44f8b2.jpeg,"[{""question"": ""Did the student use the standard algorithm to check?"", ""answer"": ""YES""}]"
1885548,2bbfcea9-7c04-4cce-b386-b4e2fa09b1c3.jpeg,"[{""question"": ""Did the student use the standard algorithm to check?"", ""answer"": ""NO""}]"
1885551,054d7529-168d-4d09-a9b4-674732fd9e69.jpeg,"[{""question"": ""Did the student use the standard algorithm?"", ""answer"": ""YES""}]"
1885551,1430ed33-cf47-4cfa-ad4a-c1c65c38e7f8.jpeg,"[{""question"": ""Did the student use the standard algorithm?"", ""answer"": ""YES""}]"
1885551,1a526079-005b-40d1-9174-9d6f06869850.jpeg,"[{""question"": ""Did the student use the standard algorithm?"", ""answer"": ""YES""}]"
1885551,22fff9c0-a3b4-4012-b86e-a51a1472498a.jpeg,"[{""question"": ""Did the student use the standard algorithm?"", ""answer"": ""YES""}]"
1885551,33e3d136-18ae-4094-b5d7-eec51be827e7.jpeg,"[{""question"": ""Did the student use the standard algorithm?"", ""answer"": ""NO""}]"
1885654,5c33165a-3abe-4770-864e-6ea27603f5af.jpeg,"[{""question"": ""Did the student correctly represent that 121 students can get folders?"", ""answer"": ""YES""}, {""question"": ""Did the student correctly show there is no remainder?"", ""answer"": ""YES""}]"
1909401,1ed13584-5157-4903-a974-a08a77b616bf.jpeg,"[{""question"": ""Did the student correctly find there are 12 fourths in 3 wholes?"", ""answer"": ""YES""}]"
1909401,48fef66f-b5e8-4a97-842d-580da62cd562.jpeg,"[{""question"": ""Did the student correctly find there are 12 fourths in 3 wholes?"", ""answer"": ""YES""}]"
1909401,4edff3b6-5fcd-40e4-bc01-91f756319de5.jpeg,"[{""question"": ""Did the student correctly find there are 12 fourths in 3 wholes?"", ""answer"": ""NO""}]"
1909401,51eef373-5870-40c5-885f-67fb4ebaa0c3.jpeg,"[{""question"": ""Did the student correctly find there are 12 fourths in 3 wholes?"", ""answer"": ""YES""}]"
1909401,60db938f-f096-444e-a106-90cdb7de56a0.jpeg,"[{""question"": ""Did the student correctly find there are 12 fourths in 3 wholes?"", ""answer"": ""YES""}]"
1983434,243e783f-df54-48c4-8505-54108b9fa644.png,[]
1983434,2a4a6438-242f-49c4-b33a-29eddd3e3bbf.jpeg,[]
1983434,301c5041-7e66-44ef-92f3-a73f4368b007.png,[]
1983434,33ed5291-2bb5-484b-ba62-c3990e4f8226.png,[]
1983434,364dc6a7-d515-41bf-862e-3df5854b8fb2.png,[]
1991739,12521c08-1146-44f0-addd-94071a9deada.jpeg,"[{""question"": ""Did the student correctly represent that each student gets 4/5 of a cup of milk?"", ""answer"": ""YES""}]"
1991739,2dc55aa3-7443-4164-8a7c-f2b66075f85d.png,"[{""question"": ""Did the student correctly represent that each student gets 4/5 of a cup of milk?"", ""answer"": ""YES""}]"
1991739,368aa62b-e480-483e-95a6-2cb8c5272bbd.png,"[{""question"": ""Did the student correctly represent that each student gets 4/5 of a cup of milk?"", ""answer"": ""YES""}]"
1991739,41793328-6d8c-48b2-accf-295dfcd4d6ee.jpeg,"[{""question"": ""Did the student correctly represent that each student gets 4/5 of a cup of milk?"", ""answer"": ""YES""}]"
1991739,4a35f68e-6441-48db-a873-05a21deee621.jpeg,"[{""question"": ""Did the student correctly represent that each student gets 4/5 of a cup of milk?"", ""answer"": ""YES""}]"
